dataset,phase,strategy,seed,model,init_size,batch,budget,init_size_pct,budget_pct,batch_pct_of_budget,epc,final_labeled_target,step_type,step,labeled_count,split,train_loss,acc,f1_macro,auc,ap,val_mean,select_metric,is_best,tp,fp,tn,fn
octmnist,active,random,17,octmnist-final_active_best-random-init3p-batch3pb-epc5-budget30p-17.pth,2924,886,29243,3.0,30.0,3.0,5,32167,cycle,0,2924,val,0.4916,0.7798,0.7756,0.9192,0.9344,0.8522,mean,1,-1,-1,-1,-1
octmnist,active,random,17,octmnist-final_active_best-random-init3p-batch3pb-epc5-budget30p-17.pth,2924,886,29243,3.0,30.0,3.0,5,32167,cycle,1,3810,val,0.2849,0.8738,0.8736,0.9421,0.9537,0.9108,mean,1,-1,-1,-1,-1
octmnist,active,random,17,octmnist-final_active_best-random-init3p-batch3pb-epc5-budget30p-17.pth,2924,886,29243,3.0,30.0,3.0,5,32167,cycle,2,4696,val,0.2338,0.8057,0.7968,0.9489,0.9602,0.8779,mean,0,-1,-1,-1,-1
octmnist,active,random,17,octmnist-final_active_best-random-init3p-batch3pb-epc5-budget30p-17.pth,2924,886,29243,3.0,30.0,3.0,5,32167,cycle,3,5582,val,0.1941,0.7654,0.7478,0.9531,0.9634,0.8574,mean,0,-1,-1,-1,-1
octmnist,active,random,17,octmnist-final_active_best-random-init3p-batch3pb-epc5-budget30p-17.pth,2924,886,29243,3.0,30.0,3.0,5,32167,cycle,4,6468,val,0.1531,0.7761,0.762,0.9464,0.9586,0.8608,mean,0,-1,-1,-1,-1
octmnist,active,random,17,octmnist-final_active_best-random-init3p-batch3pb-epc5-budget30p-17.pth,2924,886,29243,3.0,30.0,3.0,5,32167,cycle,5,7354,val,0.1357,0.8182,0.8111,0.9496,0.9608,0.8849,mean,0,-1,-1,-1,-1
octmnist,active,random,17,octmnist-final_active_best-random-init3p-batch3pb-epc5-budget30p-17.pth,2924,886,29243,3.0,30.0,3.0,5,32167,cycle,6,8240,val,0.1135,0.8667,0.8662,0.9503,0.9638,0.9118,mean,1,-1,-1,-1,-1
octmnist,active,random,17,octmnist-final_active_best-random-init3p-batch3pb-epc5-budget30p-17.pth,2924,886,29243,3.0,30.0,3.0,5,32167,cycle,7,9126,val,0.092,0.825,0.818,0.9519,0.9563,0.8878,mean,0,-1,-1,-1,-1
octmnist,active,random,17,octmnist-final_active_best-random-init3p-batch3pb-epc5-budget30p-17.pth,2924,886,29243,3.0,30.0,3.0,5,32167,cycle,8,10012,val,0.0766,0.8657,0.8632,0.9558,0.9632,0.912,mean,1,-1,-1,-1,-1
octmnist,active,random,17,octmnist-final_active_best-random-init3p-batch3pb-epc5-budget30p-17.pth,2924,886,29243,3.0,30.0,3.0,5,32167,cycle,9,10898,val,0.0623,0.864,0.8615,0.9571,0.963,0.9114,mean,0,-1,-1,-1,-1
octmnist,active,random,17,octmnist-final_active_best-random-init3p-batch3pb-epc5-budget30p-17.pth,2924,886,29243,3.0,30.0,3.0,5,32167,cycle,10,11784,val,0.0543,0.9007,0.9007,0.964,0.9729,0.9346,mean,1,-1,-1,-1,-1
octmnist,active,random,17,octmnist-final_active_best-random-init3p-batch3pb-epc5-budget30p-17.pth,2924,886,29243,3.0,30.0,3.0,5,32167,cycle,11,12670,val,0.0503,0.8742,0.8724,0.9625,0.9717,0.9202,mean,0,-1,-1,-1,-1
octmnist,active,random,17,octmnist-final_active_best-random-init3p-batch3pb-epc5-budget30p-17.pth,2924,886,29243,3.0,30.0,3.0,5,32167,cycle,12,13556,val,0.0448,0.8909,0.8909,0.9537,0.964,0.9248,mean,0,-1,-1,-1,-1
octmnist,active,random,17,octmnist-final_active_best-random-init3p-batch3pb-epc5-budget30p-17.pth,2924,886,29243,3.0,30.0,3.0,5,32167,cycle,13,14442,val,0.0477,0.8971,0.8969,0.9586,0.9689,0.9304,mean,0,-1,-1,-1,-1
octmnist,active,random,17,octmnist-final_active_best-random-init3p-batch3pb-epc5-budget30p-17.pth,2924,886,29243,3.0,30.0,3.0,5,32167,cycle,14,15328,val,0.036,0.8998,0.8994,0.9614,0.9709,0.9329,mean,0,-1,-1,-1,-1
octmnist,active,random,17,octmnist-final_active_best-random-init3p-batch3pb-epc5-budget30p-17.pth,2924,886,29243,3.0,30.0,3.0,5,32167,cycle,15,16214,val,0.0344,0.9093,0.9093,0.9639,0.973,0.9389,mean,1,-1,-1,-1,-1
octmnist,active,random,17,octmnist-final_active_best-random-init3p-batch3pb-epc5-budget30p-17.pth,2924,886,29243,3.0,30.0,3.0,5,32167,cycle,16,17100,val,0.0474,0.9085,0.9083,0.9635,0.9728,0.9383,mean,0,-1,-1,-1,-1
octmnist,active,random,17,octmnist-final_active_best-random-init3p-batch3pb-epc5-budget30p-17.pth,2924,886,29243,3.0,30.0,3.0,5,32167,cycle,17,17986,val,0.0264,0.9074,0.9074,0.9635,0.9732,0.9379,mean,0,-1,-1,-1,-1
octmnist,active,random,17,octmnist-final_active_best-random-init3p-batch3pb-epc5-budget30p-17.pth,2924,886,29243,3.0,30.0,3.0,5,32167,cycle,18,18872,val,0.0264,0.9069,0.9069,0.9586,0.9687,0.9353,mean,0,-1,-1,-1,-1
octmnist,active,random,17,octmnist-final_active_best-random-init3p-batch3pb-epc5-budget30p-17.pth,2924,886,29243,3.0,30.0,3.0,5,32167,cycle,19,19758,val,0.0269,0.8643,0.8614,0.9611,0.9691,0.914,mean,0,-1,-1,-1,-1
octmnist,active,random,17,octmnist-final_active_best-random-init3p-batch3pb-epc5-budget30p-17.pth,2924,886,29243,3.0,30.0,3.0,5,32167,cycle,20,20644,val,0.0249,0.8807,0.8791,0.9651,0.9734,0.9246,mean,0,-1,-1,-1,-1
octmnist,active,random,17,octmnist-final_active_best-random-init3p-batch3pb-epc5-budget30p-17.pth,2924,886,29243,3.0,30.0,3.0,5,32167,cycle,21,21530,val,0.0234,0.9037,0.9037,0.9642,0.9731,0.9362,mean,0,-1,-1,-1,-1
octmnist,active,random,17,octmnist-final_active_best-random-init3p-batch3pb-epc5-budget30p-17.pth,2924,886,29243,3.0,30.0,3.0,5,32167,cycle,22,22416,val,0.0213,0.8948,0.894,0.9664,0.9742,0.9323,mean,0,-1,-1,-1,-1
octmnist,active,random,17,octmnist-final_active_best-random-init3p-batch3pb-epc5-budget30p-17.pth,2924,886,29243,3.0,30.0,3.0,5,32167,cycle,23,23302,val,0.0228,0.8967,0.8967,0.9642,0.9734,0.9328,mean,0,-1,-1,-1,-1
octmnist,active,random,17,octmnist-final_active_best-random-init3p-batch3pb-epc5-budget30p-17.pth,2924,886,29243,3.0,30.0,3.0,5,32167,cycle,24,24188,val,0.0878,0.9117,0.9115,0.9674,0.976,0.9417,mean,1,-1,-1,-1,-1
octmnist,active,random,17,octmnist-final_active_best-random-init3p-batch3pb-epc5-budget30p-17.pth,2924,886,29243,3.0,30.0,3.0,5,32167,cycle,25,25074,val,0.0162,0.9161,0.9159,0.968,0.976,0.944,mean,1,-1,-1,-1,-1
octmnist,active,random,17,octmnist-final_active_best-random-init3p-batch3pb-epc5-budget30p-17.pth,2924,886,29243,3.0,30.0,3.0,5,32167,cycle,26,25960,val,0.0182,0.9058,0.9058,0.966,0.975,0.9382,mean,0,-1,-1,-1,-1
octmnist,active,random,17,octmnist-final_active_best-random-init3p-batch3pb-epc5-budget30p-17.pth,2924,886,29243,3.0,30.0,3.0,5,32167,cycle,27,26846,val,0.0195,0.9138,0.9134,0.9703,0.9781,0.9439,mean,0,-1,-1,-1,-1
octmnist,active,random,17,octmnist-final_active_best-random-init3p-batch3pb-epc5-budget30p-17.pth,2924,886,29243,3.0,30.0,3.0,5,32167,cycle,28,27732,val,0.0186,0.9153,0.9153,0.9678,0.976,0.9436,mean,0,-1,-1,-1,-1
octmnist,active,random,17,octmnist-final_active_best-random-init3p-batch3pb-epc5-budget30p-17.pth,2924,886,29243,3.0,30.0,3.0,5,32167,cycle,29,28618,val,0.0184,0.9189,0.9188,0.9688,0.9774,0.946,mean,1,-1,-1,-1,-1
octmnist,active,random,17,octmnist-final_active_best-random-init3p-batch3pb-epc5-budget30p-17.pth,2924,886,29243,3.0,30.0,3.0,5,32167,cycle,30,29504,val,0.0168,0.9189,0.9189,0.9699,0.9779,0.9464,mean,1,-1,-1,-1,-1
octmnist,active,random,17,octmnist-final_active_best-random-init3p-batch3pb-epc5-budget30p-17.pth,2924,886,29243,3.0,30.0,3.0,5,32167,cycle,31,30390,val,0.0149,0.9194,0.9193,0.97,0.9779,0.9467,mean,1,-1,-1,-1,-1
octmnist,active,random,17,octmnist-final_active_best-random-init3p-batch3pb-epc5-budget30p-17.pth,2924,886,29243,3.0,30.0,3.0,5,32167,cycle,32,31276,val,0.0153,0.9126,0.9121,0.9709,0.9782,0.9435,mean,0,-1,-1,-1,-1
octmnist,active,random,17,octmnist-final_active_best-random-init3p-batch3pb-epc5-budget30p-17.pth,2924,886,29243,3.0,30.0,3.0,5,32167,cycle,33,32167,val,0.0142,0.921,0.921,0.9713,0.9789,0.9481,mean,1,-1,-1,-1,-1
octmnist,active,random,17,octmnist-final_active_best-random-init3p-batch3pb-epc5-budget30p-17.pth,2924,886,29243,3.0,30.0,3.0,5,32167,final,-1,32167,test,-1,0.852,0.8267,0.9475,0.983,,mean,-1,617,15,235,133
octmnist,active,random,246,octmnist-final_active_best-random-init3p-batch3pb-epc5-budget30p-246.pth,2924,886,29243,3.0,30.0,3.0,5,32167,cycle,0,2924,val,0.4764,0.8141,0.8126,0.9129,0.9323,0.868,mean,1,-1,-1,-1,-1
octmnist,active,random,246,octmnist-final_active_best-random-init3p-batch3pb-epc5-budget30p-246.pth,2924,886,29243,3.0,30.0,3.0,5,32167,cycle,1,3810,val,0.2826,0.8624,0.8621,0.9388,0.9547,0.9045,mean,1,-1,-1,-1,-1
octmnist,active,random,246,octmnist-final_active_best-random-init3p-batch3pb-epc5-budget30p-246.pth,2924,886,29243,3.0,30.0,3.0,5,32167,cycle,2,4696,val,0.2303,0.882,0.8813,0.9517,0.9623,0.9193,mean,1,-1,-1,-1,-1
octmnist,active,random,246,octmnist-final_active_best-random-init3p-batch3pb-epc5-budget30p-246.pth,2924,886,29243,3.0,30.0,3.0,5,32167,cycle,3,5582,val,0.1841,0.8103,0.8024,0.9455,0.9569,0.8788,mean,0,-1,-1,-1,-1
octmnist,active,random,246,octmnist-final_active_best-random-init3p-batch3pb-epc5-budget30p-246.pth,2924,886,29243,3.0,30.0,3.0,5,32167,cycle,4,6468,val,0.1575,0.8632,0.8632,0.9376,0.9537,0.9044,mean,0,-1,-1,-1,-1
octmnist,active,random,246,octmnist-final_active_best-random-init3p-batch3pb-epc5-budget30p-246.pth,2924,886,29243,3.0,30.0,3.0,5,32167,cycle,5,7354,val,0.1354,0.8903,0.8902,0.9514,0.9619,0.9235,mean,1,-1,-1,-1,-1
octmnist,active,random,246,octmnist-final_active_best-random-init3p-batch3pb-epc5-budget30p-246.pth,2924,886,29243,3.0,30.0,3.0,5,32167,cycle,6,8240,val,0.1087,0.8988,0.8988,0.9562,0.9678,0.9304,mean,1,-1,-1,-1,-1
octmnist,active,random,246,octmnist-final_active_best-random-init3p-batch3pb-epc5-budget30p-246.pth,2924,886,29243,3.0,30.0,3.0,5,32167,cycle,7,9126,val,0.0868,0.8941,0.8941,0.953,0.966,0.9268,mean,0,-1,-1,-1,-1
octmnist,active,random,246,octmnist-final_active_best-random-init3p-batch3pb-epc5-budget30p-246.pth,2924,886,29243,3.0,30.0,3.0,5,32167,cycle,8,10012,val,0.0745,0.886,0.885,0.9591,0.9682,0.9246,mean,0,-1,-1,-1,-1
octmnist,active,random,246,octmnist-final_active_best-random-init3p-batch3pb-epc5-budget30p-246.pth,2924,886,29243,3.0,30.0,3.0,5,32167,cycle,9,10898,val,0.0785,0.8705,0.8701,0.9498,0.9642,0.9136,mean,0,-1,-1,-1,-1
octmnist,active,random,246,octmnist-final_active_best-random-init3p-batch3pb-epc5-budget30p-246.pth,2924,886,29243,3.0,30.0,3.0,5,32167,cycle,10,11784,val,0.0511,0.8638,0.8615,0.9577,0.967,0.9125,mean,0,-1,-1,-1,-1
octmnist,active,random,246,octmnist-final_active_best-random-init3p-batch3pb-epc5-budget30p-246.pth,2924,886,29243,3.0,30.0,3.0,5,32167,cycle,11,12670,val,0.0472,0.9001,0.9001,0.9584,0.9689,0.9319,mean,1,-1,-1,-1,-1
octmnist,active,random,246,octmnist-final_active_best-random-init3p-batch3pb-epc5-budget30p-246.pth,2924,886,29243,3.0,30.0,3.0,5,32167,cycle,12,13556,val,0.0452,0.8879,0.8879,0.954,0.9651,0.9237,mean,0,-1,-1,-1,-1
octmnist,active,random,246,octmnist-final_active_best-random-init3p-batch3pb-epc5-budget30p-246.pth,2924,886,29243,3.0,30.0,3.0,5,32167,cycle,13,14442,val,0.0404,0.8898,0.8897,0.9584,0.9681,0.9265,mean,0,-1,-1,-1,-1
octmnist,active,random,246,octmnist-final_active_best-random-init3p-batch3pb-epc5-budget30p-246.pth,2924,886,29243,3.0,30.0,3.0,5,32167,cycle,14,15328,val,0.0342,0.9005,0.9004,0.9592,0.969,0.9323,mean,1,-1,-1,-1,-1
octmnist,active,random,246,octmnist-final_active_best-random-init3p-batch3pb-epc5-budget30p-246.pth,2924,886,29243,3.0,30.0,3.0,5,32167,cycle,15,16214,val,0.0325,0.908,0.9079,0.9632,0.973,0.938,mean,1,-1,-1,-1,-1
octmnist,active,random,246,octmnist-final_active_best-random-init3p-batch3pb-epc5-budget30p-246.pth,2924,886,29243,3.0,30.0,3.0,5,32167,cycle,16,17100,val,0.0289,0.9117,0.9116,0.9646,0.974,0.9404,mean,1,-1,-1,-1,-1
octmnist,active,random,246,octmnist-final_active_best-random-init3p-batch3pb-epc5-budget30p-246.pth,2924,886,29243,3.0,30.0,3.0,5,32167,cycle,17,17986,val,0.0291,0.8941,0.8933,0.9623,0.9716,0.9303,mean,0,-1,-1,-1,-1
octmnist,active,random,246,octmnist-final_active_best-random-init3p-batch3pb-epc5-budget30p-246.pth,2924,886,29243,3.0,30.0,3.0,5,32167,cycle,18,18872,val,0.0905,0.9089,0.9087,0.9654,0.9735,0.9391,mean,0,-1,-1,-1,-1
octmnist,active,random,246,octmnist-final_active_best-random-init3p-batch3pb-epc5-budget30p-246.pth,2924,886,29243,3.0,30.0,3.0,5,32167,cycle,19,19758,val,0.0217,0.8983,0.8974,0.9648,0.9731,0.9334,mean,0,-1,-1,-1,-1
octmnist,active,random,246,octmnist-final_active_best-random-init3p-batch3pb-epc5-budget30p-246.pth,2924,886,29243,3.0,30.0,3.0,5,32167,cycle,20,20644,val,0.0245,0.8455,0.8408,0.958,0.9654,0.9024,mean,0,-1,-1,-1,-1
octmnist,active,random,246,octmnist-final_active_best-random-init3p-batch3pb-epc5-budget30p-246.pth,2924,886,29243,3.0,30.0,3.0,5,32167,cycle,21,21530,val,0.025,0.9057,0.9053,0.9636,0.9716,0.9366,mean,0,-1,-1,-1,-1
octmnist,active,random,246,octmnist-final_active_best-random-init3p-batch3pb-epc5-budget30p-246.pth,2924,886,29243,3.0,30.0,3.0,5,32167,cycle,22,22416,val,0.0378,0.8821,0.8805,0.9629,0.9718,0.9243,mean,0,-1,-1,-1,-1
octmnist,active,random,246,octmnist-final_active_best-random-init3p-batch3pb-epc5-budget30p-246.pth,2924,886,29243,3.0,30.0,3.0,5,32167,cycle,23,23302,val,0.0221,0.9111,0.9111,0.9658,0.9746,0.9406,mean,1,-1,-1,-1,-1
octmnist,active,random,246,octmnist-final_active_best-random-init3p-batch3pb-epc5-budget30p-246.pth,2924,886,29243,3.0,30.0,3.0,5,32167,cycle,24,24188,val,0.0245,0.9108,0.9108,0.9645,0.974,0.94,mean,0,-1,-1,-1,-1
octmnist,active,random,246,octmnist-final_active_best-random-init3p-batch3pb-epc5-budget30p-246.pth,2924,886,29243,3.0,30.0,3.0,5,32167,cycle,25,25074,val,0.0206,0.9172,0.9171,0.9672,0.9761,0.9444,mean,1,-1,-1,-1,-1
octmnist,active,random,246,octmnist-final_active_best-random-init3p-batch3pb-epc5-budget30p-246.pth,2924,886,29243,3.0,30.0,3.0,5,32167,cycle,26,25960,val,0.0196,0.9083,0.9077,0.9688,0.977,0.9405,mean,0,-1,-1,-1,-1
octmnist,active,random,246,octmnist-final_active_best-random-init3p-batch3pb-epc5-budget30p-246.pth,2924,886,29243,3.0,30.0,3.0,5,32167,cycle,27,26846,val,0.0187,0.9111,0.9111,0.9649,0.9741,0.9403,mean,0,-1,-1,-1,-1
octmnist,active,random,246,octmnist-final_active_best-random-init3p-batch3pb-epc5-budget30p-246.pth,2924,886,29243,3.0,30.0,3.0,5,32167,cycle,28,27732,val,0.0177,0.9195,0.9193,0.9708,0.9778,0.9468,mean,1,-1,-1,-1,-1
octmnist,active,random,246,octmnist-final_active_best-random-init3p-batch3pb-epc5-budget30p-246.pth,2924,886,29243,3.0,30.0,3.0,5,32167,cycle,29,28618,val,0.0317,0.921,0.9209,0.969,0.9767,0.9469,mean,0,-1,-1,-1,-1
octmnist,active,random,246,octmnist-final_active_best-random-init3p-batch3pb-epc5-budget30p-246.pth,2924,886,29243,3.0,30.0,3.0,5,32167,cycle,30,29504,val,0.0129,0.9203,0.9202,0.969,0.9764,0.9465,mean,0,-1,-1,-1,-1
octmnist,active,random,246,octmnist-final_active_best-random-init3p-batch3pb-epc5-budget30p-246.pth,2924,886,29243,3.0,30.0,3.0,5,32167,cycle,31,30390,val,0.0157,0.9098,0.9093,0.9685,0.9762,0.9409,mean,0,-1,-1,-1,-1
octmnist,active,random,246,octmnist-final_active_best-random-init3p-batch3pb-epc5-budget30p-246.pth,2924,886,29243,3.0,30.0,3.0,5,32167,cycle,32,31276,val,0.0157,0.9224,0.9222,0.9701,0.9777,0.9481,mean,1,-1,-1,-1,-1
octmnist,active,random,246,octmnist-final_active_best-random-init3p-batch3pb-epc5-budget30p-246.pth,2924,886,29243,3.0,30.0,3.0,5,32167,cycle,33,32167,val,0.02,0.9098,0.9094,0.967,0.9758,0.9405,mean,0,-1,-1,-1,-1
octmnist,active,random,246,octmnist-final_active_best-random-init3p-batch3pb-epc5-budget30p-246.pth,2924,886,29243,3.0,30.0,3.0,5,32167,final,-1,31276,test,-1,0.864,0.8352,0.9389,0.9806,,mean,-1,641,27,223,109
octmnist,active,random,9012,octmnist-final_active_best-random-init3p-batch3pb-epc5-budget30p-9012.pth,2924,886,29243,3.0,30.0,3.0,5,32167,cycle,0,2924,val,0.4882,0.5831,0.5217,0.8765,0.9013,0.7207,mean,1,-1,-1,-1,-1
octmnist,active,random,9012,octmnist-final_active_best-random-init3p-batch3pb-epc5-budget30p-9012.pth,2924,886,29243,3.0,30.0,3.0,5,32167,cycle,1,3810,val,0.2672,0.8638,0.8636,0.9344,0.9464,0.9021,mean,1,-1,-1,-1,-1
octmnist,active,random,9012,octmnist-final_active_best-random-init3p-batch3pb-epc5-budget30p-9012.pth,2924,886,29243,3.0,30.0,3.0,5,32167,cycle,2,4696,val,0.2112,0.8453,0.8421,0.9472,0.9601,0.8987,mean,0,-1,-1,-1,-1
octmnist,active,random,9012,octmnist-final_active_best-random-init3p-batch3pb-epc5-budget30p-9012.pth,2924,886,29243,3.0,30.0,3.0,5,32167,cycle,3,5582,val,0.1756,0.8876,0.8874,0.9495,0.9623,0.9217,mean,1,-1,-1,-1,-1
octmnist,active,random,9012,octmnist-final_active_best-random-init3p-batch3pb-epc5-budget30p-9012.pth,2924,886,29243,3.0,30.0,3.0,5,32167,cycle,4,6468,val,0.1522,0.837,0.8326,0.9518,0.9619,0.8958,mean,0,-1,-1,-1,-1
octmnist,active,random,9012,octmnist-final_active_best-random-init3p-batch3pb-epc5-budget30p-9012.pth,2924,886,29243,3.0,30.0,3.0,5,32167,cycle,5,7354,val,0.1333,0.807,0.8036,0.9362,0.9534,0.875,mean,0,-1,-1,-1,-1
octmnist,active,random,9012,octmnist-final_active_best-random-init3p-batch3pb-epc5-budget30p-9012.pth,2924,886,29243,3.0,30.0,3.0,5,32167,cycle,6,8240,val,0.1046,0.856,0.8532,0.9516,0.9601,0.9052,mean,0,-1,-1,-1,-1
octmnist,active,random,9012,octmnist-final_active_best-random-init3p-batch3pb-epc5-budget30p-9012.pth,2924,886,29243,3.0,30.0,3.0,5,32167,cycle,7,9126,val,0.0968,0.8882,0.8882,0.9553,0.9662,0.9245,mean,1,-1,-1,-1,-1
octmnist,active,random,9012,octmnist-final_active_best-random-init3p-batch3pb-epc5-budget30p-9012.pth,2924,886,29243,3.0,30.0,3.0,5,32167,cycle,8,10012,val,0.1076,0.8562,0.8551,0.9341,0.943,0.8971,mean,0,-1,-1,-1,-1
octmnist,active,random,9012,octmnist-final_active_best-random-init3p-batch3pb-epc5-budget30p-9012.pth,2924,886,29243,3.0,30.0,3.0,5,32167,cycle,9,10898,val,0.0963,0.8976,0.8974,0.9583,0.9676,0.9302,mean,1,-1,-1,-1,-1
octmnist,active,random,9012,octmnist-final_active_best-random-init3p-batch3pb-epc5-budget30p-9012.pth,2924,886,29243,3.0,30.0,3.0,5,32167,cycle,10,11784,val,0.0547,0.89,0.8894,0.9579,0.9682,0.9264,mean,0,-1,-1,-1,-1
octmnist,active,random,9012,octmnist-final_active_best-random-init3p-batch3pb-epc5-budget30p-9012.pth,2924,886,29243,3.0,30.0,3.0,5,32167,cycle,11,12670,val,0.0482,0.8991,0.8991,0.9603,0.9696,0.932,mean,1,-1,-1,-1,-1
octmnist,active,random,9012,octmnist-final_active_best-random-init3p-batch3pb-epc5-budget30p-9012.pth,2924,886,29243,3.0,30.0,3.0,5,32167,cycle,12,13556,val,0.0447,0.9044,0.9044,0.9606,0.9689,0.9346,mean,1,-1,-1,-1,-1
octmnist,active,random,9012,octmnist-final_active_best-random-init3p-batch3pb-epc5-budget30p-9012.pth,2924,886,29243,3.0,30.0,3.0,5,32167,cycle,13,14442,val,0.0403,0.8712,0.871,0.9517,0.9631,0.9142,mean,0,-1,-1,-1,-1
octmnist,active,random,9012,octmnist-final_active_best-random-init3p-batch3pb-epc5-budget30p-9012.pth,2924,886,29243,3.0,30.0,3.0,5,32167,cycle,14,15328,val,0.0443,0.8931,0.8931,0.9577,0.9685,0.9281,mean,0,-1,-1,-1,-1
octmnist,active,random,9012,octmnist-final_active_best-random-init3p-batch3pb-epc5-budget30p-9012.pth,2924,886,29243,3.0,30.0,3.0,5,32167,cycle,15,16214,val,0.0321,0.8964,0.8956,0.9644,0.9715,0.932,mean,0,-1,-1,-1,-1
octmnist,active,random,9012,octmnist-final_active_best-random-init3p-batch3pb-epc5-budget30p-9012.pth,2924,886,29243,3.0,30.0,3.0,5,32167,cycle,16,17100,val,0.0343,0.8841,0.883,0.959,0.9682,0.9236,mean,0,-1,-1,-1,-1
octmnist,active,random,9012,octmnist-final_active_best-random-init3p-batch3pb-epc5-budget30p-9012.pth,2924,886,29243,3.0,30.0,3.0,5,32167,cycle,17,17986,val,0.0305,0.9149,0.9147,0.9651,0.9733,0.942,mean,1,-1,-1,-1,-1
octmnist,active,random,9012,octmnist-final_active_best-random-init3p-batch3pb-epc5-budget30p-9012.pth,2924,886,29243,3.0,30.0,3.0,5,32167,cycle,18,18872,val,0.027,0.9113,0.9113,0.9673,0.9759,0.9414,mean,0,-1,-1,-1,-1
octmnist,active,random,9012,octmnist-final_active_best-random-init3p-batch3pb-epc5-budget30p-9012.pth,2924,886,29243,3.0,30.0,3.0,5,32167,cycle,19,19758,val,0.0271,0.9086,0.9082,0.9655,0.9741,0.9391,mean,0,-1,-1,-1,-1
octmnist,active,random,9012,octmnist-final_active_best-random-init3p-batch3pb-epc5-budget30p-9012.pth,2924,886,29243,3.0,30.0,3.0,5,32167,cycle,20,20644,val,0.024,0.8573,0.8536,0.9657,0.9731,0.9124,mean,0,-1,-1,-1,-1
octmnist,active,random,9012,octmnist-final_active_best-random-init3p-batch3pb-epc5-budget30p-9012.pth,2924,886,29243,3.0,30.0,3.0,5,32167,cycle,21,21530,val,0.0228,0.9031,0.903,0.9636,0.9733,0.9357,mean,0,-1,-1,-1,-1
octmnist,active,random,9012,octmnist-final_active_best-random-init3p-batch3pb-epc5-budget30p-9012.pth,2924,886,29243,3.0,30.0,3.0,5,32167,cycle,22,22416,val,0.0223,0.9047,0.9047,0.9631,0.9719,0.9361,mean,0,-1,-1,-1,-1
octmnist,active,random,9012,octmnist-final_active_best-random-init3p-batch3pb-epc5-budget30p-9012.pth,2924,886,29243,3.0,30.0,3.0,5,32167,cycle,23,23302,val,0.0208,0.9141,0.9138,0.9684,0.9763,0.9432,mean,1,-1,-1,-1,-1
octmnist,active,random,9012,octmnist-final_active_best-random-init3p-batch3pb-epc5-budget30p-9012.pth,2924,886,29243,3.0,30.0,3.0,5,32167,cycle,24,24188,val,0.0198,0.9163,0.9161,0.9673,0.9761,0.944,mean,1,-1,-1,-1,-1
octmnist,active,random,9012,octmnist-final_active_best-random-init3p-batch3pb-epc5-budget30p-9012.pth,2924,886,29243,3.0,30.0,3.0,5,32167,cycle,25,25074,val,0.022,0.9046,0.9046,0.9624,0.9726,0.9361,mean,0,-1,-1,-1,-1
octmnist,active,random,9012,octmnist-final_active_best-random-init3p-batch3pb-epc5-budget30p-9012.pth,2924,886,29243,3.0,30.0,3.0,5,32167,cycle,26,25960,val,0.0174,0.9083,0.9076,0.9707,0.9776,0.9411,mean,0,-1,-1,-1,-1
octmnist,active,random,9012,octmnist-final_active_best-random-init3p-batch3pb-epc5-budget30p-9012.pth,2924,886,29243,3.0,30.0,3.0,5,32167,cycle,27,26846,val,0.0309,0.9187,0.9184,0.968,0.9765,0.9454,mean,1,-1,-1,-1,-1
octmnist,active,random,9012,octmnist-final_active_best-random-init3p-batch3pb-epc5-budget30p-9012.pth,2924,886,29243,3.0,30.0,3.0,5,32167,cycle,28,27732,val,0.0135,0.9143,0.9143,0.9671,0.9758,0.9429,mean,0,-1,-1,-1,-1
octmnist,active,random,9012,octmnist-final_active_best-random-init3p-batch3pb-epc5-budget30p-9012.pth,2924,886,29243,3.0,30.0,3.0,5,32167,cycle,29,28618,val,0.0169,0.9165,0.9164,0.9673,0.9764,0.9441,mean,0,-1,-1,-1,-1
octmnist,active,random,9012,octmnist-final_active_best-random-init3p-batch3pb-epc5-budget30p-9012.pth,2924,886,29243,3.0,30.0,3.0,5,32167,cycle,30,29504,val,0.016,0.9129,0.9125,0.9709,0.9782,0.9436,mean,0,-1,-1,-1,-1
octmnist,active,random,9012,octmnist-final_active_best-random-init3p-batch3pb-epc5-budget30p-9012.pth,2924,886,29243,3.0,30.0,3.0,5,32167,cycle,31,30390,val,0.0158,0.9189,0.9187,0.9713,0.9785,0.9469,mean,1,-1,-1,-1,-1
octmnist,active,random,9012,octmnist-final_active_best-random-init3p-batch3pb-epc5-budget30p-9012.pth,2924,886,29243,3.0,30.0,3.0,5,32167,cycle,32,31276,val,0.0147,0.9191,0.9189,0.9716,0.9782,0.947,mean,0,-1,-1,-1,-1
octmnist,active,random,9012,octmnist-final_active_best-random-init3p-batch3pb-epc5-budget30p-9012.pth,2924,886,29243,3.0,30.0,3.0,5,32167,cycle,33,32167,val,0.0145,0.9217,0.9217,0.9711,0.9785,0.9483,mean,1,-1,-1,-1,-1
octmnist,active,random,9012,octmnist-final_active_best-random-init3p-batch3pb-epc5-budget30p-9012.pth,2924,886,29243,3.0,30.0,3.0,5,32167,final,-1,32167,test,-1,0.846,0.8206,0.9445,0.9821,,mean,-1,611,15,235,139
octmnist,active,random,34895,octmnist-final_active_best-random-init3p-batch3pb-epc5-budget30p-34895.pth,2924,886,29243,3.0,30.0,3.0,5,32167,cycle,0,2924,val,0.4668,0.7184,0.7044,0.8839,0.9117,0.8046,mean,1,-1,-1,-1,-1
octmnist,active,random,34895,octmnist-final_active_best-random-init3p-batch3pb-epc5-budget30p-34895.pth,2924,886,29243,3.0,30.0,3.0,5,32167,cycle,1,3810,val,0.2465,0.6775,0.6286,0.9286,0.9368,0.7929,mean,0,-1,-1,-1,-1
octmnist,active,random,34895,octmnist-final_active_best-random-init3p-batch3pb-epc5-budget30p-34895.pth,2924,886,29243,3.0,30.0,3.0,5,32167,cycle,2,4696,val,0.2072,0.5941,0.4885,0.8964,0.9152,0.7236,mean,0,-1,-1,-1,-1
octmnist,active,random,34895,octmnist-final_active_best-random-init3p-batch3pb-epc5-budget30p-34895.pth,2924,886,29243,3.0,30.0,3.0,5,32167,cycle,3,5582,val,0.1758,0.866,0.8641,0.9541,0.9632,0.9118,mean,1,-1,-1,-1,-1
octmnist,active,random,34895,octmnist-final_active_best-random-init3p-batch3pb-epc5-budget30p-34895.pth,2924,886,29243,3.0,30.0,3.0,5,32167,cycle,4,6468,val,0.1358,0.8333,0.829,0.9438,0.9572,0.8908,mean,0,-1,-1,-1,-1
octmnist,active,random,34895,octmnist-final_active_best-random-init3p-batch3pb-epc5-budget30p-34895.pth,2924,886,29243,3.0,30.0,3.0,5,32167,cycle,5,7354,val,0.1114,0.7612,0.7429,0.9408,0.9465,0.8478,mean,0,-1,-1,-1,-1
octmnist,active,random,34895,octmnist-final_active_best-random-init3p-batch3pb-epc5-budget30p-34895.pth,2924,886,29243,3.0,30.0,3.0,5,32167,cycle,6,8240,val,0.0983,0.847,0.8442,0.9505,0.9629,0.9012,mean,0,-1,-1,-1,-1
octmnist,active,random,34895,octmnist-final_active_best-random-init3p-batch3pb-epc5-budget30p-34895.pth,2924,886,29243,3.0,30.0,3.0,5,32167,cycle,7,9126,val,0.1492,0.8996,0.8996,0.9572,0.9688,0.9313,mean,1,-1,-1,-1,-1
octmnist,active,random,34895,octmnist-final_active_best-random-init3p-batch3pb-epc5-budget30p-34895.pth,2924,886,29243,3.0,30.0,3.0,5,32167,cycle,8,10012,val,0.0772,0.7159,0.6835,0.9165,0.9129,0.8072,mean,0,-1,-1,-1,-1
octmnist,active,random,34895,octmnist-final_active_best-random-init3p-batch3pb-epc5-budget30p-34895.pth,2924,886,29243,3.0,30.0,3.0,5,32167,cycle,9,10898,val,0.0662,0.5856,0.4696,0.869,0.8756,0.6999,mean,0,-1,-1,-1,-1
octmnist,active,random,34895,octmnist-final_active_best-random-init3p-batch3pb-epc5-budget30p-34895.pth,2924,886,29243,3.0,30.0,3.0,5,32167,cycle,10,11784,val,0.052,0.881,0.8809,0.9471,0.9611,0.9175,mean,0,-1,-1,-1,-1
octmnist,active,random,34895,octmnist-final_active_best-random-init3p-batch3pb-epc5-budget30p-34895.pth,2924,886,29243,3.0,30.0,3.0,5,32167,cycle,11,12670,val,0.0495,0.8763,0.876,0.9526,0.9649,0.9175,mean,0,-1,-1,-1,-1
octmnist,active,random,34895,octmnist-final_active_best-random-init3p-batch3pb-epc5-budget30p-34895.pth,2924,886,29243,3.0,30.0,3.0,5,32167,cycle,12,13556,val,0.0438,0.8972,0.8971,0.9566,0.9673,0.9296,mean,0,-1,-1,-1,-1
octmnist,active,random,34895,octmnist-final_active_best-random-init3p-batch3pb-epc5-budget30p-34895.pth,2924,886,29243,3.0,30.0,3.0,5,32167,cycle,13,14442,val,0.0833,0.8988,0.8987,0.9563,0.9668,0.9301,mean,0,-1,-1,-1,-1
octmnist,active,random,34895,octmnist-final_active_best-random-init3p-batch3pb-epc5-budget30p-34895.pth,2924,886,29243,3.0,30.0,3.0,5,32167,cycle,14,15328,val,0.0364,0.8954,0.8948,0.9606,0.9706,0.9303,mean,0,-1,-1,-1,-1
octmnist,active,random,34895,octmnist-final_active_best-random-init3p-batch3pb-epc5-budget30p-34895.pth,2924,886,29243,3.0,30.0,3.0,5,32167,cycle,15,16214,val,0.032,0.8762,0.8745,0.9585,0.9675,0.9192,mean,0,-1,-1,-1,-1
octmnist,active,random,34895,octmnist-final_active_best-random-init3p-batch3pb-epc5-budget30p-34895.pth,2924,886,29243,3.0,30.0,3.0,5,32167,cycle,16,17100,val,0.0313,0.8752,0.8733,0.9592,0.967,0.9187,mean,0,-1,-1,-1,-1
octmnist,active,random,34895,octmnist-final_active_best-random-init3p-batch3pb-epc5-budget30p-34895.pth,2924,886,29243,3.0,30.0,3.0,5,32167,cycle,17,17986,val,0.0324,0.901,0.901,0.9607,0.9714,0.9335,mean,1,-1,-1,-1,-1
octmnist,active,random,34895,octmnist-final_active_best-random-init3p-batch3pb-epc5-budget30p-34895.pth,2924,886,29243,3.0,30.0,3.0,5,32167,cycle,18,18872,val,0.0262,0.9074,0.9073,0.9628,0.972,0.9374,mean,1,-1,-1,-1,-1
octmnist,active,random,34895,octmnist-final_active_best-random-init3p-batch3pb-epc5-budget30p-34895.pth,2924,886,29243,3.0,30.0,3.0,5,32167,cycle,19,19758,val,0.0474,0.859,0.8584,0.9488,0.9619,0.9071,mean,0,-1,-1,-1,-1
octmnist,active,random,34895,octmnist-final_active_best-random-init3p-batch3pb-epc5-budget30p-34895.pth,2924,886,29243,3.0,30.0,3.0,5,32167,cycle,20,20644,val,0.0363,0.9041,0.9041,0.963,0.9725,0.9359,mean,0,-1,-1,-1,-1
octmnist,active,random,34895,octmnist-final_active_best-random-init3p-batch3pb-epc5-budget30p-34895.pth,2924,886,29243,3.0,30.0,3.0,5,32167,cycle,21,21530,val,0.0214,0.9164,0.9163,0.9658,0.9743,0.9432,mean,1,-1,-1,-1,-1
octmnist,active,random,34895,octmnist-final_active_best-random-init3p-batch3pb-epc5-budget30p-34895.pth,2924,886,29243,3.0,30.0,3.0,5,32167,cycle,22,22416,val,0.0233,0.9133,0.9133,0.9649,0.9736,0.9413,mean,0,-1,-1,-1,-1
octmnist,active,random,34895,octmnist-final_active_best-random-init3p-batch3pb-epc5-budget30p-34895.pth,2924,886,29243,3.0,30.0,3.0,5,32167,cycle,23,23302,val,0.0343,0.9001,0.8995,0.9634,0.9705,0.9334,mean,0,-1,-1,-1,-1
octmnist,active,random,34895,octmnist-final_active_best-random-init3p-batch3pb-epc5-budget30p-34895.pth,2924,886,29243,3.0,30.0,3.0,5,32167,cycle,24,24188,val,0.0191,0.8889,0.8876,0.9641,0.9709,0.9279,mean,0,-1,-1,-1,-1
octmnist,active,random,34895,octmnist-final_active_best-random-init3p-batch3pb-epc5-budget30p-34895.pth,2924,886,29243,3.0,30.0,3.0,5,32167,cycle,25,25074,val,0.0205,0.9035,0.9029,0.9651,0.9722,0.9359,mean,0,-1,-1,-1,-1
octmnist,active,random,34895,octmnist-final_active_best-random-init3p-batch3pb-epc5-budget30p-34895.pth,2924,886,29243,3.0,30.0,3.0,5,32167,cycle,26,25960,val,0.0207,0.8706,0.868,0.9672,0.9747,0.9201,mean,0,-1,-1,-1,-1
octmnist,active,random,34895,octmnist-final_active_best-random-init3p-batch3pb-epc5-budget30p-34895.pth,2924,886,29243,3.0,30.0,3.0,5,32167,cycle,27,26846,val,0.0178,0.9149,0.9149,0.9673,0.9759,0.9432,mean,0,-1,-1,-1,-1
octmnist,active,random,34895,octmnist-final_active_best-random-init3p-batch3pb-epc5-budget30p-34895.pth,2924,886,29243,3.0,30.0,3.0,5,32167,cycle,28,27732,val,0.0169,0.9093,0.9093,0.9648,0.9744,0.9395,mean,0,-1,-1,-1,-1
octmnist,active,random,34895,octmnist-final_active_best-random-init3p-batch3pb-epc5-budget30p-34895.pth,2924,886,29243,3.0,30.0,3.0,5,32167,cycle,29,28618,val,0.0157,0.9187,0.9186,0.9702,0.978,0.9464,mean,1,-1,-1,-1,-1
octmnist,active,random,34895,octmnist-final_active_best-random-init3p-batch3pb-epc5-budget30p-34895.pth,2924,886,29243,3.0,30.0,3.0,5,32167,cycle,30,29504,val,0.0316,0.9113,0.9111,0.9661,0.9746,0.9408,mean,0,-1,-1,-1,-1
octmnist,active,random,34895,octmnist-final_active_best-random-init3p-batch3pb-epc5-budget30p-34895.pth,2924,886,29243,3.0,30.0,3.0,5,32167,cycle,31,30390,val,0.0128,0.9147,0.9145,0.9694,0.9766,0.9438,mean,0,-1,-1,-1,-1
octmnist,active,random,34895,octmnist-final_active_best-random-init3p-batch3pb-epc5-budget30p-34895.pth,2924,886,29243,3.0,30.0,3.0,5,32167,cycle,32,31276,val,0.0119,0.9189,0.9187,0.9678,0.9754,0.9452,mean,0,-1,-1,-1,-1
octmnist,active,random,34895,octmnist-final_active_best-random-init3p-batch3pb-epc5-budget30p-34895.pth,2924,886,29243,3.0,30.0,3.0,5,32167,cycle,33,32167,val,0.0137,0.9166,0.9165,0.9694,0.977,0.9449,mean,0,-1,-1,-1,-1
octmnist,active,random,34895,octmnist-final_active_best-random-init3p-batch3pb-epc5-budget30p-34895.pth,2924,886,29243,3.0,30.0,3.0,5,32167,final,-1,28618,test,-1,0.856,0.8269,0.944,0.9818,,mean,-1,633,27,223,117
octmnist,active,random,148932,octmnist-final_active_best-random-init3p-batch3pb-epc5-budget30p-148932.pth,2924,886,29243,3.0,30.0,3.0,5,32167,cycle,0,2924,val,0.5074,0.848,0.8479,0.9267,0.9381,0.8902,mean,1,-1,-1,-1,-1
octmnist,active,random,148932,octmnist-final_active_best-random-init3p-batch3pb-epc5-budget30p-148932.pth,2924,886,29243,3.0,30.0,3.0,5,32167,cycle,1,3810,val,0.2654,0.7608,0.753,0.9317,0.9475,0.8483,mean,0,-1,-1,-1,-1
octmnist,active,random,148932,octmnist-final_active_best-random-init3p-batch3pb-epc5-budget30p-148932.pth,2924,886,29243,3.0,30.0,3.0,5,32167,cycle,2,4696,val,0.2111,0.8651,0.865,0.9401,0.9553,0.9064,mean,1,-1,-1,-1,-1
octmnist,active,random,148932,octmnist-final_active_best-random-init3p-batch3pb-epc5-budget30p-148932.pth,2924,886,29243,3.0,30.0,3.0,5,32167,cycle,3,5582,val,0.1912,0.8578,0.8576,0.9402,0.9545,0.9025,mean,0,-1,-1,-1,-1
octmnist,active,random,148932,octmnist-final_active_best-random-init3p-batch3pb-epc5-budget30p-148932.pth,2924,886,29243,3.0,30.0,3.0,5,32167,cycle,4,6468,val,0.1506,0.8912,0.891,0.9537,0.9659,0.9254,mean,1,-1,-1,-1,-1
octmnist,active,random,148932,octmnist-final_active_best-random-init3p-batch3pb-epc5-budget30p-148932.pth,2924,886,29243,3.0,30.0,3.0,5,32167,cycle,5,7354,val,0.1246,0.6506,0.6187,0.8984,0.9197,0.7718,mean,0,-1,-1,-1,-1
octmnist,active,random,148932,octmnist-final_active_best-random-init3p-batch3pb-epc5-budget30p-148932.pth,2924,886,29243,3.0,30.0,3.0,5,32167,cycle,6,8240,val,0.125,0.8736,0.8735,0.9438,0.9593,0.9125,mean,0,-1,-1,-1,-1
octmnist,active,random,148932,octmnist-final_active_best-random-init3p-batch3pb-epc5-budget30p-148932.pth,2924,886,29243,3.0,30.0,3.0,5,32167,cycle,7,9126,val,0.0885,0.8888,0.8888,0.9558,0.9671,0.9251,mean,0,-1,-1,-1,-1
octmnist,active,random,148932,octmnist-final_active_best-random-init3p-batch3pb-epc5-budget30p-148932.pth,2924,886,29243,3.0,30.0,3.0,5,32167,cycle,8,10012,val,0.0703,0.7769,0.7635,0.9297,0.9423,0.8531,mean,0,-1,-1,-1,-1
octmnist,active,random,148932,octmnist-final_active_best-random-init3p-batch3pb-epc5-budget30p-148932.pth,2924,886,29243,3.0,30.0,3.0,5,32167,cycle,9,10898,val,0.2057,0.897,0.897,0.9574,0.9684,0.9299,mean,1,-1,-1,-1,-1
octmnist,active,random,148932,octmnist-final_active_best-random-init3p-batch3pb-epc5-budget30p-148932.pth,2924,886,29243,3.0,30.0,3.0,5,32167,cycle,10,11784,val,0.0767,0.899,0.8988,0.96,0.9688,0.9317,mean,1,-1,-1,-1,-1
octmnist,active,random,148932,octmnist-final_active_best-random-init3p-batch3pb-epc5-budget30p-148932.pth,2924,886,29243,3.0,30.0,3.0,5,32167,cycle,11,12670,val,0.0558,0.8946,0.8942,0.957,0.9675,0.9283,mean,0,-1,-1,-1,-1
octmnist,active,random,148932,octmnist-final_active_best-random-init3p-batch3pb-epc5-budget30p-148932.pth,2924,886,29243,3.0,30.0,3.0,5,32167,cycle,12,13556,val,0.0508,0.8862,0.8854,0.9583,0.9685,0.9246,mean,0,-1,-1,-1,-1
octmnist,active,random,148932,octmnist-final_active_best-random-init3p-batch3pb-epc5-budget30p-148932.pth,2924,886,29243,3.0,30.0,3.0,5,32167,cycle,13,14442,val,0.0433,0.8968,0.8967,0.9581,0.9684,0.93,mean,0,-1,-1,-1,-1
octmnist,active,random,148932,octmnist-final_active_best-random-init3p-batch3pb-epc5-budget30p-148932.pth,2924,886,29243,3.0,30.0,3.0,5,32167,cycle,14,15328,val,0.0421,0.8973,0.8971,0.9599,0.9704,0.9312,mean,0,-1,-1,-1,-1
octmnist,active,random,148932,octmnist-final_active_best-random-init3p-batch3pb-epc5-budget30p-148932.pth,2924,886,29243,3.0,30.0,3.0,5,32167,cycle,15,16214,val,0.035,0.8552,0.8523,0.9584,0.9685,0.9086,mean,0,-1,-1,-1,-1
octmnist,active,random,148932,octmnist-final_active_best-random-init3p-batch3pb-epc5-budget30p-148932.pth,2924,886,29243,3.0,30.0,3.0,5,32167,cycle,16,17100,val,0.0354,0.8979,0.8974,0.9632,0.9716,0.9325,mean,1,-1,-1,-1,-1
octmnist,active,random,148932,octmnist-final_active_best-random-init3p-batch3pb-epc5-budget30p-148932.pth,2924,886,29243,3.0,30.0,3.0,5,32167,cycle,17,17986,val,0.029,0.8954,0.8949,0.9602,0.9673,0.9294,mean,0,-1,-1,-1,-1
octmnist,active,random,148932,octmnist-final_active_best-random-init3p-batch3pb-epc5-budget30p-148932.pth,2924,886,29243,3.0,30.0,3.0,5,32167,cycle,18,18872,val,0.0288,0.9073,0.9073,0.9657,0.9748,0.9388,mean,1,-1,-1,-1,-1
octmnist,active,random,148932,octmnist-final_active_best-random-init3p-batch3pb-epc5-budget30p-148932.pth,2924,886,29243,3.0,30.0,3.0,5,32167,cycle,19,19758,val,0.0272,0.9072,0.9068,0.9671,0.9756,0.9392,mean,1,-1,-1,-1,-1
octmnist,active,random,148932,octmnist-final_active_best-random-init3p-batch3pb-epc5-budget30p-148932.pth,2924,886,29243,3.0,30.0,3.0,5,32167,cycle,20,20644,val,0.0244,0.909,0.9089,0.9647,0.9728,0.9389,mean,0,-1,-1,-1,-1
octmnist,active,random,148932,octmnist-final_active_best-random-init3p-batch3pb-epc5-budget30p-148932.pth,2924,886,29243,3.0,30.0,3.0,5,32167,cycle,21,21530,val,0.0263,0.8952,0.8943,0.9658,0.9735,0.9322,mean,0,-1,-1,-1,-1
octmnist,active,random,148932,octmnist-final_active_best-random-init3p-batch3pb-epc5-budget30p-148932.pth,2924,886,29243,3.0,30.0,3.0,5,32167,cycle,22,22416,val,0.0583,0.9117,0.9115,0.9636,0.9729,0.9399,mean,1,-1,-1,-1,-1
octmnist,active,random,148932,octmnist-final_active_best-random-init3p-batch3pb-epc5-budget30p-148932.pth,2924,886,29243,3.0,30.0,3.0,5,32167,cycle,23,23302,val,0.0241,0.9138,0.9137,0.966,0.9747,0.9421,mean,1,-1,-1,-1,-1
octmnist,active,random,148932,octmnist-final_active_best-random-init3p-batch3pb-epc5-budget30p-148932.pth,2924,886,29243,3.0,30.0,3.0,5,32167,cycle,24,24188,val,0.019,0.893,0.8929,0.962,0.972,0.93,mean,0,-1,-1,-1,-1
octmnist,active,random,148932,octmnist-final_active_best-random-init3p-batch3pb-epc5-budget30p-148932.pth,2924,886,29243,3.0,30.0,3.0,5,32167,cycle,25,25074,val,0.0211,0.9054,0.9054,0.9638,0.9731,0.9369,mean,0,-1,-1,-1,-1
octmnist,active,random,148932,octmnist-final_active_best-random-init3p-batch3pb-epc5-budget30p-148932.pth,2924,886,29243,3.0,30.0,3.0,5,32167,cycle,26,25960,val,0.0192,0.9115,0.9114,0.9657,0.9745,0.9408,mean,0,-1,-1,-1,-1
octmnist,active,random,148932,octmnist-final_active_best-random-init3p-batch3pb-epc5-budget30p-148932.pth,2924,886,29243,3.0,30.0,3.0,5,32167,cycle,27,26846,val,0.0181,0.9146,0.9145,0.9664,0.974,0.9424,mean,1,-1,-1,-1,-1
octmnist,active,random,148932,octmnist-final_active_best-random-init3p-batch3pb-epc5-budget30p-148932.pth,2924,886,29243,3.0,30.0,3.0,5,32167,cycle,28,27732,val,0.0189,0.9019,0.9011,0.9692,0.9766,0.9372,mean,0,-1,-1,-1,-1
octmnist,active,random,148932,octmnist-final_active_best-random-init3p-batch3pb-epc5-budget30p-148932.pth,2924,886,29243,3.0,30.0,3.0,5,32167,cycle,29,28618,val,0.0211,0.9189,0.9187,0.9709,0.9773,0.9465,mean,1,-1,-1,-1,-1
octmnist,active,random,148932,octmnist-final_active_best-random-init3p-batch3pb-epc5-budget30p-148932.pth,2924,886,29243,3.0,30.0,3.0,5,32167,cycle,30,29504,val,0.0156,0.9153,0.9153,0.9688,0.9765,0.944,mean,0,-1,-1,-1,-1
octmnist,active,random,148932,octmnist-final_active_best-random-init3p-batch3pb-epc5-budget30p-148932.pth,2924,886,29243,3.0,30.0,3.0,5,32167,cycle,31,30390,val,0.016,0.9118,0.9118,0.9706,0.9781,0.9431,mean,0,-1,-1,-1,-1
octmnist,active,random,148932,octmnist-final_active_best-random-init3p-batch3pb-epc5-budget30p-148932.pth,2924,886,29243,3.0,30.0,3.0,5,32167,cycle,32,31276,val,0.0155,0.9159,0.9159,0.9712,0.9782,0.9453,mean,0,-1,-1,-1,-1
octmnist,active,random,148932,octmnist-final_active_best-random-init3p-batch3pb-epc5-budget30p-148932.pth,2924,886,29243,3.0,30.0,3.0,5,32167,cycle,33,32167,val,0.0153,0.9201,0.9199,0.9717,0.979,0.9477,mean,1,-1,-1,-1,-1
octmnist,active,random,148932,octmnist-final_active_best-random-init3p-batch3pb-epc5-budget30p-148932.pth,2924,886,29243,3.0,30.0,3.0,5,32167,final,-1,32167,test,-1,0.879,0.8478,0.944,0.982,,mean,-1,666,37,213,84
octmnist,active,entropy,17,octmnist-final_active_best-entropy-init3p-batch3pb-epc5-budget30p-17.pth,2924,886,29243,3.0,30.0,3.0,5,32167,cycle,0,2924,val,0.4916,0.7798,0.7756,0.9192,0.9344,0.8522,mean,1,-1,-1,-1,-1
octmnist,active,entropy,17,octmnist-final_active_best-entropy-init3p-batch3pb-epc5-budget30p-17.pth,2924,886,29243,3.0,30.0,3.0,5,32167,cycle,1,3810,val,0.2925,0.8647,0.8646,0.938,0.9512,0.9046,mean,1,-1,-1,-1,-1
octmnist,active,entropy,17,octmnist-final_active_best-entropy-init3p-batch3pb-epc5-budget30p-17.pth,2924,886,29243,3.0,30.0,3.0,5,32167,cycle,2,4696,val,0.2723,0.8695,0.8684,0.9487,0.9608,0.9118,mean,1,-1,-1,-1,-1
octmnist,active,entropy,17,octmnist-final_active_best-entropy-init3p-batch3pb-epc5-budget30p-17.pth,2924,886,29243,3.0,30.0,3.0,5,32167,cycle,3,5582,val,0.2549,0.841,0.8396,0.9545,0.9655,0.9002,mean,0,-1,-1,-1,-1
octmnist,active,entropy,17,octmnist-final_active_best-entropy-init3p-batch3pb-epc5-budget30p-17.pth,2924,886,29243,3.0,30.0,3.0,5,32167,cycle,4,6468,val,0.1958,0.8981,0.8981,0.9565,0.9676,0.9301,mean,1,-1,-1,-1,-1
octmnist,active,entropy,17,octmnist-final_active_best-entropy-init3p-batch3pb-epc5-budget30p-17.pth,2924,886,29243,3.0,30.0,3.0,5,32167,cycle,5,7354,val,0.1934,0.8837,0.8827,0.9592,0.9708,0.9241,mean,0,-1,-1,-1,-1
octmnist,active,entropy,17,octmnist-final_active_best-entropy-init3p-batch3pb-epc5-budget30p-17.pth,2924,886,29243,3.0,30.0,3.0,5,32167,cycle,6,8240,val,0.16,0.9004,0.9003,0.9644,0.9744,0.9349,mean,1,-1,-1,-1,-1
octmnist,active,entropy,17,octmnist-final_active_best-entropy-init3p-batch3pb-epc5-budget30p-17.pth,2924,886,29243,3.0,30.0,3.0,5,32167,cycle,7,9126,val,0.195,0.9037,0.9037,0.9601,0.9718,0.9348,mean,0,-1,-1,-1,-1
octmnist,active,entropy,17,octmnist-final_active_best-entropy-init3p-batch3pb-epc5-budget30p-17.pth,2924,886,29243,3.0,30.0,3.0,5,32167,cycle,8,10012,val,0.1292,0.9025,0.9025,0.9688,0.977,0.9377,mean,1,-1,-1,-1,-1
octmnist,active,entropy,17,octmnist-final_active_best-entropy-init3p-batch3pb-epc5-budget30p-17.pth,2924,886,29243,3.0,30.0,3.0,5,32167,cycle,9,10898,val,0.1026,0.8737,0.8715,0.9647,0.9719,0.9204,mean,0,-1,-1,-1,-1
octmnist,active,entropy,17,octmnist-final_active_best-entropy-init3p-batch3pb-epc5-budget30p-17.pth,2924,886,29243,3.0,30.0,3.0,5,32167,cycle,10,11784,val,0.0845,0.8702,0.8696,0.9632,0.9738,0.9192,mean,0,-1,-1,-1,-1
octmnist,active,entropy,17,octmnist-final_active_best-entropy-init3p-batch3pb-epc5-budget30p-17.pth,2924,886,29243,3.0,30.0,3.0,5,32167,cycle,11,12670,val,0.0661,0.8552,0.8514,0.9661,0.9731,0.9114,mean,0,-1,-1,-1,-1
octmnist,active,entropy,17,octmnist-final_active_best-entropy-init3p-batch3pb-epc5-budget30p-17.pth,2924,886,29243,3.0,30.0,3.0,5,32167,cycle,12,13556,val,0.0654,0.8969,0.8968,0.9646,0.9739,0.9331,mean,0,-1,-1,-1,-1
octmnist,active,entropy,17,octmnist-final_active_best-entropy-init3p-batch3pb-epc5-budget30p-17.pth,2924,886,29243,3.0,30.0,3.0,5,32167,cycle,13,14442,val,0.169,0.9129,0.9128,0.9667,0.9759,0.9421,mean,1,-1,-1,-1,-1
octmnist,active,entropy,17,octmnist-final_active_best-entropy-init3p-batch3pb-epc5-budget30p-17.pth,2924,886,29243,3.0,30.0,3.0,5,32167,cycle,14,15328,val,0.165,0.9219,0.9218,0.9717,0.9789,0.9486,mean,1,-1,-1,-1,-1
octmnist,active,entropy,17,octmnist-final_active_best-entropy-init3p-batch3pb-epc5-budget30p-17.pth,2924,886,29243,3.0,30.0,3.0,5,32167,cycle,15,16214,val,0.0664,0.9205,0.9203,0.9724,0.9793,0.9481,mean,0,-1,-1,-1,-1
octmnist,active,entropy,17,octmnist-final_active_best-entropy-init3p-batch3pb-epc5-budget30p-17.pth,2924,886,29243,3.0,30.0,3.0,5,32167,cycle,16,17100,val,0.062,0.9291,0.929,0.9755,0.9818,0.9538,mean,1,-1,-1,-1,-1
octmnist,active,entropy,17,octmnist-final_active_best-entropy-init3p-batch3pb-epc5-budget30p-17.pth,2924,886,29243,3.0,30.0,3.0,5,32167,cycle,17,17986,val,0.0573,0.9263,0.9261,0.9733,0.9798,0.9514,mean,0,-1,-1,-1,-1
octmnist,active,entropy,17,octmnist-final_active_best-entropy-init3p-batch3pb-epc5-budget30p-17.pth,2924,886,29243,3.0,30.0,3.0,5,32167,cycle,18,18872,val,0.0573,0.924,0.924,0.9756,0.982,0.9514,mean,0,-1,-1,-1,-1
octmnist,active,entropy,17,octmnist-final_active_best-entropy-init3p-batch3pb-epc5-budget30p-17.pth,2924,886,29243,3.0,30.0,3.0,5,32167,cycle,19,19758,val,0.0499,0.9296,0.9292,0.9765,0.9825,0.9545,mean,1,-1,-1,-1,-1
octmnist,active,entropy,17,octmnist-final_active_best-entropy-init3p-batch3pb-epc5-budget30p-17.pth,2924,886,29243,3.0,30.0,3.0,5,32167,cycle,20,20644,val,0.0622,0.9291,0.9288,0.9769,0.9825,0.9543,mean,0,-1,-1,-1,-1
octmnist,active,entropy,17,octmnist-final_active_best-entropy-init3p-batch3pb-epc5-budget30p-17.pth,2924,886,29243,3.0,30.0,3.0,5,32167,cycle,21,21530,val,0.0415,0.9063,0.9052,0.9758,0.9814,0.9422,mean,0,-1,-1,-1,-1
octmnist,active,entropy,17,octmnist-final_active_best-entropy-init3p-batch3pb-epc5-budget30p-17.pth,2924,886,29243,3.0,30.0,3.0,5,32167,cycle,22,22416,val,0.0404,0.9377,0.9375,0.979,0.9844,0.9596,mean,1,-1,-1,-1,-1
octmnist,active,entropy,17,octmnist-final_active_best-entropy-init3p-batch3pb-epc5-budget30p-17.pth,2924,886,29243,3.0,30.0,3.0,5,32167,cycle,23,23302,val,0.0401,0.9371,0.9371,0.977,0.9833,0.9586,mean,0,-1,-1,-1,-1
octmnist,active,entropy,17,octmnist-final_active_best-entropy-init3p-batch3pb-epc5-budget30p-17.pth,2924,886,29243,3.0,30.0,3.0,5,32167,cycle,24,24188,val,0.1135,0.9156,0.9148,0.9773,0.9827,0.9476,mean,0,-1,-1,-1,-1
octmnist,active,entropy,17,octmnist-final_active_best-entropy-init3p-batch3pb-epc5-budget30p-17.pth,2924,886,29243,3.0,30.0,3.0,5,32167,cycle,25,25074,val,0.0288,0.9373,0.9373,0.9784,0.9847,0.9594,mean,0,-1,-1,-1,-1
octmnist,active,entropy,17,octmnist-final_active_best-entropy-init3p-batch3pb-epc5-budget30p-17.pth,2924,886,29243,3.0,30.0,3.0,5,32167,cycle,26,25960,val,0.0345,0.9404,0.9402,0.9809,0.9858,0.9618,mean,1,-1,-1,-1,-1
octmnist,active,entropy,17,octmnist-final_active_best-entropy-init3p-batch3pb-epc5-budget30p-17.pth,2924,886,29243,3.0,30.0,3.0,5,32167,cycle,27,26846,val,0.0362,0.9292,0.9287,0.9808,0.9855,0.9561,mean,0,-1,-1,-1,-1
octmnist,active,entropy,17,octmnist-final_active_best-entropy-init3p-batch3pb-epc5-budget30p-17.pth,2924,886,29243,3.0,30.0,3.0,5,32167,cycle,28,27732,val,0.0341,0.9394,0.9394,0.9794,0.9854,0.9609,mean,0,-1,-1,-1,-1
octmnist,active,entropy,17,octmnist-final_active_best-entropy-init3p-batch3pb-epc5-budget30p-17.pth,2924,886,29243,3.0,30.0,3.0,5,32167,cycle,29,28618,val,0.0309,0.9468,0.9467,0.9812,0.9864,0.9653,mean,1,-1,-1,-1,-1
octmnist,active,entropy,17,octmnist-final_active_best-entropy-init3p-batch3pb-epc5-budget30p-17.pth,2924,886,29243,3.0,30.0,3.0,5,32167,cycle,30,29504,val,0.0319,0.9322,0.9318,0.9815,0.9852,0.9577,mean,0,-1,-1,-1,-1
octmnist,active,entropy,17,octmnist-final_active_best-entropy-init3p-batch3pb-epc5-budget30p-17.pth,2924,886,29243,3.0,30.0,3.0,5,32167,cycle,31,30390,val,0.0272,0.9505,0.9505,0.9828,0.988,0.9679,mean,1,-1,-1,-1,-1
octmnist,active,entropy,17,octmnist-final_active_best-entropy-init3p-batch3pb-epc5-budget30p-17.pth,2924,886,29243,3.0,30.0,3.0,5,32167,cycle,32,31276,val,0.084,0.9485,0.9484,0.9831,0.988,0.967,mean,0,-1,-1,-1,-1
octmnist,active,entropy,17,octmnist-final_active_best-entropy-init3p-batch3pb-epc5-budget30p-17.pth,2924,886,29243,3.0,30.0,3.0,5,32167,cycle,33,32167,val,0.0289,0.9481,0.948,0.9823,0.9872,0.9664,mean,0,-1,-1,-1,-1
octmnist,active,entropy,17,octmnist-final_active_best-entropy-init3p-batch3pb-epc5-budget30p-17.pth,2924,886,29243,3.0,30.0,3.0,5,32167,final,-1,30390,test,-1,0.872,0.8464,0.9491,0.9841,,mean,-1,640,18,232,110
octmnist,active,entropy,246,octmnist-final_active_best-entropy-init3p-batch3pb-epc5-budget30p-246.pth,2924,886,29243,3.0,30.0,3.0,5,32167,cycle,0,2924,val,0.4764,0.8141,0.8126,0.9129,0.9323,0.868,mean,1,-1,-1,-1,-1
octmnist,active,entropy,246,octmnist-final_active_best-entropy-init3p-batch3pb-epc5-budget30p-246.pth,2924,886,29243,3.0,30.0,3.0,5,32167,cycle,1,3810,val,0.3022,0.8157,0.8132,0.9334,0.951,0.8783,mean,1,-1,-1,-1,-1
octmnist,active,entropy,246,octmnist-final_active_best-entropy-init3p-batch3pb-epc5-budget30p-246.pth,2924,886,29243,3.0,30.0,3.0,5,32167,cycle,2,4696,val,0.2258,0.8203,0.8138,0.9506,0.9614,0.8866,mean,1,-1,-1,-1,-1
octmnist,active,entropy,246,octmnist-final_active_best-entropy-init3p-batch3pb-epc5-budget30p-246.pth,2924,886,29243,3.0,30.0,3.0,5,32167,cycle,3,5582,val,0.2039,0.6949,0.6541,0.9335,0.9381,0.8051,mean,0,-1,-1,-1,-1
octmnist,active,entropy,246,octmnist-final_active_best-entropy-init3p-batch3pb-epc5-budget30p-246.pth,2924,886,29243,3.0,30.0,3.0,5,32167,cycle,4,6468,val,0.1558,0.8822,0.8812,0.9574,0.9683,0.9223,mean,1,-1,-1,-1,-1
octmnist,active,entropy,246,octmnist-final_active_best-entropy-init3p-batch3pb-epc5-budget30p-246.pth,2924,886,29243,3.0,30.0,3.0,5,32167,cycle,5,7354,val,0.1697,0.8903,0.89,0.9551,0.9663,0.9254,mean,1,-1,-1,-1,-1
octmnist,active,entropy,246,octmnist-final_active_best-entropy-init3p-batch3pb-epc5-budget30p-246.pth,2924,886,29243,3.0,30.0,3.0,5,32167,cycle,6,8240,val,0.1644,0.8872,0.8867,0.955,0.9671,0.924,mean,0,-1,-1,-1,-1
octmnist,active,entropy,246,octmnist-final_active_best-entropy-init3p-batch3pb-epc5-budget30p-246.pth,2924,886,29243,3.0,30.0,3.0,5,32167,cycle,7,9126,val,0.1446,0.8971,0.897,0.9573,0.9679,0.9298,mean,1,-1,-1,-1,-1
octmnist,active,entropy,246,octmnist-final_active_best-entropy-init3p-batch3pb-epc5-budget30p-246.pth,2924,886,29243,3.0,30.0,3.0,5,32167,cycle,8,10012,val,0.1835,0.8541,0.8502,0.9643,0.9716,0.9101,mean,0,-1,-1,-1,-1
octmnist,active,entropy,246,octmnist-final_active_best-entropy-init3p-batch3pb-epc5-budget30p-246.pth,2924,886,29243,3.0,30.0,3.0,5,32167,cycle,9,10898,val,0.0992,0.8969,0.8962,0.9615,0.9675,0.9305,mean,1,-1,-1,-1,-1
octmnist,active,entropy,246,octmnist-final_active_best-entropy-init3p-batch3pb-epc5-budget30p-246.pth,2924,886,29243,3.0,30.0,3.0,5,32167,cycle,10,11784,val,0.0921,0.9046,0.9042,0.9601,0.9674,0.9341,mean,1,-1,-1,-1,-1
octmnist,active,entropy,246,octmnist-final_active_best-entropy-init3p-batch3pb-epc5-budget30p-246.pth,2924,886,29243,3.0,30.0,3.0,5,32167,cycle,11,12670,val,0.0823,0.9114,0.9112,0.9619,0.9693,0.9384,mean,1,-1,-1,-1,-1
octmnist,active,entropy,246,octmnist-final_active_best-entropy-init3p-batch3pb-epc5-budget30p-246.pth,2924,886,29243,3.0,30.0,3.0,5,32167,cycle,12,13556,val,0.0715,0.8638,0.8605,0.9625,0.9661,0.9132,mean,0,-1,-1,-1,-1
octmnist,active,entropy,246,octmnist-final_active_best-entropy-init3p-batch3pb-epc5-budget30p-246.pth,2924,886,29243,3.0,30.0,3.0,5,32167,cycle,13,14442,val,0.0653,0.9224,0.9222,0.9702,0.978,0.9482,mean,1,-1,-1,-1,-1
octmnist,active,entropy,246,octmnist-final_active_best-entropy-init3p-batch3pb-epc5-budget30p-246.pth,2924,886,29243,3.0,30.0,3.0,5,32167,cycle,14,15328,val,0.0653,0.9082,0.9082,0.9665,0.9734,0.9391,mean,0,-1,-1,-1,-1
octmnist,active,entropy,246,octmnist-final_active_best-entropy-init3p-batch3pb-epc5-budget30p-246.pth,2924,886,29243,3.0,30.0,3.0,5,32167,cycle,15,16214,val,0.281,0.9171,0.9168,0.9702,0.9771,0.9453,mean,0,-1,-1,-1,-1
octmnist,active,entropy,246,octmnist-final_active_best-entropy-init3p-batch3pb-epc5-budget30p-246.pth,2924,886,29243,3.0,30.0,3.0,5,32167,cycle,16,17100,val,0.0563,0.8824,0.8803,0.9667,0.9719,0.9253,mean,0,-1,-1,-1,-1
octmnist,active,entropy,246,octmnist-final_active_best-entropy-init3p-batch3pb-epc5-budget30p-246.pth,2924,886,29243,3.0,30.0,3.0,5,32167,cycle,17,17986,val,0.1116,0.9235,0.9232,0.9716,0.9779,0.9491,mean,1,-1,-1,-1,-1
octmnist,active,entropy,246,octmnist-final_active_best-entropy-init3p-batch3pb-epc5-budget30p-246.pth,2924,886,29243,3.0,30.0,3.0,5,32167,cycle,18,18872,val,0.0869,0.9264,0.9263,0.9715,0.9789,0.9508,mean,1,-1,-1,-1,-1
octmnist,active,entropy,246,octmnist-final_active_best-entropy-init3p-batch3pb-epc5-budget30p-246.pth,2924,886,29243,3.0,30.0,3.0,5,32167,cycle,19,19758,val,0.0471,0.9239,0.9236,0.9746,0.9802,0.9506,mean,0,-1,-1,-1,-1
octmnist,active,entropy,246,octmnist-final_active_best-entropy-init3p-batch3pb-epc5-budget30p-246.pth,2924,886,29243,3.0,30.0,3.0,5,32167,cycle,20,20644,val,0.0472,0.9116,0.9115,0.9704,0.9789,0.9431,mean,0,-1,-1,-1,-1
octmnist,active,entropy,246,octmnist-final_active_best-entropy-init3p-batch3pb-epc5-budget30p-246.pth,2924,886,29243,3.0,30.0,3.0,5,32167,cycle,21,21530,val,0.0448,0.9281,0.9281,0.9746,0.9809,0.9529,mean,1,-1,-1,-1,-1
octmnist,active,entropy,246,octmnist-final_active_best-entropy-init3p-batch3pb-epc5-budget30p-246.pth,2924,886,29243,3.0,30.0,3.0,5,32167,cycle,22,22416,val,0.0436,0.9345,0.9345,0.977,0.983,0.9573,mean,1,-1,-1,-1,-1
octmnist,active,entropy,246,octmnist-final_active_best-entropy-init3p-batch3pb-epc5-budget30p-246.pth,2924,886,29243,3.0,30.0,3.0,5,32167,cycle,23,23302,val,0.0425,0.938,0.9379,0.9773,0.9834,0.9591,mean,1,-1,-1,-1,-1
octmnist,active,entropy,246,octmnist-final_active_best-entropy-init3p-batch3pb-epc5-budget30p-246.pth,2924,886,29243,3.0,30.0,3.0,5,32167,cycle,24,24188,val,0.0443,0.9237,0.9233,0.9752,0.9814,0.9509,mean,0,-1,-1,-1,-1
octmnist,active,entropy,246,octmnist-final_active_best-entropy-init3p-batch3pb-epc5-budget30p-246.pth,2924,886,29243,3.0,30.0,3.0,5,32167,cycle,25,25074,val,0.0359,0.9347,0.9345,0.9785,0.9838,0.9579,mean,0,-1,-1,-1,-1
octmnist,active,entropy,246,octmnist-final_active_best-entropy-init3p-batch3pb-epc5-budget30p-246.pth,2924,886,29243,3.0,30.0,3.0,5,32167,cycle,26,25960,val,0.0351,0.9403,0.9402,0.9794,0.9847,0.9611,mean,1,-1,-1,-1,-1
octmnist,active,entropy,246,octmnist-final_active_best-entropy-init3p-batch3pb-epc5-budget30p-246.pth,2924,886,29243,3.0,30.0,3.0,5,32167,cycle,27,26846,val,0.3683,0.9387,0.9385,0.979,0.9837,0.96,mean,0,-1,-1,-1,-1
octmnist,active,entropy,246,octmnist-final_active_best-entropy-init3p-batch3pb-epc5-budget30p-246.pth,2924,886,29243,3.0,30.0,3.0,5,32167,cycle,28,27732,val,0.0371,0.9387,0.9385,0.9789,0.9839,0.96,mean,0,-1,-1,-1,-1
octmnist,active,entropy,246,octmnist-final_active_best-entropy-init3p-batch3pb-epc5-budget30p-246.pth,2924,886,29243,3.0,30.0,3.0,5,32167,cycle,29,28618,val,0.0322,0.9272,0.9267,0.9788,0.9829,0.9539,mean,0,-1,-1,-1,-1
octmnist,active,entropy,246,octmnist-final_active_best-entropy-init3p-batch3pb-epc5-budget30p-246.pth,2924,886,29243,3.0,30.0,3.0,5,32167,cycle,30,29504,val,0.0326,0.9429,0.9429,0.9794,0.9843,0.9624,mean,1,-1,-1,-1,-1
octmnist,active,entropy,246,octmnist-final_active_best-entropy-init3p-batch3pb-epc5-budget30p-246.pth,2924,886,29243,3.0,30.0,3.0,5,32167,cycle,31,30390,val,0.0306,0.9389,0.9389,0.9778,0.9839,0.9599,mean,0,-1,-1,-1,-1
octmnist,active,entropy,246,octmnist-final_active_best-entropy-init3p-batch3pb-epc5-budget30p-246.pth,2924,886,29243,3.0,30.0,3.0,5,32167,cycle,32,31276,val,0.0294,0.9172,0.9165,0.9757,0.982,0.9479,mean,0,-1,-1,-1,-1
octmnist,active,entropy,246,octmnist-final_active_best-entropy-init3p-batch3pb-epc5-budget30p-246.pth,2924,886,29243,3.0,30.0,3.0,5,32167,cycle,33,32167,val,0.0894,0.9452,0.945,0.9801,0.9851,0.9638,mean,1,-1,-1,-1,-1
octmnist,active,entropy,246,octmnist-final_active_best-entropy-init3p-batch3pb-epc5-budget30p-246.pth,2924,886,29243,3.0,30.0,3.0,5,32167,final,-1,32167,test,-1,0.884,0.8565,0.9451,0.9808,,mean,-1,661,27,223,89
octmnist,active,entropy,9012,octmnist-final_active_best-entropy-init3p-batch3pb-epc5-budget30p-9012.pth,2924,886,29243,3.0,30.0,3.0,5,32167,cycle,0,2924,val,0.4882,0.5831,0.5217,0.8765,0.9013,0.7207,mean,1,-1,-1,-1,-1
octmnist,active,entropy,9012,octmnist-final_active_best-entropy-init3p-batch3pb-epc5-budget30p-9012.pth,2924,886,29243,3.0,30.0,3.0,5,32167,cycle,1,3810,val,0.2269,0.8722,0.8721,0.9381,0.9513,0.9084,mean,1,-1,-1,-1,-1
octmnist,active,entropy,9012,octmnist-final_active_best-entropy-init3p-batch3pb-epc5-budget30p-9012.pth,2924,886,29243,3.0,30.0,3.0,5,32167,cycle,2,4696,val,0.2594,0.8857,0.8856,0.9462,0.9594,0.9192,mean,1,-1,-1,-1,-1
octmnist,active,entropy,9012,octmnist-final_active_best-entropy-init3p-batch3pb-epc5-budget30p-9012.pth,2924,886,29243,3.0,30.0,3.0,5,32167,cycle,3,5582,val,0.2606,0.7424,0.7322,0.9236,0.9424,0.8352,mean,0,-1,-1,-1,-1
octmnist,active,entropy,9012,octmnist-final_active_best-entropy-init3p-batch3pb-epc5-budget30p-9012.pth,2924,886,29243,3.0,30.0,3.0,5,32167,cycle,4,6468,val,0.1742,0.8547,0.8538,0.9537,0.9663,0.9071,mean,0,-1,-1,-1,-1
octmnist,active,entropy,9012,octmnist-final_active_best-entropy-init3p-batch3pb-epc5-budget30p-9012.pth,2924,886,29243,3.0,30.0,3.0,5,32167,cycle,5,7354,val,0.1461,0.8959,0.8958,0.9544,0.9667,0.9282,mean,1,-1,-1,-1,-1
octmnist,active,entropy,9012,octmnist-final_active_best-entropy-init3p-batch3pb-epc5-budget30p-9012.pth,2924,886,29243,3.0,30.0,3.0,5,32167,cycle,6,8240,val,0.1492,0.9025,0.9025,0.9579,0.9684,0.9328,mean,1,-1,-1,-1,-1
octmnist,active,entropy,9012,octmnist-final_active_best-entropy-init3p-batch3pb-epc5-budget30p-9012.pth,2924,886,29243,3.0,30.0,3.0,5,32167,cycle,7,9126,val,0.1361,0.9093,0.9091,0.963,0.9728,0.9385,mean,1,-1,-1,-1,-1
octmnist,active,entropy,9012,octmnist-final_active_best-entropy-init3p-batch3pb-epc5-budget30p-9012.pth,2924,886,29243,3.0,30.0,3.0,5,32167,cycle,8,10012,val,0.141,0.8996,0.8996,0.9583,0.9696,0.9318,mean,0,-1,-1,-1,-1
octmnist,active,entropy,9012,octmnist-final_active_best-entropy-init3p-batch3pb-epc5-budget30p-9012.pth,2924,886,29243,3.0,30.0,3.0,5,32167,cycle,9,10898,val,0.1072,0.9093,0.9093,0.9588,0.9711,0.9371,mean,0,-1,-1,-1,-1
octmnist,active,entropy,9012,octmnist-final_active_best-entropy-init3p-batch3pb-epc5-budget30p-9012.pth,2924,886,29243,3.0,30.0,3.0,5,32167,cycle,10,11784,val,0.0936,0.9145,0.9144,0.9664,0.9753,0.9427,mean,1,-1,-1,-1,-1
octmnist,active,entropy,9012,octmnist-final_active_best-entropy-init3p-batch3pb-epc5-budget30p-9012.pth,2924,886,29243,3.0,30.0,3.0,5,32167,cycle,11,12670,val,0.0823,0.9174,0.9173,0.9655,0.9731,0.9433,mean,1,-1,-1,-1,-1
octmnist,active,entropy,9012,octmnist-final_active_best-entropy-init3p-batch3pb-epc5-budget30p-9012.pth,2924,886,29243,3.0,30.0,3.0,5,32167,cycle,12,13556,val,0.0749,0.9142,0.914,0.9674,0.9758,0.9428,mean,0,-1,-1,-1,-1
octmnist,active,entropy,9012,octmnist-final_active_best-entropy-init3p-batch3pb-epc5-budget30p-9012.pth,2924,886,29243,3.0,30.0,3.0,5,32167,cycle,13,14442,val,0.0683,0.9226,0.9226,0.9695,0.9777,0.9481,mean,1,-1,-1,-1,-1
octmnist,active,entropy,9012,octmnist-final_active_best-entropy-init3p-batch3pb-epc5-budget30p-9012.pth,2924,886,29243,3.0,30.0,3.0,5,32167,cycle,14,15328,val,0.3635,0.9027,0.9022,0.9651,0.974,0.936,mean,0,-1,-1,-1,-1
octmnist,active,entropy,9012,octmnist-final_active_best-entropy-init3p-batch3pb-epc5-budget30p-9012.pth,2924,886,29243,3.0,30.0,3.0,5,32167,cycle,15,16214,val,0.1396,0.9215,0.9213,0.9695,0.9767,0.9473,mean,0,-1,-1,-1,-1
octmnist,active,entropy,9012,octmnist-final_active_best-entropy-init3p-batch3pb-epc5-budget30p-9012.pth,2924,886,29243,3.0,30.0,3.0,5,32167,cycle,16,17100,val,0.0609,0.9222,0.9218,0.9703,0.9744,0.9472,mean,0,-1,-1,-1,-1
octmnist,active,entropy,9012,octmnist-final_active_best-entropy-init3p-batch3pb-epc5-budget30p-9012.pth,2924,886,29243,3.0,30.0,3.0,5,32167,cycle,17,17986,val,0.0585,0.9058,0.905,0.971,0.9761,0.9395,mean,0,-1,-1,-1,-1
octmnist,active,entropy,9012,octmnist-final_active_best-entropy-init3p-batch3pb-epc5-budget30p-9012.pth,2924,886,29243,3.0,30.0,3.0,5,32167,cycle,18,18872,val,0.0527,0.9275,0.9273,0.9719,0.9774,0.951,mean,1,-1,-1,-1,-1
octmnist,active,entropy,9012,octmnist-final_active_best-entropy-init3p-batch3pb-epc5-budget30p-9012.pth,2924,886,29243,3.0,30.0,3.0,5,32167,cycle,19,19758,val,0.0947,0.9096,0.9088,0.9725,0.9774,0.9421,mean,0,-1,-1,-1,-1
octmnist,active,entropy,9012,octmnist-final_active_best-entropy-init3p-batch3pb-epc5-budget30p-9012.pth,2924,886,29243,3.0,30.0,3.0,5,32167,cycle,20,20644,val,0.042,0.9284,0.9284,0.9735,0.9805,0.9527,mean,1,-1,-1,-1,-1
octmnist,active,entropy,9012,octmnist-final_active_best-entropy-init3p-batch3pb-epc5-budget30p-9012.pth,2924,886,29243,3.0,30.0,3.0,5,32167,cycle,21,21530,val,0.0473,0.9281,0.9281,0.9746,0.9816,0.9531,mean,1,-1,-1,-1,-1
octmnist,active,entropy,9012,octmnist-final_active_best-entropy-init3p-batch3pb-epc5-budget30p-9012.pth,2924,886,29243,3.0,30.0,3.0,5,32167,cycle,22,22416,val,0.0422,0.9274,0.9271,0.9746,0.9794,0.9521,mean,0,-1,-1,-1,-1
octmnist,active,entropy,9012,octmnist-final_active_best-entropy-init3p-batch3pb-epc5-budget30p-9012.pth,2924,886,29243,3.0,30.0,3.0,5,32167,cycle,23,23302,val,0.0436,0.9393,0.9393,0.9756,0.9815,0.9589,mean,1,-1,-1,-1,-1
octmnist,active,entropy,9012,octmnist-final_active_best-entropy-init3p-batch3pb-epc5-budget30p-9012.pth,2924,886,29243,3.0,30.0,3.0,5,32167,cycle,24,24188,val,0.0403,0.9329,0.9328,0.9744,0.9811,0.9553,mean,0,-1,-1,-1,-1
octmnist,active,entropy,9012,octmnist-final_active_best-entropy-init3p-batch3pb-epc5-budget30p-9012.pth,2924,886,29243,3.0,30.0,3.0,5,32167,cycle,25,25074,val,0.0386,0.9399,0.9399,0.9779,0.9832,0.9602,mean,1,-1,-1,-1,-1
octmnist,active,entropy,9012,octmnist-final_active_best-entropy-init3p-batch3pb-epc5-budget30p-9012.pth,2924,886,29243,3.0,30.0,3.0,5,32167,cycle,26,25960,val,0.0354,0.9354,0.9353,0.9771,0.983,0.9577,mean,0,-1,-1,-1,-1
octmnist,active,entropy,9012,octmnist-final_active_best-entropy-init3p-batch3pb-epc5-budget30p-9012.pth,2924,886,29243,3.0,30.0,3.0,5,32167,cycle,27,26846,val,0.0319,0.942,0.9419,0.9783,0.9831,0.9614,mean,1,-1,-1,-1,-1
octmnist,active,entropy,9012,octmnist-final_active_best-entropy-init3p-batch3pb-epc5-budget30p-9012.pth,2924,886,29243,3.0,30.0,3.0,5,32167,cycle,28,27732,val,0.0321,0.9392,0.9389,0.9769,0.9796,0.9587,mean,0,-1,-1,-1,-1
octmnist,active,entropy,9012,octmnist-final_active_best-entropy-init3p-batch3pb-epc5-budget30p-9012.pth,2924,886,29243,3.0,30.0,3.0,5,32167,cycle,29,28618,val,0.0305,0.9442,0.9442,0.9791,0.984,0.9629,mean,1,-1,-1,-1,-1
octmnist,active,entropy,9012,octmnist-final_active_best-entropy-init3p-batch3pb-epc5-budget30p-9012.pth,2924,886,29243,3.0,30.0,3.0,5,32167,cycle,30,29504,val,0.0272,0.9408,0.9406,0.98,0.9844,0.9614,mean,0,-1,-1,-1,-1
octmnist,active,entropy,9012,octmnist-final_active_best-entropy-init3p-batch3pb-epc5-budget30p-9012.pth,2924,886,29243,3.0,30.0,3.0,5,32167,cycle,31,30390,val,0.0274,0.9453,0.9451,0.9808,0.9856,0.9642,mean,1,-1,-1,-1,-1
octmnist,active,entropy,9012,octmnist-final_active_best-entropy-init3p-batch3pb-epc5-budget30p-9012.pth,2924,886,29243,3.0,30.0,3.0,5,32167,cycle,32,31276,val,0.0348,0.9449,0.9447,0.9803,0.9842,0.9635,mean,0,-1,-1,-1,-1
octmnist,active,entropy,9012,octmnist-final_active_best-entropy-init3p-batch3pb-epc5-budget30p-9012.pth,2924,886,29243,3.0,30.0,3.0,5,32167,cycle,33,32167,val,0.0228,0.9326,0.9326,0.9804,0.9855,0.9578,mean,0,-1,-1,-1,-1
octmnist,active,entropy,9012,octmnist-final_active_best-entropy-init3p-batch3pb-epc5-budget30p-9012.pth,2924,886,29243,3.0,30.0,3.0,5,32167,final,-1,30390,test,-1,0.903,0.8793,0.9581,0.9842,,mean,-1,673,20,230,77
octmnist,active,entropy,34895,octmnist-final_active_best-entropy-init3p-batch3pb-epc5-budget30p-34895.pth,2924,886,29243,3.0,30.0,3.0,5,32167,cycle,0,2924,val,0.4668,0.7184,0.7044,0.8839,0.9117,0.8046,mean,1,-1,-1,-1,-1
octmnist,active,entropy,34895,octmnist-final_active_best-entropy-init3p-batch3pb-epc5-budget30p-34895.pth,2924,886,29243,3.0,30.0,3.0,5,32167,cycle,1,3810,val,0.2174,0.878,0.8778,0.9465,0.9583,0.9151,mean,1,-1,-1,-1,-1
octmnist,active,entropy,34895,octmnist-final_active_best-entropy-init3p-batch3pb-epc5-budget30p-34895.pth,2924,886,29243,3.0,30.0,3.0,5,32167,cycle,2,4696,val,0.2406,0.8738,0.8737,0.9468,0.9601,0.9136,mean,0,-1,-1,-1,-1
octmnist,active,entropy,34895,octmnist-final_active_best-entropy-init3p-batch3pb-epc5-budget30p-34895.pth,2924,886,29243,3.0,30.0,3.0,5,32167,cycle,3,5582,val,0.2221,0.898,0.8977,0.9579,0.9617,0.9288,mean,1,-1,-1,-1,-1
octmnist,active,entropy,34895,octmnist-final_active_best-entropy-init3p-batch3pb-epc5-budget30p-34895.pth,2924,886,29243,3.0,30.0,3.0,5,32167,cycle,4,6468,val,0.2234,0.8688,0.8684,0.9527,0.9657,0.9139,mean,0,-1,-1,-1,-1
octmnist,active,entropy,34895,octmnist-final_active_best-entropy-init3p-batch3pb-epc5-budget30p-34895.pth,2924,886,29243,3.0,30.0,3.0,5,32167,cycle,5,7354,val,0.1657,0.8888,0.8886,0.95,0.9643,0.9229,mean,0,-1,-1,-1,-1
octmnist,active,entropy,34895,octmnist-final_active_best-entropy-init3p-batch3pb-epc5-budget30p-34895.pth,2924,886,29243,3.0,30.0,3.0,5,32167,cycle,6,8240,val,0.1415,0.8135,0.8048,0.9574,0.9648,0.8851,mean,0,-1,-1,-1,-1
octmnist,active,entropy,34895,octmnist-final_active_best-entropy-init3p-batch3pb-epc5-budget30p-34895.pth,2924,886,29243,3.0,30.0,3.0,5,32167,cycle,7,9126,val,0.1111,0.7638,0.7457,0.9514,0.9617,0.8556,mean,0,-1,-1,-1,-1
octmnist,active,entropy,34895,octmnist-final_active_best-entropy-init3p-batch3pb-epc5-budget30p-34895.pth,2924,886,29243,3.0,30.0,3.0,5,32167,cycle,8,10012,val,0.1479,0.9101,0.9101,0.9624,0.9716,0.9385,mean,1,-1,-1,-1,-1
octmnist,active,entropy,34895,octmnist-final_active_best-entropy-init3p-batch3pb-epc5-budget30p-34895.pth,2924,886,29243,3.0,30.0,3.0,5,32167,cycle,9,10898,val,0.2239,0.9109,0.9108,0.9659,0.9742,0.9405,mean,1,-1,-1,-1,-1
octmnist,active,entropy,34895,octmnist-final_active_best-entropy-init3p-batch3pb-epc5-budget30p-34895.pth,2924,886,29243,3.0,30.0,3.0,5,32167,cycle,10,11784,val,0.0985,0.9149,0.9148,0.9662,0.9751,0.9427,mean,1,-1,-1,-1,-1
octmnist,active,entropy,34895,octmnist-final_active_best-entropy-init3p-batch3pb-epc5-budget30p-34895.pth,2924,886,29243,3.0,30.0,3.0,5,32167,cycle,11,12670,val,0.0816,0.9145,0.9143,0.966,0.9745,0.9423,mean,0,-1,-1,-1,-1
octmnist,active,entropy,34895,octmnist-final_active_best-entropy-init3p-batch3pb-epc5-budget30p-34895.pth,2924,886,29243,3.0,30.0,3.0,5,32167,cycle,12,13556,val,0.0792,0.8676,0.865,0.9553,0.9579,0.9115,mean,0,-1,-1,-1,-1
octmnist,active,entropy,34895,octmnist-final_active_best-entropy-init3p-batch3pb-epc5-budget30p-34895.pth,2924,886,29243,3.0,30.0,3.0,5,32167,cycle,13,14442,val,0.0802,0.9135,0.9135,0.9641,0.9726,0.9409,mean,0,-1,-1,-1,-1
octmnist,active,entropy,34895,octmnist-final_active_best-entropy-init3p-batch3pb-epc5-budget30p-34895.pth,2924,886,29243,3.0,30.0,3.0,5,32167,cycle,14,15328,val,0.0595,0.9164,0.9162,0.9668,0.9744,0.9434,mean,1,-1,-1,-1,-1
octmnist,active,entropy,34895,octmnist-final_active_best-entropy-init3p-batch3pb-epc5-budget30p-34895.pth,2924,886,29243,3.0,30.0,3.0,5,32167,cycle,15,16214,val,0.0555,0.8849,0.8829,0.9715,0.9778,0.9293,mean,0,-1,-1,-1,-1
octmnist,active,entropy,34895,octmnist-final_active_best-entropy-init3p-batch3pb-epc5-budget30p-34895.pth,2924,886,29243,3.0,30.0,3.0,5,32167,cycle,16,17100,val,0.0525,0.9191,0.9187,0.973,0.9797,0.9476,mean,1,-1,-1,-1,-1
octmnist,active,entropy,34895,octmnist-final_active_best-entropy-init3p-batch3pb-epc5-budget30p-34895.pth,2924,886,29243,3.0,30.0,3.0,5,32167,cycle,17,17986,val,0.1959,0.9175,0.917,0.971,0.978,0.9459,mean,0,-1,-1,-1,-1
octmnist,active,entropy,34895,octmnist-final_active_best-entropy-init3p-batch3pb-epc5-budget30p-34895.pth,2924,886,29243,3.0,30.0,3.0,5,32167,cycle,18,18872,val,0.0635,0.9295,0.9294,0.9727,0.9795,0.9528,mean,1,-1,-1,-1,-1
octmnist,active,entropy,34895,octmnist-final_active_best-entropy-init3p-batch3pb-epc5-budget30p-34895.pth,2924,886,29243,3.0,30.0,3.0,5,32167,cycle,19,19758,val,0.0469,0.9217,0.9213,0.9707,0.974,0.9469,mean,0,-1,-1,-1,-1
octmnist,active,entropy,34895,octmnist-final_active_best-entropy-init3p-batch3pb-epc5-budget30p-34895.pth,2924,886,29243,3.0,30.0,3.0,5,32167,cycle,20,20644,val,0.0476,0.9325,0.9324,0.973,0.9801,0.9545,mean,1,-1,-1,-1,-1
octmnist,active,entropy,34895,octmnist-final_active_best-entropy-init3p-batch3pb-epc5-budget30p-34895.pth,2924,886,29243,3.0,30.0,3.0,5,32167,cycle,21,21530,val,0.0469,0.9209,0.9204,0.9719,0.9775,0.9477,mean,0,-1,-1,-1,-1
octmnist,active,entropy,34895,octmnist-final_active_best-entropy-init3p-batch3pb-epc5-budget30p-34895.pth,2924,886,29243,3.0,30.0,3.0,5,32167,cycle,22,22416,val,0.043,0.9164,0.9164,0.9715,0.9797,0.946,mean,0,-1,-1,-1,-1
octmnist,active,entropy,34895,octmnist-final_active_best-entropy-init3p-batch3pb-epc5-budget30p-34895.pth,2924,886,29243,3.0,30.0,3.0,5,32167,cycle,23,23302,val,0.0409,0.9255,0.9255,0.9751,0.9825,0.9521,mean,0,-1,-1,-1,-1
octmnist,active,entropy,34895,octmnist-final_active_best-entropy-init3p-batch3pb-epc5-budget30p-34895.pth,2924,886,29243,3.0,30.0,3.0,5,32167,cycle,24,24188,val,0.0625,0.9356,0.9355,0.9754,0.9822,0.9572,mean,1,-1,-1,-1,-1
octmnist,active,entropy,34895,octmnist-final_active_best-entropy-init3p-batch3pb-epc5-budget30p-34895.pth,2924,886,29243,3.0,30.0,3.0,5,32167,cycle,25,25074,val,0.0306,0.9397,0.9396,0.9763,0.9826,0.9595,mean,1,-1,-1,-1,-1
octmnist,active,entropy,34895,octmnist-final_active_best-entropy-init3p-batch3pb-epc5-budget30p-34895.pth,2924,886,29243,3.0,30.0,3.0,5,32167,cycle,26,25960,val,0.0362,0.9259,0.9254,0.9756,0.9796,0.9516,mean,0,-1,-1,-1,-1
octmnist,active,entropy,34895,octmnist-final_active_best-entropy-init3p-batch3pb-epc5-budget30p-34895.pth,2924,886,29243,3.0,30.0,3.0,5,32167,cycle,27,26846,val,0.0339,0.9249,0.9245,0.9784,0.9837,0.9529,mean,0,-1,-1,-1,-1
octmnist,active,entropy,34895,octmnist-final_active_best-entropy-init3p-batch3pb-epc5-budget30p-34895.pth,2924,886,29243,3.0,30.0,3.0,5,32167,cycle,28,27732,val,0.0326,0.9274,0.9274,0.9771,0.9838,0.9539,mean,0,-1,-1,-1,-1
octmnist,active,entropy,34895,octmnist-final_active_best-entropy-init3p-batch3pb-epc5-budget30p-34895.pth,2924,886,29243,3.0,30.0,3.0,5,32167,cycle,29,28618,val,0.0271,0.9433,0.9432,0.9799,0.9848,0.9628,mean,1,-1,-1,-1,-1
octmnist,active,entropy,34895,octmnist-final_active_best-entropy-init3p-batch3pb-epc5-budget30p-34895.pth,2924,886,29243,3.0,30.0,3.0,5,32167,cycle,30,29504,val,0.0321,0.9452,0.9451,0.9793,0.9855,0.9638,mean,1,-1,-1,-1,-1
octmnist,active,entropy,34895,octmnist-final_active_best-entropy-init3p-batch3pb-epc5-budget30p-34895.pth,2924,886,29243,3.0,30.0,3.0,5,32167,cycle,31,30390,val,0.0272,0.9433,0.9432,0.9797,0.9851,0.9628,mean,0,-1,-1,-1,-1
octmnist,active,entropy,34895,octmnist-final_active_best-entropy-init3p-batch3pb-epc5-budget30p-34895.pth,2924,886,29243,3.0,30.0,3.0,5,32167,cycle,32,31276,val,0.0257,0.9468,0.9467,0.9817,0.9872,0.9656,mean,1,-1,-1,-1,-1
octmnist,active,entropy,34895,octmnist-final_active_best-entropy-init3p-batch3pb-epc5-budget30p-34895.pth,2924,886,29243,3.0,30.0,3.0,5,32167,cycle,33,32167,val,0.0241,0.9489,0.9488,0.9824,0.987,0.9667,mean,1,-1,-1,-1,-1
octmnist,active,entropy,34895,octmnist-final_active_best-entropy-init3p-batch3pb-epc5-budget30p-34895.pth,2924,886,29243,3.0,30.0,3.0,5,32167,final,-1,32167,test,-1,0.885,0.8585,0.9507,0.9824,,mean,-1,659,24,226,91
octmnist,active,entropy,148932,octmnist-final_active_best-entropy-init3p-batch3pb-epc5-budget30p-148932.pth,2924,886,29243,3.0,30.0,3.0,5,32167,cycle,0,2924,val,0.5074,0.848,0.8479,0.9267,0.9381,0.8902,mean,1,-1,-1,-1,-1
octmnist,active,entropy,148932,octmnist-final_active_best-entropy-init3p-batch3pb-epc5-budget30p-148932.pth,2924,886,29243,3.0,30.0,3.0,5,32167,cycle,1,3810,val,0.3247,0.8708,0.8698,0.9486,0.9602,0.9124,mean,1,-1,-1,-1,-1
octmnist,active,entropy,148932,octmnist-final_active_best-entropy-init3p-batch3pb-epc5-budget30p-148932.pth,2924,886,29243,3.0,30.0,3.0,5,32167,cycle,2,4696,val,0.3362,0.8732,0.873,0.9541,0.9656,0.9165,mean,1,-1,-1,-1,-1
octmnist,active,entropy,148932,octmnist-final_active_best-entropy-init3p-batch3pb-epc5-budget30p-148932.pth,2924,886,29243,3.0,30.0,3.0,5,32167,cycle,3,5582,val,0.2683,0.874,0.8726,0.9587,0.9693,0.9186,mean,1,-1,-1,-1,-1
octmnist,active,entropy,148932,octmnist-final_active_best-entropy-init3p-batch3pb-epc5-budget30p-148932.pth,2924,886,29243,3.0,30.0,3.0,5,32167,cycle,4,6468,val,0.23,0.8191,0.8164,0.9503,0.9639,0.8874,mean,0,-1,-1,-1,-1
octmnist,active,entropy,148932,octmnist-final_active_best-entropy-init3p-batch3pb-epc5-budget30p-148932.pth,2924,886,29243,3.0,30.0,3.0,5,32167,cycle,5,7354,val,0.1496,0.907,0.907,0.9588,0.9708,0.9359,mean,1,-1,-1,-1,-1
octmnist,active,entropy,148932,octmnist-final_active_best-entropy-init3p-batch3pb-epc5-budget30p-148932.pth,2924,886,29243,3.0,30.0,3.0,5,32167,cycle,6,8240,val,0.1556,0.8646,0.8621,0.9581,0.9657,0.9126,mean,0,-1,-1,-1,-1
octmnist,active,entropy,148932,octmnist-final_active_best-entropy-init3p-batch3pb-epc5-budget30p-148932.pth,2924,886,29243,3.0,30.0,3.0,5,32167,cycle,7,9126,val,0.1215,0.9101,0.91,0.9639,0.9732,0.9393,mean,1,-1,-1,-1,-1
octmnist,active,entropy,148932,octmnist-final_active_best-entropy-init3p-batch3pb-epc5-budget30p-148932.pth,2924,886,29243,3.0,30.0,3.0,5,32167,cycle,8,10012,val,0.1295,0.8585,0.8549,0.9632,0.9693,0.9115,mean,0,-1,-1,-1,-1
octmnist,active,entropy,148932,octmnist-final_active_best-entropy-init3p-batch3pb-epc5-budget30p-148932.pth,2924,886,29243,3.0,30.0,3.0,5,32167,cycle,9,10898,val,0.0885,0.9149,0.9147,0.965,0.9737,0.9421,mean,1,-1,-1,-1,-1
octmnist,active,entropy,148932,octmnist-final_active_best-entropy-init3p-batch3pb-epc5-budget30p-148932.pth,2924,886,29243,3.0,30.0,3.0,5,32167,cycle,10,11784,val,0.127,0.8954,0.8945,0.9598,0.9645,0.9286,mean,0,-1,-1,-1,-1
octmnist,active,entropy,148932,octmnist-final_active_best-entropy-init3p-batch3pb-epc5-budget30p-148932.pth,2924,886,29243,3.0,30.0,3.0,5,32167,cycle,11,12670,val,0.0757,0.8783,0.8762,0.9649,0.9704,0.9224,mean,0,-1,-1,-1,-1
octmnist,active,entropy,148932,octmnist-final_active_best-entropy-init3p-batch3pb-epc5-budget30p-148932.pth,2924,886,29243,3.0,30.0,3.0,5,32167,cycle,12,13556,val,0.0657,0.9188,0.9187,0.9678,0.9752,0.9451,mean,1,-1,-1,-1,-1
octmnist,active,entropy,148932,octmnist-final_active_best-entropy-init3p-batch3pb-epc5-budget30p-148932.pth,2924,886,29243,3.0,30.0,3.0,5,32167,cycle,13,14442,val,0.0703,0.9098,0.9098,0.9693,0.9775,0.9416,mean,0,-1,-1,-1,-1
octmnist,active,entropy,148932,octmnist-final_active_best-entropy-init3p-batch3pb-epc5-budget30p-148932.pth,2924,886,29243,3.0,30.0,3.0,5,32167,cycle,14,15328,val,0.0588,0.9225,0.9224,0.9686,0.9759,0.9474,mean,1,-1,-1,-1,-1
octmnist,active,entropy,148932,octmnist-final_active_best-entropy-init3p-batch3pb-epc5-budget30p-148932.pth,2924,886,29243,3.0,30.0,3.0,5,32167,cycle,15,16214,val,0.3063,0.9258,0.9257,0.9716,0.9789,0.9505,mean,1,-1,-1,-1,-1
octmnist,active,entropy,148932,octmnist-final_active_best-entropy-init3p-batch3pb-epc5-budget30p-148932.pth,2924,886,29243,3.0,30.0,3.0,5,32167,cycle,16,17100,val,0.0659,0.9291,0.929,0.9719,0.9795,0.9524,mean,1,-1,-1,-1,-1
octmnist,active,entropy,148932,octmnist-final_active_best-entropy-init3p-batch3pb-epc5-budget30p-148932.pth,2924,886,29243,3.0,30.0,3.0,5,32167,cycle,17,17986,val,0.0585,0.9174,0.9169,0.9716,0.9773,0.9458,mean,0,-1,-1,-1,-1
octmnist,active,entropy,148932,octmnist-final_active_best-entropy-init3p-batch3pb-epc5-budget30p-148932.pth,2924,886,29243,3.0,30.0,3.0,5,32167,cycle,18,18872,val,0.0554,0.9315,0.9314,0.971,0.9746,0.9521,mean,0,-1,-1,-1,-1
octmnist,active,entropy,148932,octmnist-final_active_best-entropy-init3p-batch3pb-epc5-budget30p-148932.pth,2924,886,29243,3.0,30.0,3.0,5,32167,cycle,19,19758,val,0.0551,0.9324,0.9323,0.9742,0.9808,0.9549,mean,1,-1,-1,-1,-1
octmnist,active,entropy,148932,octmnist-final_active_best-entropy-init3p-batch3pb-epc5-budget30p-148932.pth,2924,886,29243,3.0,30.0,3.0,5,32167,cycle,20,20644,val,0.6764,0.8086,0.8085,0.8898,0.9053,0.853,mean,0,-1,-1,-1,-1
octmnist,active,entropy,148932,octmnist-final_active_best-entropy-init3p-batch3pb-epc5-budget30p-148932.pth,2924,886,29243,3.0,30.0,3.0,5,32167,cycle,21,21530,val,0.6018,0.8787,0.8787,0.9442,0.9567,0.9146,mean,0,-1,-1,-1,-1
octmnist,active,entropy,148932,octmnist-final_active_best-entropy-init3p-batch3pb-epc5-budget30p-148932.pth,2924,886,29243,3.0,30.0,3.0,5,32167,cycle,22,22416,val,0.376,0.8964,0.8951,0.9736,0.9806,0.9364,mean,0,-1,-1,-1,-1
octmnist,active,entropy,148932,octmnist-final_active_best-entropy-init3p-batch3pb-epc5-budget30p-148932.pth,2924,886,29243,3.0,30.0,3.0,5,32167,cycle,23,23302,val,0.1759,0.9245,0.9245,0.9748,0.9815,0.9513,mean,0,-1,-1,-1,-1
octmnist,active,entropy,148932,octmnist-final_active_best-entropy-init3p-batch3pb-epc5-budget30p-148932.pth,2924,886,29243,3.0,30.0,3.0,5,32167,cycle,24,24188,val,0.1928,0.9358,0.9358,0.9771,0.9829,0.9579,mean,1,-1,-1,-1,-1
octmnist,active,entropy,148932,octmnist-final_active_best-entropy-init3p-batch3pb-epc5-budget30p-148932.pth,2924,886,29243,3.0,30.0,3.0,5,32167,cycle,25,25074,val,0.0559,0.9074,0.9064,0.9741,0.9783,0.9415,mean,0,-1,-1,-1,-1
octmnist,active,entropy,148932,octmnist-final_active_best-entropy-init3p-batch3pb-epc5-budget30p-148932.pth,2924,886,29243,3.0,30.0,3.0,5,32167,cycle,26,25960,val,0.0492,0.9323,0.9321,0.9765,0.9812,0.9556,mean,0,-1,-1,-1,-1
octmnist,active,entropy,148932,octmnist-final_active_best-entropy-init3p-batch3pb-epc5-budget30p-148932.pth,2924,886,29243,3.0,30.0,3.0,5,32167,cycle,27,26846,val,0.0467,0.9177,0.9177,0.9776,0.983,0.949,mean,0,-1,-1,-1,-1
octmnist,active,entropy,148932,octmnist-final_active_best-entropy-init3p-batch3pb-epc5-budget30p-148932.pth,2924,886,29243,3.0,30.0,3.0,5,32167,cycle,28,27732,val,0.0387,0.9169,0.9169,0.9764,0.9829,0.9483,mean,0,-1,-1,-1,-1
octmnist,active,entropy,148932,octmnist-final_active_best-entropy-init3p-batch3pb-epc5-budget30p-148932.pth,2924,886,29243,3.0,30.0,3.0,5,32167,cycle,29,28618,val,0.0551,0.9173,0.9167,0.9739,0.9795,0.9469,mean,0,-1,-1,-1,-1
octmnist,active,entropy,148932,octmnist-final_active_best-entropy-init3p-batch3pb-epc5-budget30p-148932.pth,2924,886,29243,3.0,30.0,3.0,5,32167,cycle,30,29504,val,0.0501,0.9392,0.9392,0.9798,0.984,0.9605,mean,1,-1,-1,-1,-1
octmnist,active,entropy,148932,octmnist-final_active_best-entropy-init3p-batch3pb-epc5-budget30p-148932.pth,2924,886,29243,3.0,30.0,3.0,5,32167,cycle,31,30390,val,0.03,0.9423,0.9423,0.9801,0.9853,0.9625,mean,1,-1,-1,-1,-1
octmnist,active,entropy,148932,octmnist-final_active_best-entropy-init3p-batch3pb-epc5-budget30p-148932.pth,2924,886,29243,3.0,30.0,3.0,5,32167,cycle,32,31276,val,0.0314,0.9399,0.9399,0.9808,0.9858,0.9616,mean,0,-1,-1,-1,-1
octmnist,active,entropy,148932,octmnist-final_active_best-entropy-init3p-batch3pb-epc5-budget30p-148932.pth,2924,886,29243,3.0,30.0,3.0,5,32167,cycle,33,32167,val,0.103,0.9283,0.928,0.9765,0.9827,0.9539,mean,0,-1,-1,-1,-1
octmnist,active,entropy,148932,octmnist-final_active_best-entropy-init3p-batch3pb-epc5-budget30p-148932.pth,2924,886,29243,3.0,30.0,3.0,5,32167,final,-1,30390,test,-1,0.875,0.8513,0.9538,0.9856,,mean,-1,637,12,238,113
octmnist,active,mc_bald,17,octmnist-final_active_best-mc_bald-init3p-batch3pb-epc5-budget30p-17.pth,2924,886,29243,3.0,30.0,3.0,5,32167,cycle,0,2924,val,0.4916,0.7798,0.7756,0.9192,0.9344,0.8522,mean,1,-1,-1,-1,-1
octmnist,active,mc_bald,17,octmnist-final_active_best-mc_bald-init3p-batch3pb-epc5-budget30p-17.pth,2924,886,29243,3.0,30.0,3.0,5,32167,cycle,1,3810,val,0.2805,0.8821,0.8821,0.947,0.9583,0.9174,mean,1,-1,-1,-1,-1
octmnist,active,mc_bald,17,octmnist-final_active_best-mc_bald-init3p-batch3pb-epc5-budget30p-17.pth,2924,886,29243,3.0,30.0,3.0,5,32167,cycle,2,4696,val,0.2595,0.8204,0.8181,0.9488,0.9612,0.8871,mean,0,-1,-1,-1,-1
octmnist,active,mc_bald,17,octmnist-final_active_best-mc_bald-init3p-batch3pb-epc5-budget30p-17.pth,2924,886,29243,3.0,30.0,3.0,5,32167,cycle,3,5582,val,0.1828,0.8789,0.8787,0.9512,0.965,0.9185,mean,1,-1,-1,-1,-1
octmnist,active,mc_bald,17,octmnist-final_active_best-mc_bald-init3p-batch3pb-epc5-budget30p-17.pth,2924,886,29243,3.0,30.0,3.0,5,32167,cycle,4,6468,val,0.1491,0.8093,0.8001,0.9533,0.9594,0.8805,mean,0,-1,-1,-1,-1
octmnist,active,mc_bald,17,octmnist-final_active_best-mc_bald-init3p-batch3pb-epc5-budget30p-17.pth,2924,886,29243,3.0,30.0,3.0,5,32167,cycle,5,7354,val,0.1323,0.8776,0.8773,0.9511,0.9653,0.9178,mean,0,-1,-1,-1,-1
octmnist,active,mc_bald,17,octmnist-final_active_best-mc_bald-init3p-batch3pb-epc5-budget30p-17.pth,2924,886,29243,3.0,30.0,3.0,5,32167,cycle,6,8240,val,0.1235,0.9051,0.9047,0.9641,0.9733,0.9368,mean,1,-1,-1,-1,-1
octmnist,active,mc_bald,17,octmnist-final_active_best-mc_bald-init3p-batch3pb-epc5-budget30p-17.pth,2924,886,29243,3.0,30.0,3.0,5,32167,cycle,7,9126,val,0.1213,0.892,0.8918,0.957,0.9691,0.9275,mean,0,-1,-1,-1,-1
octmnist,active,mc_bald,17,octmnist-final_active_best-mc_bald-init3p-batch3pb-epc5-budget30p-17.pth,2924,886,29243,3.0,30.0,3.0,5,32167,cycle,8,10012,val,0.0972,0.8662,0.8657,0.9506,0.9641,0.9117,mean,0,-1,-1,-1,-1
octmnist,active,mc_bald,17,octmnist-final_active_best-mc_bald-init3p-batch3pb-epc5-budget30p-17.pth,2924,886,29243,3.0,30.0,3.0,5,32167,cycle,9,10898,val,0.0871,0.8602,0.8596,0.9502,0.9637,0.9084,mean,0,-1,-1,-1,-1
octmnist,active,mc_bald,17,octmnist-final_active_best-mc_bald-init3p-batch3pb-epc5-budget30p-17.pth,2924,886,29243,3.0,30.0,3.0,5,32167,cycle,10,11784,val,0.0585,0.8894,0.8883,0.9639,0.9726,0.9286,mean,0,-1,-1,-1,-1
octmnist,active,mc_bald,17,octmnist-final_active_best-mc_bald-init3p-batch3pb-epc5-budget30p-17.pth,2924,886,29243,3.0,30.0,3.0,5,32167,cycle,11,12670,val,0.0629,0.9172,0.9171,0.9669,0.9762,0.9444,mean,1,-1,-1,-1,-1
octmnist,active,mc_bald,17,octmnist-final_active_best-mc_bald-init3p-batch3pb-epc5-budget30p-17.pth,2924,886,29243,3.0,30.0,3.0,5,32167,cycle,12,13556,val,0.0671,0.9162,0.9162,0.9686,0.9773,0.9446,mean,1,-1,-1,-1,-1
octmnist,active,mc_bald,17,octmnist-final_active_best-mc_bald-init3p-batch3pb-epc5-budget30p-17.pth,2924,886,29243,3.0,30.0,3.0,5,32167,cycle,13,14442,val,0.0637,0.9188,0.9187,0.9693,0.9768,0.9459,mean,1,-1,-1,-1,-1
octmnist,active,mc_bald,17,octmnist-final_active_best-mc_bald-init3p-batch3pb-epc5-budget30p-17.pth,2924,886,29243,3.0,30.0,3.0,5,32167,cycle,14,15328,val,0.0887,0.9062,0.9054,0.972,0.9797,0.9408,mean,0,-1,-1,-1,-1
octmnist,active,mc_bald,17,octmnist-final_active_best-mc_bald-init3p-batch3pb-epc5-budget30p-17.pth,2924,886,29243,3.0,30.0,3.0,5,32167,cycle,15,16214,val,0.0508,0.8477,0.8428,0.9679,0.9753,0.9084,mean,0,-1,-1,-1,-1
octmnist,active,mc_bald,17,octmnist-final_active_best-mc_bald-init3p-batch3pb-epc5-budget30p-17.pth,2924,886,29243,3.0,30.0,3.0,5,32167,cycle,16,17100,val,0.0489,0.9166,0.9166,0.9703,0.9785,0.9455,mean,0,-1,-1,-1,-1
octmnist,active,mc_bald,17,octmnist-final_active_best-mc_bald-init3p-batch3pb-epc5-budget30p-17.pth,2924,886,29243,3.0,30.0,3.0,5,32167,cycle,17,17986,val,0.045,0.9225,0.9221,0.9745,0.9814,0.9501,mean,1,-1,-1,-1,-1
octmnist,active,mc_bald,17,octmnist-final_active_best-mc_bald-init3p-batch3pb-epc5-budget30p-17.pth,2924,886,29243,3.0,30.0,3.0,5,32167,cycle,18,18872,val,0.0468,0.9045,0.9035,0.9747,0.9796,0.9406,mean,0,-1,-1,-1,-1
octmnist,active,mc_bald,17,octmnist-final_active_best-mc_bald-init3p-batch3pb-epc5-budget30p-17.pth,2924,886,29243,3.0,30.0,3.0,5,32167,cycle,19,19758,val,0.044,0.9284,0.9283,0.9737,0.9809,0.9528,mean,1,-1,-1,-1,-1
octmnist,active,mc_bald,17,octmnist-final_active_best-mc_bald-init3p-batch3pb-epc5-budget30p-17.pth,2924,886,29243,3.0,30.0,3.0,5,32167,cycle,20,20644,val,0.0423,0.9322,0.9322,0.9762,0.9819,0.9556,mean,1,-1,-1,-1,-1
octmnist,active,mc_bald,17,octmnist-final_active_best-mc_bald-init3p-batch3pb-epc5-budget30p-17.pth,2924,886,29243,3.0,30.0,3.0,5,32167,cycle,21,21530,val,0.3589,0.9135,0.9135,0.9681,0.9764,0.9429,mean,0,-1,-1,-1,-1
octmnist,active,mc_bald,17,octmnist-final_active_best-mc_bald-init3p-batch3pb-epc5-budget30p-17.pth,2924,886,29243,3.0,30.0,3.0,5,32167,cycle,22,22416,val,0.1354,0.9292,0.9291,0.9739,0.98,0.9531,mean,0,-1,-1,-1,-1
octmnist,active,mc_bald,17,octmnist-final_active_best-mc_bald-init3p-batch3pb-epc5-budget30p-17.pth,2924,886,29243,3.0,30.0,3.0,5,32167,cycle,23,23302,val,0.0504,0.924,0.9237,0.9738,0.9795,0.9503,mean,0,-1,-1,-1,-1
octmnist,active,mc_bald,17,octmnist-final_active_best-mc_bald-init3p-batch3pb-epc5-budget30p-17.pth,2924,886,29243,3.0,30.0,3.0,5,32167,cycle,24,24188,val,0.0408,0.9214,0.9209,0.978,0.983,0.9508,mean,0,-1,-1,-1,-1
octmnist,active,mc_bald,17,octmnist-final_active_best-mc_bald-init3p-batch3pb-epc5-budget30p-17.pth,2924,886,29243,3.0,30.0,3.0,5,32167,cycle,25,25074,val,0.0404,0.9345,0.9343,0.9771,0.9824,0.9571,mean,1,-1,-1,-1,-1
octmnist,active,mc_bald,17,octmnist-final_active_best-mc_bald-init3p-batch3pb-epc5-budget30p-17.pth,2924,886,29243,3.0,30.0,3.0,5,32167,cycle,26,25960,val,0.0373,0.9327,0.9327,0.9784,0.9842,0.957,mean,0,-1,-1,-1,-1
octmnist,active,mc_bald,17,octmnist-final_active_best-mc_bald-init3p-batch3pb-epc5-budget30p-17.pth,2924,886,29243,3.0,30.0,3.0,5,32167,cycle,27,26846,val,0.0336,0.9424,0.9423,0.9796,0.9854,0.9624,mean,1,-1,-1,-1,-1
octmnist,active,mc_bald,17,octmnist-final_active_best-mc_bald-init3p-batch3pb-epc5-budget30p-17.pth,2924,886,29243,3.0,30.0,3.0,5,32167,cycle,28,27732,val,0.0359,0.9398,0.9397,0.9801,0.9855,0.9613,mean,0,-1,-1,-1,-1
octmnist,active,mc_bald,17,octmnist-final_active_best-mc_bald-init3p-batch3pb-epc5-budget30p-17.pth,2924,886,29243,3.0,30.0,3.0,5,32167,cycle,29,28618,val,0.0369,0.9387,0.9387,0.9801,0.986,0.9609,mean,0,-1,-1,-1,-1
octmnist,active,mc_bald,17,octmnist-final_active_best-mc_bald-init3p-batch3pb-epc5-budget30p-17.pth,2924,886,29243,3.0,30.0,3.0,5,32167,cycle,30,29504,val,0.0283,0.9425,0.9425,0.9806,0.9863,0.963,mean,1,-1,-1,-1,-1
octmnist,active,mc_bald,17,octmnist-final_active_best-mc_bald-init3p-batch3pb-epc5-budget30p-17.pth,2924,886,29243,3.0,30.0,3.0,5,32167,cycle,31,30390,val,0.0282,0.9111,0.91,0.9813,0.986,0.9471,mean,0,-1,-1,-1,-1
octmnist,active,mc_bald,17,octmnist-final_active_best-mc_bald-init3p-batch3pb-epc5-budget30p-17.pth,2924,886,29243,3.0,30.0,3.0,5,32167,cycle,32,31276,val,0.0261,0.9381,0.938,0.9803,0.986,0.9606,mean,0,-1,-1,-1,-1
octmnist,active,mc_bald,17,octmnist-final_active_best-mc_bald-init3p-batch3pb-epc5-budget30p-17.pth,2924,886,29243,3.0,30.0,3.0,5,32167,cycle,33,32167,val,0.0333,0.9492,0.9491,0.9845,0.9886,0.9679,mean,1,-1,-1,-1,-1
octmnist,active,mc_bald,17,octmnist-final_active_best-mc_bald-init3p-batch3pb-epc5-budget30p-17.pth,2924,886,29243,3.0,30.0,3.0,5,32167,final,-1,32167,test,-1,0.886,0.8619,0.9541,0.9856,,mean,-1,652,16,234,98
octmnist,active,mc_bald,246,octmnist-final_active_best-mc_bald-init3p-batch3pb-epc5-budget30p-246.pth,2924,886,29243,3.0,30.0,3.0,5,32167,cycle,0,2924,val,0.4764,0.8141,0.8126,0.9129,0.9323,0.868,mean,1,-1,-1,-1,-1
octmnist,active,mc_bald,246,octmnist-final_active_best-mc_bald-init3p-batch3pb-epc5-budget30p-246.pth,2924,886,29243,3.0,30.0,3.0,5,32167,cycle,1,3810,val,0.3032,0.8822,0.8822,0.9462,0.9594,0.9175,mean,1,-1,-1,-1,-1
octmnist,active,mc_bald,246,octmnist-final_active_best-mc_bald-init3p-batch3pb-epc5-budget30p-246.pth,2924,886,29243,3.0,30.0,3.0,5,32167,cycle,2,4696,val,0.261,0.8395,0.8382,0.9477,0.9601,0.8964,mean,0,-1,-1,-1,-1
octmnist,active,mc_bald,246,octmnist-final_active_best-mc_bald-init3p-batch3pb-epc5-budget30p-246.pth,2924,886,29243,3.0,30.0,3.0,5,32167,cycle,3,5582,val,0.2101,0.8885,0.8879,0.958,0.9692,0.9259,mean,1,-1,-1,-1,-1
octmnist,active,mc_bald,246,octmnist-final_active_best-mc_bald-init3p-batch3pb-epc5-budget30p-246.pth,2924,886,29243,3.0,30.0,3.0,5,32167,cycle,4,6468,val,0.2122,0.8818,0.8814,0.9508,0.965,0.9198,mean,0,-1,-1,-1,-1
octmnist,active,mc_bald,246,octmnist-final_active_best-mc_bald-init3p-batch3pb-epc5-budget30p-246.pth,2924,886,29243,3.0,30.0,3.0,5,32167,cycle,5,7354,val,0.1718,0.8894,0.8885,0.9609,0.9711,0.9275,mean,1,-1,-1,-1,-1
octmnist,active,mc_bald,246,octmnist-final_active_best-mc_bald-init3p-batch3pb-epc5-budget30p-246.pth,2924,886,29243,3.0,30.0,3.0,5,32167,cycle,6,8240,val,0.1623,0.8476,0.8437,0.9535,0.9632,0.902,mean,0,-1,-1,-1,-1
octmnist,active,mc_bald,246,octmnist-final_active_best-mc_bald-init3p-batch3pb-epc5-budget30p-246.pth,2924,886,29243,3.0,30.0,3.0,5,32167,cycle,7,9126,val,0.1348,0.9082,0.9082,0.9621,0.9715,0.9375,mean,1,-1,-1,-1,-1
octmnist,active,mc_bald,246,octmnist-final_active_best-mc_bald-init3p-batch3pb-epc5-budget30p-246.pth,2924,886,29243,3.0,30.0,3.0,5,32167,cycle,8,10012,val,0.1179,0.8788,0.8771,0.9645,0.9731,0.9234,mean,0,-1,-1,-1,-1
octmnist,active,mc_bald,246,octmnist-final_active_best-mc_bald-init3p-batch3pb-epc5-budget30p-246.pth,2924,886,29243,3.0,30.0,3.0,5,32167,cycle,9,10898,val,0.0968,0.8191,0.8116,0.9565,0.9661,0.8883,mean,0,-1,-1,-1,-1
octmnist,active,mc_bald,246,octmnist-final_active_best-mc_bald-init3p-batch3pb-epc5-budget30p-246.pth,2924,886,29243,3.0,30.0,3.0,5,32167,cycle,10,11784,val,0.0814,0.902,0.902,0.9605,0.9711,0.9339,mean,0,-1,-1,-1,-1
octmnist,active,mc_bald,246,octmnist-final_active_best-mc_bald-init3p-batch3pb-epc5-budget30p-246.pth,2924,886,29243,3.0,30.0,3.0,5,32167,cycle,11,12670,val,0.0672,0.9107,0.9104,0.966,0.9741,0.9403,mean,1,-1,-1,-1,-1
octmnist,active,mc_bald,246,octmnist-final_active_best-mc_bald-init3p-batch3pb-epc5-budget30p-246.pth,2924,886,29243,3.0,30.0,3.0,5,32167,cycle,12,13556,val,0.1147,0.8878,0.8863,0.9662,0.9732,0.9284,mean,0,-1,-1,-1,-1
octmnist,active,mc_bald,246,octmnist-final_active_best-mc_bald-init3p-batch3pb-epc5-budget30p-246.pth,2924,886,29243,3.0,30.0,3.0,5,32167,cycle,13,14442,val,0.0625,0.9209,0.9207,0.9668,0.972,0.9451,mean,1,-1,-1,-1,-1
octmnist,active,mc_bald,246,octmnist-final_active_best-mc_bald-init3p-batch3pb-epc5-budget30p-246.pth,2924,886,29243,3.0,30.0,3.0,5,32167,cycle,14,15328,val,0.0625,0.9099,0.9099,0.9659,0.973,0.9397,mean,0,-1,-1,-1,-1
octmnist,active,mc_bald,246,octmnist-final_active_best-mc_bald-init3p-batch3pb-epc5-budget30p-246.pth,2924,886,29243,3.0,30.0,3.0,5,32167,cycle,15,16214,val,0.0486,0.9201,0.9198,0.9705,0.9773,0.9469,mean,1,-1,-1,-1,-1
octmnist,active,mc_bald,246,octmnist-final_active_best-mc_bald-init3p-batch3pb-epc5-budget30p-246.pth,2924,886,29243,3.0,30.0,3.0,5,32167,cycle,16,17100,val,0.1143,0.9134,0.913,0.9677,0.9762,0.9426,mean,0,-1,-1,-1,-1
octmnist,active,mc_bald,246,octmnist-final_active_best-mc_bald-init3p-batch3pb-epc5-budget30p-246.pth,2924,886,29243,3.0,30.0,3.0,5,32167,cycle,17,17986,val,0.0563,0.9213,0.9209,0.9717,0.9786,0.9481,mean,1,-1,-1,-1,-1
octmnist,active,mc_bald,246,octmnist-final_active_best-mc_bald-init3p-batch3pb-epc5-budget30p-246.pth,2924,886,29243,3.0,30.0,3.0,5,32167,cycle,18,18872,val,0.0448,0.9309,0.9308,0.9722,0.9795,0.9533,mean,1,-1,-1,-1,-1
octmnist,active,mc_bald,246,octmnist-final_active_best-mc_bald-init3p-batch3pb-epc5-budget30p-246.pth,2924,886,29243,3.0,30.0,3.0,5,32167,cycle,19,19758,val,0.0472,0.9286,0.9284,0.9739,0.981,0.953,mean,0,-1,-1,-1,-1
octmnist,active,mc_bald,246,octmnist-final_active_best-mc_bald-init3p-batch3pb-epc5-budget30p-246.pth,2924,886,29243,3.0,30.0,3.0,5,32167,cycle,20,20644,val,0.0456,0.9285,0.9284,0.9731,0.981,0.9528,mean,0,-1,-1,-1,-1
octmnist,active,mc_bald,246,octmnist-final_active_best-mc_bald-init3p-batch3pb-epc5-budget30p-246.pth,2924,886,29243,3.0,30.0,3.0,5,32167,cycle,21,21530,val,0.0435,0.9292,0.9292,0.9741,0.9815,0.9535,mean,1,-1,-1,-1,-1
octmnist,active,mc_bald,246,octmnist-final_active_best-mc_bald-init3p-batch3pb-epc5-budget30p-246.pth,2924,886,29243,3.0,30.0,3.0,5,32167,cycle,22,22416,val,0.0399,0.9118,0.9118,0.9597,0.9673,0.9376,mean,0,-1,-1,-1,-1
octmnist,active,mc_bald,246,octmnist-final_active_best-mc_bald-init3p-batch3pb-epc5-budget30p-246.pth,2924,886,29243,3.0,30.0,3.0,5,32167,cycle,23,23302,val,0.0399,0.9291,0.9288,0.9761,0.9821,0.954,mean,1,-1,-1,-1,-1
octmnist,active,mc_bald,246,octmnist-final_active_best-mc_bald-init3p-batch3pb-epc5-budget30p-246.pth,2924,886,29243,3.0,30.0,3.0,5,32167,cycle,24,24188,val,0.0366,0.9369,0.9368,0.9762,0.9827,0.9582,mean,1,-1,-1,-1,-1
octmnist,active,mc_bald,246,octmnist-final_active_best-mc_bald-init3p-batch3pb-epc5-budget30p-246.pth,2924,886,29243,3.0,30.0,3.0,5,32167,cycle,25,25074,val,0.0345,0.9381,0.9381,0.9762,0.9827,0.9588,mean,1,-1,-1,-1,-1
octmnist,active,mc_bald,246,octmnist-final_active_best-mc_bald-init3p-batch3pb-epc5-budget30p-246.pth,2924,886,29243,3.0,30.0,3.0,5,32167,cycle,26,25960,val,0.0328,0.9277,0.9277,0.9743,0.9818,0.9529,mean,0,-1,-1,-1,-1
octmnist,active,mc_bald,246,octmnist-final_active_best-mc_bald-init3p-batch3pb-epc5-budget30p-246.pth,2924,886,29243,3.0,30.0,3.0,5,32167,cycle,27,26846,val,0.03,0.9389,0.9388,0.9775,0.9839,0.9598,mean,1,-1,-1,-1,-1
octmnist,active,mc_bald,246,octmnist-final_active_best-mc_bald-init3p-batch3pb-epc5-budget30p-246.pth,2924,886,29243,3.0,30.0,3.0,5,32167,cycle,28,27732,val,0.0378,0.9278,0.9274,0.978,0.9834,0.9542,mean,0,-1,-1,-1,-1
octmnist,active,mc_bald,246,octmnist-final_active_best-mc_bald-init3p-batch3pb-epc5-budget30p-246.pth,2924,886,29243,3.0,30.0,3.0,5,32167,cycle,29,28618,val,0.0281,0.943,0.9429,0.9796,0.9854,0.9627,mean,1,-1,-1,-1,-1
octmnist,active,mc_bald,246,octmnist-final_active_best-mc_bald-init3p-batch3pb-epc5-budget30p-246.pth,2924,886,29243,3.0,30.0,3.0,5,32167,cycle,30,29504,val,0.0557,0.939,0.9389,0.9764,0.9824,0.9592,mean,0,-1,-1,-1,-1
octmnist,active,mc_bald,246,octmnist-final_active_best-mc_bald-init3p-batch3pb-epc5-budget30p-246.pth,2924,886,29243,3.0,30.0,3.0,5,32167,cycle,31,30390,val,0.0188,0.9396,0.9396,0.979,0.9848,0.9608,mean,0,-1,-1,-1,-1
octmnist,active,mc_bald,246,octmnist-final_active_best-mc_bald-init3p-batch3pb-epc5-budget30p-246.pth,2924,886,29243,3.0,30.0,3.0,5,32167,cycle,32,31276,val,0.0234,0.9437,0.9436,0.9809,0.9862,0.9636,mean,1,-1,-1,-1,-1
octmnist,active,mc_bald,246,octmnist-final_active_best-mc_bald-init3p-batch3pb-epc5-budget30p-246.pth,2924,886,29243,3.0,30.0,3.0,5,32167,cycle,33,32167,val,0.0454,0.9439,0.9438,0.9803,0.9854,0.9634,mean,0,-1,-1,-1,-1
octmnist,active,mc_bald,246,octmnist-final_active_best-mc_bald-init3p-batch3pb-epc5-budget30p-246.pth,2924,886,29243,3.0,30.0,3.0,5,32167,final,-1,31276,test,-1,0.872,0.8479,0.9477,0.9843,,mean,-1,635,13,237,115
octmnist,active,mc_bald,9012,octmnist-final_active_best-mc_bald-init3p-batch3pb-epc5-budget30p-9012.pth,2924,886,29243,3.0,30.0,3.0,5,32167,cycle,0,2924,val,0.4882,0.5831,0.5217,0.8765,0.9013,0.7207,mean,1,-1,-1,-1,-1
octmnist,active,mc_bald,9012,octmnist-final_active_best-mc_bald-init3p-batch3pb-epc5-budget30p-9012.pth,2924,886,29243,3.0,30.0,3.0,5,32167,cycle,1,3810,val,0.2305,0.8559,0.8549,0.9358,0.949,0.8989,mean,1,-1,-1,-1,-1
octmnist,active,mc_bald,9012,octmnist-final_active_best-mc_bald-init3p-batch3pb-epc5-budget30p-9012.pth,2924,886,29243,3.0,30.0,3.0,5,32167,cycle,2,4696,val,0.2643,0.8308,0.8256,0.9467,0.9546,0.8894,mean,0,-1,-1,-1,-1
octmnist,active,mc_bald,9012,octmnist-final_active_best-mc_bald-init3p-batch3pb-epc5-budget30p-9012.pth,2924,886,29243,3.0,30.0,3.0,5,32167,cycle,3,5582,val,0.2384,0.822,0.8195,0.9555,0.9666,0.8909,mean,0,-1,-1,-1,-1
octmnist,active,mc_bald,9012,octmnist-final_active_best-mc_bald-init3p-batch3pb-epc5-budget30p-9012.pth,2924,886,29243,3.0,30.0,3.0,5,32167,cycle,4,6468,val,0.1901,0.8986,0.8985,0.9584,0.9679,0.9308,mean,1,-1,-1,-1,-1
octmnist,active,mc_bald,9012,octmnist-final_active_best-mc_bald-init3p-batch3pb-epc5-budget30p-9012.pth,2924,886,29243,3.0,30.0,3.0,5,32167,cycle,5,7354,val,0.1713,0.89,0.8894,0.9614,0.9702,0.9277,mean,0,-1,-1,-1,-1
octmnist,active,mc_bald,9012,octmnist-final_active_best-mc_bald-init3p-batch3pb-epc5-budget30p-9012.pth,2924,886,29243,3.0,30.0,3.0,5,32167,cycle,6,8240,val,0.1733,0.8407,0.8356,0.9582,0.9644,0.8997,mean,0,-1,-1,-1,-1
octmnist,active,mc_bald,9012,octmnist-final_active_best-mc_bald-init3p-batch3pb-epc5-budget30p-9012.pth,2924,886,29243,3.0,30.0,3.0,5,32167,cycle,7,9126,val,0.1443,0.8917,0.8909,0.9622,0.9718,0.9291,mean,0,-1,-1,-1,-1
octmnist,active,mc_bald,9012,octmnist-final_active_best-mc_bald-init3p-batch3pb-epc5-budget30p-9012.pth,2924,886,29243,3.0,30.0,3.0,5,32167,cycle,8,10012,val,0.128,0.7998,0.7957,0.9519,0.964,0.8778,mean,0,-1,-1,-1,-1
octmnist,active,mc_bald,9012,octmnist-final_active_best-mc_bald-init3p-batch3pb-epc5-budget30p-9012.pth,2924,886,29243,3.0,30.0,3.0,5,32167,cycle,9,10898,val,0.1031,0.8631,0.8602,0.9582,0.967,0.9121,mean,0,-1,-1,-1,-1
octmnist,active,mc_bald,9012,octmnist-final_active_best-mc_bald-init3p-batch3pb-epc5-budget30p-9012.pth,2924,886,29243,3.0,30.0,3.0,5,32167,cycle,10,11784,val,0.0821,0.8696,0.8674,0.9608,0.9708,0.9171,mean,0,-1,-1,-1,-1
octmnist,active,mc_bald,9012,octmnist-final_active_best-mc_bald-init3p-batch3pb-epc5-budget30p-9012.pth,2924,886,29243,3.0,30.0,3.0,5,32167,cycle,11,12670,val,0.0794,0.9143,0.9143,0.9662,0.9754,0.9426,mean,1,-1,-1,-1,-1
octmnist,active,mc_bald,9012,octmnist-final_active_best-mc_bald-init3p-batch3pb-epc5-budget30p-9012.pth,2924,886,29243,3.0,30.0,3.0,5,32167,cycle,12,13556,val,0.0722,0.9156,0.9156,0.9651,0.9748,0.9428,mean,1,-1,-1,-1,-1
octmnist,active,mc_bald,9012,octmnist-final_active_best-mc_bald-init3p-batch3pb-epc5-budget30p-9012.pth,2924,886,29243,3.0,30.0,3.0,5,32167,cycle,13,14442,val,0.1265,0.9006,0.8998,0.9689,0.9763,0.9364,mean,0,-1,-1,-1,-1
octmnist,active,mc_bald,9012,octmnist-final_active_best-mc_bald-init3p-batch3pb-epc5-budget30p-9012.pth,2924,886,29243,3.0,30.0,3.0,5,32167,cycle,14,15328,val,0.0712,0.9156,0.9154,0.9678,0.9752,0.9435,mean,1,-1,-1,-1,-1
octmnist,active,mc_bald,9012,octmnist-final_active_best-mc_bald-init3p-batch3pb-epc5-budget30p-9012.pth,2924,886,29243,3.0,30.0,3.0,5,32167,cycle,15,16214,val,0.0623,0.9012,0.9004,0.9655,0.9725,0.9349,mean,0,-1,-1,-1,-1
octmnist,active,mc_bald,9012,octmnist-final_active_best-mc_bald-init3p-batch3pb-epc5-budget30p-9012.pth,2924,886,29243,3.0,30.0,3.0,5,32167,cycle,16,17100,val,0.0563,0.9153,0.9152,0.968,0.9761,0.9436,mean,1,-1,-1,-1,-1
octmnist,active,mc_bald,9012,octmnist-final_active_best-mc_bald-init3p-batch3pb-epc5-budget30p-9012.pth,2924,886,29243,3.0,30.0,3.0,5,32167,cycle,17,17986,val,0.0543,0.9067,0.9059,0.9723,0.9793,0.941,mean,0,-1,-1,-1,-1
octmnist,active,mc_bald,9012,octmnist-final_active_best-mc_bald-init3p-batch3pb-epc5-budget30p-9012.pth,2924,886,29243,3.0,30.0,3.0,5,32167,cycle,18,18872,val,0.045,0.9268,0.9266,0.9739,0.9811,0.9521,mean,1,-1,-1,-1,-1
octmnist,active,mc_bald,9012,octmnist-final_active_best-mc_bald-init3p-batch3pb-epc5-budget30p-9012.pth,2924,886,29243,3.0,30.0,3.0,5,32167,cycle,19,19758,val,0.0481,0.927,0.9269,0.9728,0.9797,0.9516,mean,0,-1,-1,-1,-1
octmnist,active,mc_bald,9012,octmnist-final_active_best-mc_bald-init3p-batch3pb-epc5-budget30p-9012.pth,2924,886,29243,3.0,30.0,3.0,5,32167,cycle,20,20644,val,0.0453,0.9315,0.9315,0.9748,0.9811,0.9547,mean,1,-1,-1,-1,-1
octmnist,active,mc_bald,9012,octmnist-final_active_best-mc_bald-init3p-batch3pb-epc5-budget30p-9012.pth,2924,886,29243,3.0,30.0,3.0,5,32167,cycle,21,21530,val,0.0416,0.9324,0.9323,0.9742,0.9812,0.955,mean,1,-1,-1,-1,-1
octmnist,active,mc_bald,9012,octmnist-final_active_best-mc_bald-init3p-batch3pb-epc5-budget30p-9012.pth,2924,886,29243,3.0,30.0,3.0,5,32167,cycle,22,22416,val,0.095,0.932,0.9319,0.9744,0.9809,0.9548,mean,0,-1,-1,-1,-1
octmnist,active,mc_bald,9012,octmnist-final_active_best-mc_bald-init3p-batch3pb-epc5-budget30p-9012.pth,2924,886,29243,3.0,30.0,3.0,5,32167,cycle,23,23302,val,0.0455,0.9367,0.9366,0.9752,0.9813,0.9574,mean,1,-1,-1,-1,-1
octmnist,active,mc_bald,9012,octmnist-final_active_best-mc_bald-init3p-batch3pb-epc5-budget30p-9012.pth,2924,886,29243,3.0,30.0,3.0,5,32167,cycle,24,24188,val,0.0321,0.922,0.9215,0.9755,0.98,0.9497,mean,0,-1,-1,-1,-1
octmnist,active,mc_bald,9012,octmnist-final_active_best-mc_bald-init3p-batch3pb-epc5-budget30p-9012.pth,2924,886,29243,3.0,30.0,3.0,5,32167,cycle,25,25074,val,0.0365,0.939,0.9389,0.9762,0.9812,0.9588,mean,1,-1,-1,-1,-1
octmnist,active,mc_bald,9012,octmnist-final_active_best-mc_bald-init3p-batch3pb-epc5-budget30p-9012.pth,2924,886,29243,3.0,30.0,3.0,5,32167,cycle,26,25960,val,0.0371,0.9304,0.9301,0.977,0.9825,0.955,mean,0,-1,-1,-1,-1
octmnist,active,mc_bald,9012,octmnist-final_active_best-mc_bald-init3p-batch3pb-epc5-budget30p-9012.pth,2924,886,29243,3.0,30.0,3.0,5,32167,cycle,27,26846,val,0.0393,0.9241,0.9239,0.9731,0.9795,0.9502,mean,0,-1,-1,-1,-1
octmnist,active,mc_bald,9012,octmnist-final_active_best-mc_bald-init3p-batch3pb-epc5-budget30p-9012.pth,2924,886,29243,3.0,30.0,3.0,5,32167,cycle,28,27732,val,0.0323,0.9374,0.9373,0.9771,0.9826,0.9586,mean,0,-1,-1,-1,-1
octmnist,active,mc_bald,9012,octmnist-final_active_best-mc_bald-init3p-batch3pb-epc5-budget30p-9012.pth,2924,886,29243,3.0,30.0,3.0,5,32167,cycle,29,28618,val,0.0302,0.9358,0.9358,0.9759,0.9816,0.9573,mean,0,-1,-1,-1,-1
octmnist,active,mc_bald,9012,octmnist-final_active_best-mc_bald-init3p-batch3pb-epc5-budget30p-9012.pth,2924,886,29243,3.0,30.0,3.0,5,32167,cycle,30,29504,val,0.0299,0.9457,0.9457,0.9801,0.9857,0.9643,mean,1,-1,-1,-1,-1
octmnist,active,mc_bald,9012,octmnist-final_active_best-mc_bald-init3p-batch3pb-epc5-budget30p-9012.pth,2924,886,29243,3.0,30.0,3.0,5,32167,cycle,31,30390,val,0.0282,0.9413,0.9411,0.9809,0.9861,0.9623,mean,0,-1,-1,-1,-1
octmnist,active,mc_bald,9012,octmnist-final_active_best-mc_bald-init3p-batch3pb-epc5-budget30p-9012.pth,2924,886,29243,3.0,30.0,3.0,5,32167,cycle,32,31276,val,0.0431,0.9408,0.9408,0.9808,0.9856,0.962,mean,0,-1,-1,-1,-1
octmnist,active,mc_bald,9012,octmnist-final_active_best-mc_bald-init3p-batch3pb-epc5-budget30p-9012.pth,2924,886,29243,3.0,30.0,3.0,5,32167,cycle,33,32167,val,0.0209,0.9403,0.9403,0.9806,0.9858,0.9617,mean,0,-1,-1,-1,-1
octmnist,active,mc_bald,9012,octmnist-final_active_best-mc_bald-init3p-batch3pb-epc5-budget30p-9012.pth,2924,886,29243,3.0,30.0,3.0,5,32167,final,-1,29504,test,-1,0.883,0.8581,0.9529,0.9847,,mean,-1,651,18,232,99
octmnist,active,mc_bald,34895,octmnist-final_active_best-mc_bald-init3p-batch3pb-epc5-budget30p-34895.pth,2924,886,29243,3.0,30.0,3.0,5,32167,cycle,0,2924,val,0.4668,0.7184,0.7044,0.8839,0.9117,0.8046,mean,1,-1,-1,-1,-1
octmnist,active,mc_bald,34895,octmnist-final_active_best-mc_bald-init3p-batch3pb-epc5-budget30p-34895.pth,2924,886,29243,3.0,30.0,3.0,5,32167,cycle,1,3810,val,0.2244,0.8648,0.8647,0.9377,0.951,0.9046,mean,1,-1,-1,-1,-1
octmnist,active,mc_bald,34895,octmnist-final_active_best-mc_bald-init3p-batch3pb-epc5-budget30p-34895.pth,2924,886,29243,3.0,30.0,3.0,5,32167,cycle,2,4696,val,0.2146,0.8109,0.8034,0.9447,0.9577,0.8792,mean,0,-1,-1,-1,-1
octmnist,active,mc_bald,34895,octmnist-final_active_best-mc_bald-init3p-batch3pb-epc5-budget30p-34895.pth,2924,886,29243,3.0,30.0,3.0,5,32167,cycle,3,5582,val,0.2036,0.8189,0.8165,0.9373,0.9531,0.8814,mean,0,-1,-1,-1,-1
octmnist,active,mc_bald,34895,octmnist-final_active_best-mc_bald-init3p-batch3pb-epc5-budget30p-34895.pth,2924,886,29243,3.0,30.0,3.0,5,32167,cycle,4,6468,val,0.2029,0.697,0.6571,0.9365,0.9466,0.8093,mean,0,-1,-1,-1,-1
octmnist,active,mc_bald,34895,octmnist-final_active_best-mc_bald-init3p-batch3pb-epc5-budget30p-34895.pth,2924,886,29243,3.0,30.0,3.0,5,32167,cycle,5,7354,val,0.1335,0.8601,0.8575,0.9542,0.9639,0.909,mean,1,-1,-1,-1,-1
octmnist,active,mc_bald,34895,octmnist-final_active_best-mc_bald-init3p-batch3pb-epc5-budget30p-34895.pth,2924,886,29243,3.0,30.0,3.0,5,32167,cycle,6,8240,val,0.1297,0.8809,0.8803,0.9519,0.9635,0.9192,mean,1,-1,-1,-1,-1
octmnist,active,mc_bald,34895,octmnist-final_active_best-mc_bald-init3p-batch3pb-epc5-budget30p-34895.pth,2924,886,29243,3.0,30.0,3.0,5,32167,cycle,7,9126,val,0.121,0.8637,0.8614,0.9493,0.9557,0.9075,mean,0,-1,-1,-1,-1
octmnist,active,mc_bald,34895,octmnist-final_active_best-mc_bald-init3p-batch3pb-epc5-budget30p-34895.pth,2924,886,29243,3.0,30.0,3.0,5,32167,cycle,8,10012,val,0.0986,0.8898,0.8889,0.9588,0.9666,0.926,mean,1,-1,-1,-1,-1
octmnist,active,mc_bald,34895,octmnist-final_active_best-mc_bald-init3p-batch3pb-epc5-budget30p-34895.pth,2924,886,29243,3.0,30.0,3.0,5,32167,cycle,9,10898,val,0.0858,0.8712,0.869,0.9589,0.9675,0.9167,mean,0,-1,-1,-1,-1
octmnist,active,mc_bald,34895,octmnist-final_active_best-mc_bald-init3p-batch3pb-epc5-budget30p-34895.pth,2924,886,29243,3.0,30.0,3.0,5,32167,cycle,10,11784,val,0.1242,0.8357,0.8304,0.9481,0.954,0.8921,mean,0,-1,-1,-1,-1
octmnist,active,mc_bald,34895,octmnist-final_active_best-mc_bald-init3p-batch3pb-epc5-budget30p-34895.pth,2924,886,29243,3.0,30.0,3.0,5,32167,cycle,11,12670,val,0.0664,0.9001,0.8996,0.9607,0.9649,0.9313,mean,1,-1,-1,-1,-1
octmnist,active,mc_bald,34895,octmnist-final_active_best-mc_bald-init3p-batch3pb-epc5-budget30p-34895.pth,2924,886,29243,3.0,30.0,3.0,5,32167,cycle,12,13556,val,0.065,0.8817,0.8803,0.958,0.9647,0.9212,mean,0,-1,-1,-1,-1
octmnist,active,mc_bald,34895,octmnist-final_active_best-mc_bald-init3p-batch3pb-epc5-budget30p-34895.pth,2924,886,29243,3.0,30.0,3.0,5,32167,cycle,13,14442,val,0.0645,0.9077,0.9077,0.9624,0.9695,0.9368,mean,1,-1,-1,-1,-1
octmnist,active,mc_bald,34895,octmnist-final_active_best-mc_bald-init3p-batch3pb-epc5-budget30p-34895.pth,2924,886,29243,3.0,30.0,3.0,5,32167,cycle,14,15328,val,0.0554,0.9197,0.9196,0.9672,0.9723,0.9447,mean,1,-1,-1,-1,-1
octmnist,active,mc_bald,34895,octmnist-final_active_best-mc_bald-init3p-batch3pb-epc5-budget30p-34895.pth,2924,886,29243,3.0,30.0,3.0,5,32167,cycle,15,16214,val,0.1046,0.9042,0.904,0.9626,0.9723,0.9358,mean,0,-1,-1,-1,-1
octmnist,active,mc_bald,34895,octmnist-final_active_best-mc_bald-init3p-batch3pb-epc5-budget30p-34895.pth,2924,886,29243,3.0,30.0,3.0,5,32167,cycle,16,17100,val,0.1057,0.915,0.9146,0.9657,0.9704,0.9414,mean,0,-1,-1,-1,-1
octmnist,active,mc_bald,34895,octmnist-final_active_best-mc_bald-init3p-batch3pb-epc5-budget30p-34895.pth,2924,886,29243,3.0,30.0,3.0,5,32167,cycle,17,17986,val,0.047,0.9227,0.9226,0.9699,0.978,0.9483,mean,1,-1,-1,-1,-1
octmnist,active,mc_bald,34895,octmnist-final_active_best-mc_bald-init3p-batch3pb-epc5-budget30p-34895.pth,2924,886,29243,3.0,30.0,3.0,5,32167,cycle,18,18872,val,0.0484,0.9216,0.9216,0.9694,0.9773,0.9475,mean,0,-1,-1,-1,-1
octmnist,active,mc_bald,34895,octmnist-final_active_best-mc_bald-init3p-batch3pb-epc5-budget30p-34895.pth,2924,886,29243,3.0,30.0,3.0,5,32167,cycle,19,19758,val,0.0465,0.9187,0.9186,0.9661,0.9754,0.9447,mean,0,-1,-1,-1,-1
octmnist,active,mc_bald,34895,octmnist-final_active_best-mc_bald-init3p-batch3pb-epc5-budget30p-34895.pth,2924,886,29243,3.0,30.0,3.0,5,32167,cycle,20,20644,val,0.0417,0.9229,0.9228,0.9691,0.9766,0.9478,mean,0,-1,-1,-1,-1
octmnist,active,mc_bald,34895,octmnist-final_active_best-mc_bald-init3p-batch3pb-epc5-budget30p-34895.pth,2924,886,29243,3.0,30.0,3.0,5,32167,cycle,21,21530,val,0.0447,0.9208,0.9204,0.9709,0.9775,0.9474,mean,0,-1,-1,-1,-1
octmnist,active,mc_bald,34895,octmnist-final_active_best-mc_bald-init3p-batch3pb-epc5-budget30p-34895.pth,2924,886,29243,3.0,30.0,3.0,5,32167,cycle,22,22416,val,0.0396,0.9292,0.929,0.9725,0.9782,0.9522,mean,1,-1,-1,-1,-1
octmnist,active,mc_bald,34895,octmnist-final_active_best-mc_bald-init3p-batch3pb-epc5-budget30p-34895.pth,2924,886,29243,3.0,30.0,3.0,5,32167,cycle,23,23302,val,0.0388,0.9297,0.9295,0.9766,0.9827,0.9546,mean,1,-1,-1,-1,-1
octmnist,active,mc_bald,34895,octmnist-final_active_best-mc_bald-init3p-batch3pb-epc5-budget30p-34895.pth,2924,886,29243,3.0,30.0,3.0,5,32167,cycle,24,24188,val,0.0363,0.9215,0.921,0.9746,0.9797,0.9492,mean,0,-1,-1,-1,-1
octmnist,active,mc_bald,34895,octmnist-final_active_best-mc_bald-init3p-batch3pb-epc5-budget30p-34895.pth,2924,886,29243,3.0,30.0,3.0,5,32167,cycle,25,25074,val,0.1683,0.935,0.9349,0.9765,0.9823,0.9572,mean,1,-1,-1,-1,-1
octmnist,active,mc_bald,34895,octmnist-final_active_best-mc_bald-init3p-batch3pb-epc5-budget30p-34895.pth,2924,886,29243,3.0,30.0,3.0,5,32167,cycle,26,25960,val,0.0304,0.936,0.936,0.976,0.9823,0.9576,mean,1,-1,-1,-1,-1
octmnist,active,mc_bald,34895,octmnist-final_active_best-mc_bald-init3p-batch3pb-epc5-budget30p-34895.pth,2924,886,29243,3.0,30.0,3.0,5,32167,cycle,27,26846,val,0.0331,0.9336,0.9333,0.9773,0.9833,0.9569,mean,0,-1,-1,-1,-1
octmnist,active,mc_bald,34895,octmnist-final_active_best-mc_bald-init3p-batch3pb-epc5-budget30p-34895.pth,2924,886,29243,3.0,30.0,3.0,5,32167,cycle,28,27732,val,0.0335,0.91,0.9099,0.9723,0.9804,0.9432,mean,0,-1,-1,-1,-1
octmnist,active,mc_bald,34895,octmnist-final_active_best-mc_bald-init3p-batch3pb-epc5-budget30p-34895.pth,2924,886,29243,3.0,30.0,3.0,5,32167,cycle,29,28618,val,0.0289,0.9292,0.9289,0.9761,0.9823,0.9541,mean,0,-1,-1,-1,-1
octmnist,active,mc_bald,34895,octmnist-final_active_best-mc_bald-init3p-batch3pb-epc5-budget30p-34895.pth,2924,886,29243,3.0,30.0,3.0,5,32167,cycle,30,29504,val,0.0296,0.9272,0.9267,0.978,0.9832,0.9538,mean,0,-1,-1,-1,-1
octmnist,active,mc_bald,34895,octmnist-final_active_best-mc_bald-init3p-batch3pb-epc5-budget30p-34895.pth,2924,886,29243,3.0,30.0,3.0,5,32167,cycle,31,30390,val,0.0276,0.9196,0.919,0.9772,0.9825,0.9496,mean,0,-1,-1,-1,-1
octmnist,active,mc_bald,34895,octmnist-final_active_best-mc_bald-init3p-batch3pb-epc5-budget30p-34895.pth,2924,886,29243,3.0,30.0,3.0,5,32167,cycle,32,31276,val,0.0286,0.9393,0.9391,0.9787,0.9836,0.9602,mean,1,-1,-1,-1,-1
octmnist,active,mc_bald,34895,octmnist-final_active_best-mc_bald-init3p-batch3pb-epc5-budget30p-34895.pth,2924,886,29243,3.0,30.0,3.0,5,32167,cycle,33,32167,val,0.0261,0.9195,0.9195,0.9775,0.9836,0.95,mean,0,-1,-1,-1,-1
octmnist,active,mc_bald,34895,octmnist-final_active_best-mc_bald-init3p-batch3pb-epc5-budget30p-34895.pth,2924,886,29243,3.0,30.0,3.0,5,32167,final,-1,31276,test,-1,0.895,0.8657,0.9536,0.985,,mean,-1,681,36,214,69
octmnist,active,mc_bald,148932,octmnist-final_active_best-mc_bald-init3p-batch3pb-epc5-budget30p-148932.pth,2924,886,29243,3.0,30.0,3.0,5,32167,cycle,0,2924,val,0.5074,0.848,0.8479,0.9267,0.9381,0.8902,mean,1,-1,-1,-1,-1
octmnist,active,mc_bald,148932,octmnist-final_active_best-mc_bald-init3p-batch3pb-epc5-budget30p-148932.pth,2924,886,29243,3.0,30.0,3.0,5,32167,cycle,1,3810,val,0.257,0.8479,0.8472,0.9354,0.9513,0.8955,mean,1,-1,-1,-1,-1
octmnist,active,mc_bald,148932,octmnist-final_active_best-mc_bald-init3p-batch3pb-epc5-budget30p-148932.pth,2924,886,29243,3.0,30.0,3.0,5,32167,cycle,2,4696,val,0.2405,0.8744,0.8744,0.9421,0.9566,0.9119,mean,1,-1,-1,-1,-1
octmnist,active,mc_bald,148932,octmnist-final_active_best-mc_bald-init3p-batch3pb-epc5-budget30p-148932.pth,2924,886,29243,3.0,30.0,3.0,5,32167,cycle,3,5582,val,0.2068,0.7822,0.7768,0.9379,0.9537,0.8627,mean,0,-1,-1,-1,-1
octmnist,active,mc_bald,148932,octmnist-final_active_best-mc_bald-init3p-batch3pb-epc5-budget30p-148932.pth,2924,886,29243,3.0,30.0,3.0,5,32167,cycle,4,6468,val,0.1596,0.847,0.846,0.9407,0.9577,0.8979,mean,0,-1,-1,-1,-1
octmnist,active,mc_bald,148932,octmnist-final_active_best-mc_bald-init3p-batch3pb-epc5-budget30p-148932.pth,2924,886,29243,3.0,30.0,3.0,5,32167,cycle,5,7354,val,0.1417,0.7571,0.7377,0.9466,0.9564,0.8495,mean,0,-1,-1,-1,-1
octmnist,active,mc_bald,148932,octmnist-final_active_best-mc_bald-init3p-batch3pb-epc5-budget30p-148932.pth,2924,886,29243,3.0,30.0,3.0,5,32167,cycle,6,8240,val,0.1133,0.8924,0.8918,0.9575,0.9668,0.9272,mean,1,-1,-1,-1,-1
octmnist,active,mc_bald,148932,octmnist-final_active_best-mc_bald-init3p-batch3pb-epc5-budget30p-148932.pth,2924,886,29243,3.0,30.0,3.0,5,32167,cycle,7,9126,val,0.1096,0.8891,0.8891,0.9558,0.9679,0.9255,mean,0,-1,-1,-1,-1
octmnist,active,mc_bald,148932,octmnist-final_active_best-mc_bald-init3p-batch3pb-epc5-budget30p-148932.pth,2924,886,29243,3.0,30.0,3.0,5,32167,cycle,8,10012,val,0.1004,0.8892,0.889,0.9482,0.9621,0.9221,mean,0,-1,-1,-1,-1
octmnist,active,mc_bald,148932,octmnist-final_active_best-mc_bald-init3p-batch3pb-epc5-budget30p-148932.pth,2924,886,29243,3.0,30.0,3.0,5,32167,cycle,9,10898,val,0.086,0.9055,0.9052,0.961,0.9711,0.9357,mean,1,-1,-1,-1,-1
octmnist,active,mc_bald,148932,octmnist-final_active_best-mc_bald-init3p-batch3pb-epc5-budget30p-148932.pth,2924,886,29243,3.0,30.0,3.0,5,32167,cycle,10,11784,val,0.075,0.8915,0.8907,0.9597,0.9692,0.9278,mean,0,-1,-1,-1,-1
octmnist,active,mc_bald,148932,octmnist-final_active_best-mc_bald-init3p-batch3pb-epc5-budget30p-148932.pth,2924,886,29243,3.0,30.0,3.0,5,32167,cycle,11,12670,val,0.0811,0.8864,0.8863,0.9581,0.969,0.925,mean,0,-1,-1,-1,-1
octmnist,active,mc_bald,148932,octmnist-final_active_best-mc_bald-init3p-batch3pb-epc5-budget30p-148932.pth,2924,886,29243,3.0,30.0,3.0,5,32167,cycle,12,13556,val,0.0592,0.9077,0.9071,0.968,0.9759,0.9397,mean,1,-1,-1,-1,-1
octmnist,active,mc_bald,148932,octmnist-final_active_best-mc_bald-init3p-batch3pb-epc5-budget30p-148932.pth,2924,886,29243,3.0,30.0,3.0,5,32167,cycle,13,14442,val,0.0607,0.8826,0.8811,0.9622,0.9684,0.9236,mean,0,-1,-1,-1,-1
octmnist,active,mc_bald,148932,octmnist-final_active_best-mc_bald-init3p-batch3pb-epc5-budget30p-148932.pth,2924,886,29243,3.0,30.0,3.0,5,32167,cycle,14,15328,val,0.0558,0.912,0.912,0.9628,0.9727,0.9399,mean,1,-1,-1,-1,-1
octmnist,active,mc_bald,148932,octmnist-final_active_best-mc_bald-init3p-batch3pb-epc5-budget30p-148932.pth,2924,886,29243,3.0,30.0,3.0,5,32167,cycle,15,16214,val,0.0544,0.8658,0.8626,0.9661,0.9722,0.9167,mean,0,-1,-1,-1,-1
octmnist,active,mc_bald,148932,octmnist-final_active_best-mc_bald-init3p-batch3pb-epc5-budget30p-148932.pth,2924,886,29243,3.0,30.0,3.0,5,32167,cycle,16,17100,val,0.045,0.9213,0.9212,0.9681,0.9753,0.9465,mean,1,-1,-1,-1,-1
octmnist,active,mc_bald,148932,octmnist-final_active_best-mc_bald-init3p-batch3pb-epc5-budget30p-148932.pth,2924,886,29243,3.0,30.0,3.0,5,32167,cycle,17,17986,val,0.1133,0.9138,0.9138,0.9681,0.9766,0.943,mean,0,-1,-1,-1,-1
octmnist,active,mc_bald,148932,octmnist-final_active_best-mc_bald-init3p-batch3pb-epc5-budget30p-148932.pth,2924,886,29243,3.0,30.0,3.0,5,32167,cycle,18,18872,val,0.0417,0.8828,0.8824,0.9673,0.9759,0.9271,mean,0,-1,-1,-1,-1
octmnist,active,mc_bald,148932,octmnist-final_active_best-mc_bald-init3p-batch3pb-epc5-budget30p-148932.pth,2924,886,29243,3.0,30.0,3.0,5,32167,cycle,19,19758,val,0.0371,0.9189,0.9189,0.9728,0.9793,0.9475,mean,1,-1,-1,-1,-1
octmnist,active,mc_bald,148932,octmnist-final_active_best-mc_bald-init3p-batch3pb-epc5-budget30p-148932.pth,2924,886,29243,3.0,30.0,3.0,5,32167,cycle,20,20644,val,0.0413,0.9184,0.9184,0.9695,0.9779,0.946,mean,0,-1,-1,-1,-1
octmnist,active,mc_bald,148932,octmnist-final_active_best-mc_bald-init3p-batch3pb-epc5-budget30p-148932.pth,2924,886,29243,3.0,30.0,3.0,5,32167,cycle,21,21530,val,0.0516,0.9319,0.9318,0.9752,0.9818,0.9552,mean,1,-1,-1,-1,-1
octmnist,active,mc_bald,148932,octmnist-final_active_best-mc_bald-init3p-batch3pb-epc5-budget30p-148932.pth,2924,886,29243,3.0,30.0,3.0,5,32167,cycle,22,22416,val,0.0378,0.9281,0.9281,0.9721,0.9796,0.952,mean,0,-1,-1,-1,-1
octmnist,active,mc_bald,148932,octmnist-final_active_best-mc_bald-init3p-batch3pb-epc5-budget30p-148932.pth,2924,886,29243,3.0,30.0,3.0,5,32167,cycle,23,23302,val,0.0389,0.923,0.9226,0.9752,0.9815,0.9506,mean,0,-1,-1,-1,-1
octmnist,active,mc_bald,148932,octmnist-final_active_best-mc_bald-init3p-batch3pb-epc5-budget30p-148932.pth,2924,886,29243,3.0,30.0,3.0,5,32167,cycle,24,24188,val,0.0463,0.9311,0.9311,0.9749,0.9814,0.9546,mean,0,-1,-1,-1,-1
octmnist,active,mc_bald,148932,octmnist-final_active_best-mc_bald-init3p-batch3pb-epc5-budget30p-148932.pth,2924,886,29243,3.0,30.0,3.0,5,32167,cycle,25,25074,val,0.0325,0.9355,0.9354,0.9776,0.9836,0.958,mean,1,-1,-1,-1,-1
octmnist,active,mc_bald,148932,octmnist-final_active_best-mc_bald-init3p-batch3pb-epc5-budget30p-148932.pth,2924,886,29243,3.0,30.0,3.0,5,32167,cycle,26,25960,val,0.0769,0.9375,0.9374,0.9779,0.9839,0.9592,mean,1,-1,-1,-1,-1
octmnist,active,mc_bald,148932,octmnist-final_active_best-mc_bald-init3p-batch3pb-epc5-budget30p-148932.pth,2924,886,29243,3.0,30.0,3.0,5,32167,cycle,27,26846,val,0.0283,0.9355,0.9353,0.9767,0.9818,0.9573,mean,0,-1,-1,-1,-1
octmnist,active,mc_bald,148932,octmnist-final_active_best-mc_bald-init3p-batch3pb-epc5-budget30p-148932.pth,2924,886,29243,3.0,30.0,3.0,5,32167,cycle,28,27732,val,0.031,0.9424,0.9423,0.979,0.9846,0.9621,mean,1,-1,-1,-1,-1
octmnist,active,mc_bald,148932,octmnist-final_active_best-mc_bald-init3p-batch3pb-epc5-budget30p-148932.pth,2924,886,29243,3.0,30.0,3.0,5,32167,cycle,29,28618,val,0.0309,0.9395,0.9393,0.9782,0.9842,0.9603,mean,0,-1,-1,-1,-1
octmnist,active,mc_bald,148932,octmnist-final_active_best-mc_bald-init3p-batch3pb-epc5-budget30p-148932.pth,2924,886,29243,3.0,30.0,3.0,5,32167,cycle,30,29504,val,0.0303,0.9262,0.9262,0.9756,0.9828,0.9527,mean,0,-1,-1,-1,-1
octmnist,active,mc_bald,148932,octmnist-final_active_best-mc_bald-init3p-batch3pb-epc5-budget30p-148932.pth,2924,886,29243,3.0,30.0,3.0,5,32167,cycle,31,30390,val,0.0288,0.9248,0.9242,0.9798,0.9847,0.9534,mean,0,-1,-1,-1,-1
octmnist,active,mc_bald,148932,octmnist-final_active_best-mc_bald-init3p-batch3pb-epc5-budget30p-148932.pth,2924,886,29243,3.0,30.0,3.0,5,32167,cycle,32,31276,val,0.0232,0.9423,0.9422,0.9793,0.9845,0.9621,mean,0,-1,-1,-1,-1
octmnist,active,mc_bald,148932,octmnist-final_active_best-mc_bald-init3p-batch3pb-epc5-budget30p-148932.pth,2924,886,29243,3.0,30.0,3.0,5,32167,cycle,33,32167,val,0.0263,0.9413,0.9411,0.98,0.9847,0.9618,mean,0,-1,-1,-1,-1
octmnist,active,mc_bald,148932,octmnist-final_active_best-mc_bald-init3p-batch3pb-epc5-budget30p-148932.pth,2924,886,29243,3.0,30.0,3.0,5,32167,final,-1,27732,test,-1,0.873,0.8484,0.9481,0.982,,mean,-1,638,15,235,112
octmnist,active,entropy_diverse,17,octmnist-final_active_best-entropy_diverse-init3p-batch3pb-epc5-budget30p-17.pth,2924,886,29243,3.0,30.0,3.0,5,32167,cycle,0,2924,val,0.4916,0.7798,0.7756,0.9192,0.9344,0.8522,mean,1,-1,-1,-1,-1
octmnist,active,entropy_diverse,17,octmnist-final_active_best-entropy_diverse-init3p-batch3pb-epc5-budget30p-17.pth,2924,886,29243,3.0,30.0,3.0,5,32167,cycle,1,3810,val,0.2935,0.859,0.8587,0.941,0.9547,0.9033,mean,1,-1,-1,-1,-1
octmnist,active,entropy_diverse,17,octmnist-final_active_best-entropy_diverse-init3p-batch3pb-epc5-budget30p-17.pth,2924,886,29243,3.0,30.0,3.0,5,32167,cycle,2,4696,val,0.2559,0.8852,0.8846,0.9546,0.9665,0.9227,mean,1,-1,-1,-1,-1
octmnist,active,entropy_diverse,17,octmnist-final_active_best-entropy_diverse-init3p-batch3pb-epc5-budget30p-17.pth,2924,886,29243,3.0,30.0,3.0,5,32167,cycle,3,5582,val,0.2257,0.8964,0.8964,0.9554,0.9675,0.9289,mean,1,-1,-1,-1,-1
octmnist,active,entropy_diverse,17,octmnist-final_active_best-entropy_diverse-init3p-batch3pb-epc5-budget30p-17.pth,2924,886,29243,3.0,30.0,3.0,5,32167,cycle,4,6468,val,0.2169,0.8923,0.8922,0.9596,0.9709,0.9287,mean,0,-1,-1,-1,-1
octmnist,active,entropy_diverse,17,octmnist-final_active_best-entropy_diverse-init3p-batch3pb-epc5-budget30p-17.pth,2924,886,29243,3.0,30.0,3.0,5,32167,cycle,5,7354,val,0.1637,0.9056,0.9055,0.9587,0.9707,0.9351,mean,1,-1,-1,-1,-1
octmnist,active,entropy_diverse,17,octmnist-final_active_best-entropy_diverse-init3p-batch3pb-epc5-budget30p-17.pth,2924,886,29243,3.0,30.0,3.0,5,32167,cycle,6,8240,val,0.1559,0.8953,0.8947,0.9619,0.9728,0.9312,mean,0,-1,-1,-1,-1
octmnist,active,entropy_diverse,17,octmnist-final_active_best-entropy_diverse-init3p-batch3pb-epc5-budget30p-17.pth,2924,886,29243,3.0,30.0,3.0,5,32167,cycle,7,9126,val,0.1177,0.8856,0.8843,0.9662,0.9756,0.9279,mean,0,-1,-1,-1,-1
octmnist,active,entropy_diverse,17,octmnist-final_active_best-entropy_diverse-init3p-batch3pb-epc5-budget30p-17.pth,2924,886,29243,3.0,30.0,3.0,5,32167,cycle,8,10012,val,0.1,0.8701,0.8674,0.9636,0.9698,0.9177,mean,0,-1,-1,-1,-1
octmnist,active,entropy_diverse,17,octmnist-final_active_best-entropy_diverse-init3p-batch3pb-epc5-budget30p-17.pth,2924,886,29243,3.0,30.0,3.0,5,32167,cycle,9,10898,val,0.2426,0.8073,0.8058,0.9228,0.9344,0.8676,mean,0,-1,-1,-1,-1
octmnist,active,entropy_diverse,17,octmnist-final_active_best-entropy_diverse-init3p-batch3pb-epc5-budget30p-17.pth,2924,886,29243,3.0,30.0,3.0,5,32167,cycle,10,11784,val,0.4667,0.8744,0.8743,0.9434,0.9599,0.913,mean,0,-1,-1,-1,-1
octmnist,active,entropy_diverse,17,octmnist-final_active_best-entropy_diverse-init3p-batch3pb-epc5-budget30p-17.pth,2924,886,29243,3.0,30.0,3.0,5,32167,cycle,11,12670,val,0.3022,0.9036,0.9036,0.966,0.9762,0.9373,mean,1,-1,-1,-1,-1
octmnist,active,entropy_diverse,17,octmnist-final_active_best-entropy_diverse-init3p-batch3pb-epc5-budget30p-17.pth,2924,886,29243,3.0,30.0,3.0,5,32167,cycle,12,13556,val,0.1321,0.8996,0.8985,0.9722,0.979,0.9373,mean,0,-1,-1,-1,-1
octmnist,active,entropy_diverse,17,octmnist-final_active_best-entropy_diverse-init3p-batch3pb-epc5-budget30p-17.pth,2924,886,29243,3.0,30.0,3.0,5,32167,cycle,13,14442,val,0.0847,0.9156,0.9155,0.9696,0.9775,0.9446,mean,1,-1,-1,-1,-1
octmnist,active,entropy_diverse,17,octmnist-final_active_best-entropy_diverse-init3p-batch3pb-epc5-budget30p-17.pth,2924,886,29243,3.0,30.0,3.0,5,32167,cycle,14,15328,val,0.4344,0.9175,0.9175,0.9703,0.9787,0.946,mean,1,-1,-1,-1,-1
octmnist,active,entropy_diverse,17,octmnist-final_active_best-entropy_diverse-init3p-batch3pb-epc5-budget30p-17.pth,2924,886,29243,3.0,30.0,3.0,5,32167,cycle,15,16214,val,0.2499,0.9226,0.9224,0.9724,0.9803,0.9494,mean,1,-1,-1,-1,-1
octmnist,active,entropy_diverse,17,octmnist-final_active_best-entropy_diverse-init3p-batch3pb-epc5-budget30p-17.pth,2924,886,29243,3.0,30.0,3.0,5,32167,cycle,16,17100,val,0.4256,0.9216,0.9215,0.9718,0.9799,0.9487,mean,0,-1,-1,-1,-1
octmnist,active,entropy_diverse,17,octmnist-final_active_best-entropy_diverse-init3p-batch3pb-epc5-budget30p-17.pth,2924,886,29243,3.0,30.0,3.0,5,32167,cycle,17,17986,val,0.1544,0.9225,0.9222,0.9736,0.9804,0.9497,mean,1,-1,-1,-1,-1
octmnist,active,entropy_diverse,17,octmnist-final_active_best-entropy_diverse-init3p-batch3pb-epc5-budget30p-17.pth,2924,886,29243,3.0,30.0,3.0,5,32167,cycle,18,18872,val,0.0753,0.9287,0.9286,0.9736,0.9806,0.9529,mean,1,-1,-1,-1,-1
octmnist,active,entropy_diverse,17,octmnist-final_active_best-entropy_diverse-init3p-batch3pb-epc5-budget30p-17.pth,2924,886,29243,3.0,30.0,3.0,5,32167,cycle,19,19758,val,0.0627,0.9257,0.9257,0.9725,0.9805,0.9511,mean,0,-1,-1,-1,-1
octmnist,active,entropy_diverse,17,octmnist-final_active_best-entropy_diverse-init3p-batch3pb-epc5-budget30p-17.pth,2924,886,29243,3.0,30.0,3.0,5,32167,cycle,20,20644,val,0.0521,0.9281,0.928,0.9691,0.973,0.9495,mean,0,-1,-1,-1,-1
octmnist,active,entropy_diverse,17,octmnist-final_active_best-entropy_diverse-init3p-batch3pb-epc5-budget30p-17.pth,2924,886,29243,3.0,30.0,3.0,5,32167,cycle,21,21530,val,0.0468,0.9276,0.9276,0.9712,0.979,0.9513,mean,0,-1,-1,-1,-1
octmnist,active,entropy_diverse,17,octmnist-final_active_best-entropy_diverse-init3p-batch3pb-epc5-budget30p-17.pth,2924,886,29243,3.0,30.0,3.0,5,32167,cycle,22,22416,val,0.042,0.9318,0.9317,0.9729,0.9781,0.9536,mean,1,-1,-1,-1,-1
octmnist,active,entropy_diverse,17,octmnist-final_active_best-entropy_diverse-init3p-batch3pb-epc5-budget30p-17.pth,2924,886,29243,3.0,30.0,3.0,5,32167,cycle,23,23302,val,0.0376,0.9045,0.9034,0.9772,0.9827,0.9419,mean,0,-1,-1,-1,-1
octmnist,active,entropy_diverse,17,octmnist-final_active_best-entropy_diverse-init3p-batch3pb-epc5-budget30p-17.pth,2924,886,29243,3.0,30.0,3.0,5,32167,cycle,24,24188,val,0.0382,0.9314,0.9314,0.9731,0.9815,0.9544,mean,1,-1,-1,-1,-1
octmnist,active,entropy_diverse,17,octmnist-final_active_best-entropy_diverse-init3p-batch3pb-epc5-budget30p-17.pth,2924,886,29243,3.0,30.0,3.0,5,32167,cycle,25,25074,val,0.0318,0.9342,0.9342,0.9734,0.9815,0.9558,mean,1,-1,-1,-1,-1
octmnist,active,entropy_diverse,17,octmnist-final_active_best-entropy_diverse-init3p-batch3pb-epc5-budget30p-17.pth,2924,886,29243,3.0,30.0,3.0,5,32167,cycle,26,25960,val,0.0295,0.9344,0.9343,0.9759,0.9829,0.9569,mean,1,-1,-1,-1,-1
octmnist,active,entropy_diverse,17,octmnist-final_active_best-entropy_diverse-init3p-batch3pb-epc5-budget30p-17.pth,2924,886,29243,3.0,30.0,3.0,5,32167,cycle,27,26846,val,0.0295,0.9238,0.9238,0.9739,0.9814,0.9507,mean,0,-1,-1,-1,-1
octmnist,active,entropy_diverse,17,octmnist-final_active_best-entropy_diverse-init3p-batch3pb-epc5-budget30p-17.pth,2924,886,29243,3.0,30.0,3.0,5,32167,cycle,28,27732,val,0.0264,0.9348,0.9346,0.9742,0.9789,0.9557,mean,0,-1,-1,-1,-1
octmnist,active,entropy_diverse,17,octmnist-final_active_best-entropy_diverse-init3p-batch3pb-epc5-budget30p-17.pth,2924,886,29243,3.0,30.0,3.0,5,32167,cycle,29,28618,val,0.0294,0.928,0.9277,0.9753,0.9806,0.9529,mean,0,-1,-1,-1,-1
octmnist,active,entropy_diverse,17,octmnist-final_active_best-entropy_diverse-init3p-batch3pb-epc5-budget30p-17.pth,2924,886,29243,3.0,30.0,3.0,5,32167,cycle,30,29504,val,0.0272,0.939,0.9388,0.9782,0.9842,0.96,mean,1,-1,-1,-1,-1
octmnist,active,entropy_diverse,17,octmnist-final_active_best-entropy_diverse-init3p-batch3pb-epc5-budget30p-17.pth,2924,886,29243,3.0,30.0,3.0,5,32167,cycle,31,30390,val,0.0268,0.9346,0.9344,0.9784,0.9838,0.9578,mean,0,-1,-1,-1,-1
octmnist,active,entropy_diverse,17,octmnist-final_active_best-entropy_diverse-init3p-batch3pb-epc5-budget30p-17.pth,2924,886,29243,3.0,30.0,3.0,5,32167,cycle,32,31276,val,0.0256,0.9162,0.9153,0.9806,0.9855,0.9494,mean,0,-1,-1,-1,-1
octmnist,active,entropy_diverse,17,octmnist-final_active_best-entropy_diverse-init3p-batch3pb-epc5-budget30p-17.pth,2924,886,29243,3.0,30.0,3.0,5,32167,cycle,33,32167,val,0.0252,0.9056,0.9042,0.9799,0.9835,0.9433,mean,0,-1,-1,-1,-1
octmnist,active,entropy_diverse,17,octmnist-final_active_best-entropy_diverse-init3p-batch3pb-epc5-budget30p-17.pth,2924,886,29243,3.0,30.0,3.0,5,32167,final,-1,29504,test,-1,0.9,0.872,0.9567,0.9854,,mean,-1,684,34,216,66
octmnist,active,entropy_diverse,246,octmnist-final_active_best-entropy_diverse-init3p-batch3pb-epc5-budget30p-246.pth,2924,886,29243,3.0,30.0,3.0,5,32167,cycle,0,2924,val,0.4764,0.8141,0.8126,0.9129,0.9323,0.868,mean,1,-1,-1,-1,-1
octmnist,active,entropy_diverse,246,octmnist-final_active_best-entropy_diverse-init3p-batch3pb-epc5-budget30p-246.pth,2924,886,29243,3.0,30.0,3.0,5,32167,cycle,1,3810,val,0.3153,0.8023,0.7947,0.9294,0.941,0.8669,mean,0,-1,-1,-1,-1
octmnist,active,entropy_diverse,246,octmnist-final_active_best-entropy_diverse-init3p-batch3pb-epc5-budget30p-246.pth,2924,886,29243,3.0,30.0,3.0,5,32167,cycle,2,4696,val,0.278,0.861,0.8606,0.9421,0.9568,0.9051,mean,1,-1,-1,-1,-1
octmnist,active,entropy_diverse,246,octmnist-final_active_best-entropy_diverse-init3p-batch3pb-epc5-budget30p-246.pth,2924,886,29243,3.0,30.0,3.0,5,32167,cycle,3,5582,val,0.19,0.8481,0.8453,0.9501,0.9621,0.9014,mean,0,-1,-1,-1,-1
octmnist,active,entropy_diverse,246,octmnist-final_active_best-entropy_diverse-init3p-batch3pb-epc5-budget30p-246.pth,2924,886,29243,3.0,30.0,3.0,5,32167,cycle,4,6468,val,0.1824,0.8262,0.8207,0.949,0.9598,0.8889,mean,0,-1,-1,-1,-1
octmnist,active,entropy_diverse,246,octmnist-final_active_best-entropy_diverse-init3p-batch3pb-epc5-budget30p-246.pth,2924,886,29243,3.0,30.0,3.0,5,32167,cycle,5,7354,val,0.1671,0.7271,0.6978,0.9465,0.9527,0.831,mean,0,-1,-1,-1,-1
octmnist,active,entropy_diverse,246,octmnist-final_active_best-entropy_diverse-init3p-batch3pb-epc5-budget30p-246.pth,2924,886,29243,3.0,30.0,3.0,5,32167,cycle,6,8240,val,0.1258,0.8904,0.8904,0.9581,0.9698,0.9272,mean,1,-1,-1,-1,-1
octmnist,active,entropy_diverse,246,octmnist-final_active_best-entropy_diverse-init3p-batch3pb-epc5-budget30p-246.pth,2924,886,29243,3.0,30.0,3.0,5,32167,cycle,7,9126,val,0.1149,0.8942,0.8942,0.9553,0.9674,0.9278,mean,1,-1,-1,-1,-1
octmnist,active,entropy_diverse,246,octmnist-final_active_best-entropy_diverse-init3p-batch3pb-epc5-budget30p-246.pth,2924,886,29243,3.0,30.0,3.0,5,32167,cycle,8,10012,val,0.0955,0.8647,0.8641,0.9538,0.9665,0.9123,mean,0,-1,-1,-1,-1
octmnist,active,entropy_diverse,246,octmnist-final_active_best-entropy_diverse-init3p-batch3pb-epc5-budget30p-246.pth,2924,886,29243,3.0,30.0,3.0,5,32167,cycle,9,10898,val,0.0724,0.9046,0.9046,0.9592,0.9692,0.9344,mean,1,-1,-1,-1,-1
octmnist,active,entropy_diverse,246,octmnist-final_active_best-entropy_diverse-init3p-batch3pb-epc5-budget30p-246.pth,2924,886,29243,3.0,30.0,3.0,5,32167,cycle,10,11784,val,0.0807,0.9165,0.9164,0.9652,0.9744,0.9431,mean,1,-1,-1,-1,-1
octmnist,active,entropy_diverse,246,octmnist-final_active_best-entropy_diverse-init3p-batch3pb-epc5-budget30p-246.pth,2924,886,29243,3.0,30.0,3.0,5,32167,cycle,11,12670,val,0.1139,0.9174,0.9173,0.967,0.9762,0.9445,mean,1,-1,-1,-1,-1
octmnist,active,entropy_diverse,246,octmnist-final_active_best-entropy_diverse-init3p-batch3pb-epc5-budget30p-246.pth,2924,886,29243,3.0,30.0,3.0,5,32167,cycle,12,13556,val,0.0736,0.8967,0.8957,0.9662,0.9733,0.933,mean,0,-1,-1,-1,-1
octmnist,active,entropy_diverse,246,octmnist-final_active_best-entropy_diverse-init3p-batch3pb-epc5-budget30p-246.pth,2924,886,29243,3.0,30.0,3.0,5,32167,cycle,13,14442,val,0.0912,0.908,0.9074,0.9673,0.9755,0.9395,mean,0,-1,-1,-1,-1
octmnist,active,entropy_diverse,246,octmnist-final_active_best-entropy_diverse-init3p-batch3pb-epc5-budget30p-246.pth,2924,886,29243,3.0,30.0,3.0,5,32167,cycle,14,15328,val,0.0568,0.9093,0.9086,0.9727,0.9791,0.9424,mean,0,-1,-1,-1,-1
octmnist,active,entropy_diverse,246,octmnist-final_active_best-entropy_diverse-init3p-batch3pb-epc5-budget30p-246.pth,2924,886,29243,3.0,30.0,3.0,5,32167,cycle,15,16214,val,0.0575,0.8881,0.8864,0.9679,0.9731,0.9289,mean,0,-1,-1,-1,-1
octmnist,active,entropy_diverse,246,octmnist-final_active_best-entropy_diverse-init3p-batch3pb-epc5-budget30p-246.pth,2924,886,29243,3.0,30.0,3.0,5,32167,cycle,16,17100,val,0.0519,0.912,0.912,0.9687,0.9764,0.9423,mean,0,-1,-1,-1,-1
octmnist,active,entropy_diverse,246,octmnist-final_active_best-entropy_diverse-init3p-batch3pb-epc5-budget30p-246.pth,2924,886,29243,3.0,30.0,3.0,5,32167,cycle,17,17986,val,0.1063,0.926,0.9259,0.9712,0.9779,0.9502,mean,1,-1,-1,-1,-1
octmnist,active,entropy_diverse,246,octmnist-final_active_best-entropy_diverse-init3p-batch3pb-epc5-budget30p-246.pth,2924,886,29243,3.0,30.0,3.0,5,32167,cycle,18,18872,val,0.0399,0.9032,0.9021,0.972,0.9778,0.9388,mean,0,-1,-1,-1,-1
octmnist,active,entropy_diverse,246,octmnist-final_active_best-entropy_diverse-init3p-batch3pb-epc5-budget30p-246.pth,2924,886,29243,3.0,30.0,3.0,5,32167,cycle,19,19758,val,0.0404,0.8523,0.8479,0.9608,0.9624,0.9058,mean,0,-1,-1,-1,-1
octmnist,active,entropy_diverse,246,octmnist-final_active_best-entropy_diverse-init3p-batch3pb-epc5-budget30p-246.pth,2924,886,29243,3.0,30.0,3.0,5,32167,cycle,20,20644,val,0.038,0.9282,0.9282,0.9727,0.9799,0.9522,mean,1,-1,-1,-1,-1
octmnist,active,entropy_diverse,246,octmnist-final_active_best-entropy_diverse-init3p-batch3pb-epc5-budget30p-246.pth,2924,886,29243,3.0,30.0,3.0,5,32167,cycle,21,21530,val,0.0432,0.9213,0.921,0.9732,0.9804,0.949,mean,0,-1,-1,-1,-1
octmnist,active,entropy_diverse,246,octmnist-final_active_best-entropy_diverse-init3p-batch3pb-epc5-budget30p-246.pth,2924,886,29243,3.0,30.0,3.0,5,32167,cycle,22,22416,val,0.04,0.9219,0.9219,0.9688,0.9777,0.9476,mean,0,-1,-1,-1,-1
octmnist,active,entropy_diverse,246,octmnist-final_active_best-entropy_diverse-init3p-batch3pb-epc5-budget30p-246.pth,2924,886,29243,3.0,30.0,3.0,5,32167,cycle,23,23302,val,0.0314,0.9351,0.935,0.975,0.9818,0.9567,mean,1,-1,-1,-1,-1
octmnist,active,entropy_diverse,246,octmnist-final_active_best-entropy_diverse-init3p-batch3pb-epc5-budget30p-246.pth,2924,886,29243,3.0,30.0,3.0,5,32167,cycle,24,24188,val,0.0908,0.9311,0.9311,0.9746,0.982,0.9547,mean,0,-1,-1,-1,-1
octmnist,active,entropy_diverse,246,octmnist-final_active_best-entropy_diverse-init3p-batch3pb-epc5-budget30p-246.pth,2924,886,29243,3.0,30.0,3.0,5,32167,cycle,25,25074,val,0.0313,0.9404,0.9403,0.9777,0.9832,0.9604,mean,1,-1,-1,-1,-1
octmnist,active,entropy_diverse,246,octmnist-final_active_best-entropy_diverse-init3p-batch3pb-epc5-budget30p-246.pth,2924,886,29243,3.0,30.0,3.0,5,32167,cycle,26,25960,val,0.0293,0.9388,0.9387,0.9768,0.9832,0.9594,mean,0,-1,-1,-1,-1
octmnist,active,entropy_diverse,246,octmnist-final_active_best-entropy_diverse-init3p-batch3pb-epc5-budget30p-246.pth,2924,886,29243,3.0,30.0,3.0,5,32167,cycle,27,26846,val,0.0446,0.9333,0.9332,0.9756,0.9823,0.9561,mean,0,-1,-1,-1,-1
octmnist,active,entropy_diverse,246,octmnist-final_active_best-entropy_diverse-init3p-batch3pb-epc5-budget30p-246.pth,2924,886,29243,3.0,30.0,3.0,5,32167,cycle,28,27732,val,0.0306,0.9369,0.9367,0.9777,0.9835,0.9587,mean,0,-1,-1,-1,-1
octmnist,active,entropy_diverse,246,octmnist-final_active_best-entropy_diverse-init3p-batch3pb-epc5-budget30p-246.pth,2924,886,29243,3.0,30.0,3.0,5,32167,cycle,29,28618,val,0.0293,0.9403,0.9401,0.9787,0.9844,0.9609,mean,1,-1,-1,-1,-1
octmnist,active,entropy_diverse,246,octmnist-final_active_best-entropy_diverse-init3p-batch3pb-epc5-budget30p-246.pth,2924,886,29243,3.0,30.0,3.0,5,32167,cycle,30,29504,val,0.0287,0.9384,0.9384,0.9789,0.9844,0.96,mean,0,-1,-1,-1,-1
octmnist,active,entropy_diverse,246,octmnist-final_active_best-entropy_diverse-init3p-batch3pb-epc5-budget30p-246.pth,2924,886,29243,3.0,30.0,3.0,5,32167,cycle,31,30390,val,0.0248,0.941,0.9408,0.9797,0.9853,0.9617,mean,1,-1,-1,-1,-1
octmnist,active,entropy_diverse,246,octmnist-final_active_best-entropy_diverse-init3p-batch3pb-epc5-budget30p-246.pth,2924,886,29243,3.0,30.0,3.0,5,32167,cycle,32,31276,val,0.1006,0.9386,0.9385,0.9769,0.9826,0.9592,mean,0,-1,-1,-1,-1
octmnist,active,entropy_diverse,246,octmnist-final_active_best-entropy_diverse-init3p-batch3pb-epc5-budget30p-246.pth,2924,886,29243,3.0,30.0,3.0,5,32167,cycle,33,32167,val,0.017,0.9412,0.9411,0.9781,0.9837,0.961,mean,0,-1,-1,-1,-1
octmnist,active,entropy_diverse,246,octmnist-final_active_best-entropy_diverse-init3p-batch3pb-epc5-budget30p-246.pth,2924,886,29243,3.0,30.0,3.0,5,32167,final,-1,30390,test,-1,0.877,0.8442,0.9484,0.9833,,mean,-1,668,41,209,82
octmnist,active,entropy_diverse,9012,octmnist-final_active_best-entropy_diverse-init3p-batch3pb-epc5-budget30p-9012.pth,2924,886,29243,3.0,30.0,3.0,5,32167,cycle,0,2924,val,0.4882,0.5831,0.5217,0.8765,0.9013,0.7207,mean,1,-1,-1,-1,-1
octmnist,active,entropy_diverse,9012,octmnist-final_active_best-entropy_diverse-init3p-batch3pb-epc5-budget30p-9012.pth,2924,886,29243,3.0,30.0,3.0,5,32167,cycle,1,3810,val,0.2301,0.6047,0.5062,0.928,0.9375,0.7441,mean,1,-1,-1,-1,-1
octmnist,active,entropy_diverse,9012,octmnist-final_active_best-entropy_diverse-init3p-batch3pb-epc5-budget30p-9012.pth,2924,886,29243,3.0,30.0,3.0,5,32167,cycle,2,4696,val,0.1846,0.86,0.8596,0.9441,0.9572,0.9052,mean,1,-1,-1,-1,-1
octmnist,active,entropy_diverse,9012,octmnist-final_active_best-entropy_diverse-init3p-batch3pb-epc5-budget30p-9012.pth,2924,886,29243,3.0,30.0,3.0,5,32167,cycle,3,5582,val,0.1754,0.8744,0.8743,0.9438,0.9592,0.9129,mean,1,-1,-1,-1,-1
octmnist,active,entropy_diverse,9012,octmnist-final_active_best-entropy_diverse-init3p-batch3pb-epc5-budget30p-9012.pth,2924,886,29243,3.0,30.0,3.0,5,32167,cycle,4,6468,val,0.1799,0.8667,0.8645,0.9556,0.9637,0.9126,mean,0,-1,-1,-1,-1
octmnist,active,entropy_diverse,9012,octmnist-final_active_best-entropy_diverse-init3p-batch3pb-epc5-budget30p-9012.pth,2924,886,29243,3.0,30.0,3.0,5,32167,cycle,5,7354,val,0.1607,0.8634,0.861,0.9592,0.9699,0.9134,mean,1,-1,-1,-1,-1
octmnist,active,entropy_diverse,9012,octmnist-final_active_best-entropy_diverse-init3p-batch3pb-epc5-budget30p-9012.pth,2924,886,29243,3.0,30.0,3.0,5,32167,cycle,6,8240,val,0.1485,0.8599,0.8576,0.9548,0.9646,0.9092,mean,0,-1,-1,-1,-1
octmnist,active,entropy_diverse,9012,octmnist-final_active_best-entropy_diverse-init3p-batch3pb-epc5-budget30p-9012.pth,2924,886,29243,3.0,30.0,3.0,5,32167,cycle,7,9126,val,0.1291,0.8876,0.8874,0.9564,0.9685,0.925,mean,1,-1,-1,-1,-1
octmnist,active,entropy_diverse,9012,octmnist-final_active_best-entropy_diverse-init3p-batch3pb-epc5-budget30p-9012.pth,2924,886,29243,3.0,30.0,3.0,5,32167,cycle,8,10012,val,0.101,0.9112,0.9111,0.9648,0.9737,0.9402,mean,1,-1,-1,-1,-1
octmnist,active,entropy_diverse,9012,octmnist-final_active_best-entropy_diverse-init3p-batch3pb-epc5-budget30p-9012.pth,2924,886,29243,3.0,30.0,3.0,5,32167,cycle,9,10898,val,0.1061,0.8924,0.8923,0.9621,0.9728,0.9299,mean,0,-1,-1,-1,-1
octmnist,active,entropy_diverse,9012,octmnist-final_active_best-entropy_diverse-init3p-batch3pb-epc5-budget30p-9012.pth,2924,886,29243,3.0,30.0,3.0,5,32167,cycle,10,11784,val,0.0824,0.8964,0.8964,0.9579,0.9687,0.9299,mean,0,-1,-1,-1,-1
octmnist,active,entropy_diverse,9012,octmnist-final_active_best-entropy_diverse-init3p-batch3pb-epc5-budget30p-9012.pth,2924,886,29243,3.0,30.0,3.0,5,32167,cycle,11,12670,val,0.0632,0.9122,0.9119,0.9678,0.9767,0.9422,mean,1,-1,-1,-1,-1
octmnist,active,entropy_diverse,9012,octmnist-final_active_best-entropy_diverse-init3p-batch3pb-epc5-budget30p-9012.pth,2924,886,29243,3.0,30.0,3.0,5,32167,cycle,12,13556,val,0.0973,0.9018,0.901,0.9648,0.9689,0.9341,mean,0,-1,-1,-1,-1
octmnist,active,entropy_diverse,9012,octmnist-final_active_best-entropy_diverse-init3p-batch3pb-epc5-budget30p-9012.pth,2924,886,29243,3.0,30.0,3.0,5,32167,cycle,13,14442,val,0.0684,0.9198,0.9197,0.9689,0.9774,0.9465,mean,1,-1,-1,-1,-1
octmnist,active,entropy_diverse,9012,octmnist-final_active_best-entropy_diverse-init3p-batch3pb-epc5-budget30p-9012.pth,2924,886,29243,3.0,30.0,3.0,5,32167,cycle,14,15328,val,0.0585,0.9194,0.9194,0.9684,0.9767,0.946,mean,0,-1,-1,-1,-1
octmnist,active,entropy_diverse,9012,octmnist-final_active_best-entropy_diverse-init3p-batch3pb-epc5-budget30p-9012.pth,2924,886,29243,3.0,30.0,3.0,5,32167,cycle,15,16214,val,0.0543,0.922,0.9218,0.9704,0.9778,0.948,mean,1,-1,-1,-1,-1
octmnist,active,entropy_diverse,9012,octmnist-final_active_best-entropy_diverse-init3p-batch3pb-epc5-budget30p-9012.pth,2924,886,29243,3.0,30.0,3.0,5,32167,cycle,16,17100,val,0.0541,0.9143,0.9139,0.9692,0.9754,0.9432,mean,0,-1,-1,-1,-1
octmnist,active,entropy_diverse,9012,octmnist-final_active_best-entropy_diverse-init3p-batch3pb-epc5-budget30p-9012.pth,2924,886,29243,3.0,30.0,3.0,5,32167,cycle,17,17986,val,0.0489,0.9218,0.9218,0.9716,0.9786,0.9484,mean,1,-1,-1,-1,-1
octmnist,active,entropy_diverse,9012,octmnist-final_active_best-entropy_diverse-init3p-batch3pb-epc5-budget30p-9012.pth,2924,886,29243,3.0,30.0,3.0,5,32167,cycle,18,18872,val,0.0446,0.8576,0.8535,0.9647,0.9652,0.9102,mean,0,-1,-1,-1,-1
octmnist,active,entropy_diverse,9012,octmnist-final_active_best-entropy_diverse-init3p-batch3pb-epc5-budget30p-9012.pth,2924,886,29243,3.0,30.0,3.0,5,32167,cycle,19,19758,val,0.0389,0.9175,0.9169,0.9721,0.9788,0.9463,mean,0,-1,-1,-1,-1
octmnist,active,entropy_diverse,9012,octmnist-final_active_best-entropy_diverse-init3p-batch3pb-epc5-budget30p-9012.pth,2924,886,29243,3.0,30.0,3.0,5,32167,cycle,20,20644,val,0.0367,0.9124,0.9117,0.9726,0.9774,0.9435,mean,0,-1,-1,-1,-1
octmnist,active,entropy_diverse,9012,octmnist-final_active_best-entropy_diverse-init3p-batch3pb-epc5-budget30p-9012.pth,2924,886,29243,3.0,30.0,3.0,5,32167,cycle,21,21530,val,0.0405,0.9219,0.9219,0.9723,0.98,0.949,mean,1,-1,-1,-1,-1
octmnist,active,entropy_diverse,9012,octmnist-final_active_best-entropy_diverse-init3p-batch3pb-epc5-budget30p-9012.pth,2924,886,29243,3.0,30.0,3.0,5,32167,cycle,22,22416,val,0.0443,0.888,0.8879,0.9595,0.97,0.9264,mean,0,-1,-1,-1,-1
octmnist,active,entropy_diverse,9012,octmnist-final_active_best-entropy_diverse-init3p-batch3pb-epc5-budget30p-9012.pth,2924,886,29243,3.0,30.0,3.0,5,32167,cycle,23,23302,val,0.0414,0.9243,0.9239,0.9752,0.9795,0.9507,mean,1,-1,-1,-1,-1
octmnist,active,entropy_diverse,9012,octmnist-final_active_best-entropy_diverse-init3p-batch3pb-epc5-budget30p-9012.pth,2924,886,29243,3.0,30.0,3.0,5,32167,cycle,24,24188,val,0.0291,0.935,0.9349,0.9751,0.9807,0.9564,mean,1,-1,-1,-1,-1
octmnist,active,entropy_diverse,9012,octmnist-final_active_best-entropy_diverse-init3p-batch3pb-epc5-budget30p-9012.pth,2924,886,29243,3.0,30.0,3.0,5,32167,cycle,25,25074,val,0.0302,0.9347,0.9346,0.9767,0.9825,0.9571,mean,1,-1,-1,-1,-1
octmnist,active,entropy_diverse,9012,octmnist-final_active_best-entropy_diverse-init3p-batch3pb-epc5-budget30p-9012.pth,2924,886,29243,3.0,30.0,3.0,5,32167,cycle,26,25960,val,0.0321,0.9182,0.9175,0.9762,0.9769,0.9472,mean,0,-1,-1,-1,-1
octmnist,active,entropy_diverse,9012,octmnist-final_active_best-entropy_diverse-init3p-batch3pb-epc5-budget30p-9012.pth,2924,886,29243,3.0,30.0,3.0,5,32167,cycle,27,26846,val,0.031,0.9139,0.913,0.978,0.9807,0.9464,mean,0,-1,-1,-1,-1
octmnist,active,entropy_diverse,9012,octmnist-final_active_best-entropy_diverse-init3p-batch3pb-epc5-budget30p-9012.pth,2924,886,29243,3.0,30.0,3.0,5,32167,cycle,28,27732,val,0.0311,0.9345,0.9345,0.9749,0.982,0.9565,mean,0,-1,-1,-1,-1
octmnist,active,entropy_diverse,9012,octmnist-final_active_best-entropy_diverse-init3p-batch3pb-epc5-budget30p-9012.pth,2924,886,29243,3.0,30.0,3.0,5,32167,cycle,29,28618,val,0.0242,0.9339,0.9335,0.9796,0.9853,0.9581,mean,1,-1,-1,-1,-1
octmnist,active,entropy_diverse,9012,octmnist-final_active_best-entropy_diverse-init3p-batch3pb-epc5-budget30p-9012.pth,2924,886,29243,3.0,30.0,3.0,5,32167,cycle,30,29504,val,0.0728,0.941,0.9409,0.9774,0.9837,0.9608,mean,1,-1,-1,-1,-1
octmnist,active,entropy_diverse,9012,octmnist-final_active_best-entropy_diverse-init3p-batch3pb-epc5-budget30p-9012.pth,2924,886,29243,3.0,30.0,3.0,5,32167,cycle,31,30390,val,0.0145,0.9433,0.9432,0.9785,0.9835,0.9621,mean,1,-1,-1,-1,-1
octmnist,active,entropy_diverse,9012,octmnist-final_active_best-entropy_diverse-init3p-batch3pb-epc5-budget30p-9012.pth,2924,886,29243,3.0,30.0,3.0,5,32167,cycle,32,31276,val,0.0212,0.9321,0.9317,0.9792,0.9846,0.9569,mean,0,-1,-1,-1,-1
octmnist,active,entropy_diverse,9012,octmnist-final_active_best-entropy_diverse-init3p-batch3pb-epc5-budget30p-9012.pth,2924,886,29243,3.0,30.0,3.0,5,32167,cycle,33,32167,val,0.0249,0.9415,0.9414,0.9791,0.9842,0.9615,mean,0,-1,-1,-1,-1
octmnist,active,entropy_diverse,9012,octmnist-final_active_best-entropy_diverse-init3p-batch3pb-epc5-budget30p-9012.pth,2924,886,29243,3.0,30.0,3.0,5,32167,final,-1,30390,test,-1,0.896,0.8707,0.9518,0.9837,,mean,-1,669,23,227,81
octmnist,active,entropy_diverse,34895,octmnist-final_active_best-entropy_diverse-init3p-batch3pb-epc5-budget30p-34895.pth,2924,886,29243,3.0,30.0,3.0,5,32167,cycle,0,2924,val,0.4668,0.7184,0.7044,0.8839,0.9117,0.8046,mean,1,-1,-1,-1,-1
octmnist,active,entropy_diverse,34895,octmnist-final_active_best-entropy_diverse-init3p-batch3pb-epc5-budget30p-34895.pth,2924,886,29243,3.0,30.0,3.0,5,32167,cycle,1,3810,val,0.2305,0.8684,0.8682,0.9418,0.957,0.9088,mean,1,-1,-1,-1,-1
octmnist,active,entropy_diverse,34895,octmnist-final_active_best-entropy_diverse-init3p-batch3pb-epc5-budget30p-34895.pth,2924,886,29243,3.0,30.0,3.0,5,32167,cycle,2,4696,val,0.2311,0.831,0.8268,0.9433,0.9567,0.8894,mean,0,-1,-1,-1,-1
octmnist,active,entropy_diverse,34895,octmnist-final_active_best-entropy_diverse-init3p-batch3pb-epc5-budget30p-34895.pth,2924,886,29243,3.0,30.0,3.0,5,32167,cycle,3,5582,val,0.202,0.8912,0.8907,0.9564,0.9675,0.9264,mean,1,-1,-1,-1,-1
octmnist,active,entropy_diverse,34895,octmnist-final_active_best-entropy_diverse-init3p-batch3pb-epc5-budget30p-34895.pth,2924,886,29243,3.0,30.0,3.0,5,32167,cycle,4,6468,val,0.2037,0.8223,0.8153,0.9595,0.9691,0.8915,mean,0,-1,-1,-1,-1
octmnist,active,entropy_diverse,34895,octmnist-final_active_best-entropy_diverse-init3p-batch3pb-epc5-budget30p-34895.pth,2924,886,29243,3.0,30.0,3.0,5,32167,cycle,5,7354,val,0.1554,0.8971,0.8969,0.9575,0.9678,0.9298,mean,1,-1,-1,-1,-1
octmnist,active,entropy_diverse,34895,octmnist-final_active_best-entropy_diverse-init3p-batch3pb-epc5-budget30p-34895.pth,2924,886,29243,3.0,30.0,3.0,5,32167,cycle,6,8240,val,0.141,0.9033,0.9032,0.96,0.97,0.9341,mean,1,-1,-1,-1,-1
octmnist,active,entropy_diverse,34895,octmnist-final_active_best-entropy_diverse-init3p-batch3pb-epc5-budget30p-34895.pth,2924,886,29243,3.0,30.0,3.0,5,32167,cycle,7,9126,val,0.1244,0.8985,0.8981,0.9585,0.9688,0.931,mean,0,-1,-1,-1,-1
octmnist,active,entropy_diverse,34895,octmnist-final_active_best-entropy_diverse-init3p-batch3pb-epc5-budget30p-34895.pth,2924,886,29243,3.0,30.0,3.0,5,32167,cycle,8,10012,val,0.1059,0.8804,0.8802,0.9594,0.9698,0.9224,mean,0,-1,-1,-1,-1
octmnist,active,entropy_diverse,34895,octmnist-final_active_best-entropy_diverse-init3p-batch3pb-epc5-budget30p-34895.pth,2924,886,29243,3.0,30.0,3.0,5,32167,cycle,9,10898,val,0.0839,0.8766,0.8763,0.9535,0.9656,0.918,mean,0,-1,-1,-1,-1
octmnist,active,entropy_diverse,34895,octmnist-final_active_best-entropy_diverse-init3p-batch3pb-epc5-budget30p-34895.pth,2924,886,29243,3.0,30.0,3.0,5,32167,cycle,10,11784,val,0.0694,0.9107,0.9107,0.9653,0.9744,0.9403,mean,1,-1,-1,-1,-1
octmnist,active,entropy_diverse,34895,octmnist-final_active_best-entropy_diverse-init3p-batch3pb-epc5-budget30p-34895.pth,2924,886,29243,3.0,30.0,3.0,5,32167,cycle,11,12670,val,0.0713,0.9081,0.9076,0.968,0.9741,0.9394,mean,0,-1,-1,-1,-1
octmnist,active,entropy_diverse,34895,octmnist-final_active_best-entropy_diverse-init3p-batch3pb-epc5-budget30p-34895.pth,2924,886,29243,3.0,30.0,3.0,5,32167,cycle,12,13556,val,0.2483,0.9145,0.9143,0.9672,0.9751,0.9428,mean,1,-1,-1,-1,-1
octmnist,active,entropy_diverse,34895,octmnist-final_active_best-entropy_diverse-init3p-batch3pb-epc5-budget30p-34895.pth,2924,886,29243,3.0,30.0,3.0,5,32167,cycle,13,14442,val,0.1561,0.8941,0.894,0.9585,0.9706,0.9293,mean,0,-1,-1,-1,-1
octmnist,active,entropy_diverse,34895,octmnist-final_active_best-entropy_diverse-init3p-batch3pb-epc5-budget30p-34895.pth,2924,886,29243,3.0,30.0,3.0,5,32167,cycle,14,15328,val,0.0547,0.9222,0.922,0.9702,0.978,0.9481,mean,1,-1,-1,-1,-1
octmnist,active,entropy_diverse,34895,octmnist-final_active_best-entropy_diverse-init3p-batch3pb-epc5-budget30p-34895.pth,2924,886,29243,3.0,30.0,3.0,5,32167,cycle,15,16214,val,0.0532,0.9266,0.9265,0.9704,0.9772,0.9502,mean,1,-1,-1,-1,-1
octmnist,active,entropy_diverse,34895,octmnist-final_active_best-entropy_diverse-init3p-batch3pb-epc5-budget30p-34895.pth,2924,886,29243,3.0,30.0,3.0,5,32167,cycle,16,17100,val,0.0552,0.8565,0.8556,0.9604,0.9717,0.9111,mean,0,-1,-1,-1,-1
octmnist,active,entropy_diverse,34895,octmnist-final_active_best-entropy_diverse-init3p-batch3pb-epc5-budget30p-34895.pth,2924,886,29243,3.0,30.0,3.0,5,32167,cycle,17,17986,val,0.0413,0.9209,0.9206,0.9708,0.9771,0.9474,mean,0,-1,-1,-1,-1
octmnist,active,entropy_diverse,34895,octmnist-final_active_best-entropy_diverse-init3p-batch3pb-epc5-budget30p-34895.pth,2924,886,29243,3.0,30.0,3.0,5,32167,cycle,18,18872,val,0.0475,0.9167,0.9162,0.9693,0.9691,0.9428,mean,0,-1,-1,-1,-1
octmnist,active,entropy_diverse,34895,octmnist-final_active_best-entropy_diverse-init3p-batch3pb-epc5-budget30p-34895.pth,2924,886,29243,3.0,30.0,3.0,5,32167,cycle,19,19758,val,0.0421,0.9297,0.9297,0.9733,0.9791,0.9529,mean,1,-1,-1,-1,-1
octmnist,active,entropy_diverse,34895,octmnist-final_active_best-entropy_diverse-init3p-batch3pb-epc5-budget30p-34895.pth,2924,886,29243,3.0,30.0,3.0,5,32167,cycle,20,20644,val,0.2709,0.9181,0.9179,0.9692,0.9765,0.9454,mean,0,-1,-1,-1,-1
octmnist,active,entropy_diverse,34895,octmnist-final_active_best-entropy_diverse-init3p-batch3pb-epc5-budget30p-34895.pth,2924,886,29243,3.0,30.0,3.0,5,32167,cycle,21,21530,val,0.0434,0.9237,0.9236,0.9714,0.9787,0.9494,mean,0,-1,-1,-1,-1
octmnist,active,entropy_diverse,34895,octmnist-final_active_best-entropy_diverse-init3p-batch3pb-epc5-budget30p-34895.pth,2924,886,29243,3.0,30.0,3.0,5,32167,cycle,22,22416,val,0.0347,0.9305,0.9303,0.9754,0.9808,0.9542,mean,1,-1,-1,-1,-1
octmnist,active,entropy_diverse,34895,octmnist-final_active_best-entropy_diverse-init3p-batch3pb-epc5-budget30p-34895.pth,2924,886,29243,3.0,30.0,3.0,5,32167,cycle,23,23302,val,0.0338,0.9362,0.9362,0.9752,0.9811,0.9572,mean,1,-1,-1,-1,-1
octmnist,active,entropy_diverse,34895,octmnist-final_active_best-entropy_diverse-init3p-batch3pb-epc5-budget30p-34895.pth,2924,886,29243,3.0,30.0,3.0,5,32167,cycle,24,24188,val,0.039,0.9318,0.9318,0.9743,0.9812,0.9548,mean,0,-1,-1,-1,-1
octmnist,active,entropy_diverse,34895,octmnist-final_active_best-entropy_diverse-init3p-batch3pb-epc5-budget30p-34895.pth,2924,886,29243,3.0,30.0,3.0,5,32167,cycle,25,25074,val,0.0356,0.9332,0.9331,0.9754,0.9825,0.9561,mean,0,-1,-1,-1,-1
octmnist,active,entropy_diverse,34895,octmnist-final_active_best-entropy_diverse-init3p-batch3pb-epc5-budget30p-34895.pth,2924,886,29243,3.0,30.0,3.0,5,32167,cycle,26,25960,val,0.0355,0.9309,0.9309,0.9766,0.9832,0.9554,mean,0,-1,-1,-1,-1
octmnist,active,entropy_diverse,34895,octmnist-final_active_best-entropy_diverse-init3p-batch3pb-epc5-budget30p-34895.pth,2924,886,29243,3.0,30.0,3.0,5,32167,cycle,27,26846,val,0.0284,0.9324,0.9324,0.9757,0.9825,0.9558,mean,0,-1,-1,-1,-1
octmnist,active,entropy_diverse,34895,octmnist-final_active_best-entropy_diverse-init3p-batch3pb-epc5-budget30p-34895.pth,2924,886,29243,3.0,30.0,3.0,5,32167,cycle,28,27732,val,0.0396,0.94,0.9399,0.9784,0.9843,0.9606,mean,1,-1,-1,-1,-1
octmnist,active,entropy_diverse,34895,octmnist-final_active_best-entropy_diverse-init3p-batch3pb-epc5-budget30p-34895.pth,2924,886,29243,3.0,30.0,3.0,5,32167,cycle,29,28618,val,0.0272,0.9399,0.9398,0.9785,0.9843,0.9606,mean,0,-1,-1,-1,-1
octmnist,active,entropy_diverse,34895,octmnist-final_active_best-entropy_diverse-init3p-batch3pb-epc5-budget30p-34895.pth,2924,886,29243,3.0,30.0,3.0,5,32167,cycle,30,29504,val,0.027,0.9379,0.9378,0.9782,0.9839,0.9594,mean,0,-1,-1,-1,-1
octmnist,active,entropy_diverse,34895,octmnist-final_active_best-entropy_diverse-init3p-batch3pb-epc5-budget30p-34895.pth,2924,886,29243,3.0,30.0,3.0,5,32167,cycle,31,30390,val,0.025,0.9329,0.9329,0.9792,0.985,0.9575,mean,0,-1,-1,-1,-1
octmnist,active,entropy_diverse,34895,octmnist-final_active_best-entropy_diverse-init3p-batch3pb-epc5-budget30p-34895.pth,2924,886,29243,3.0,30.0,3.0,5,32167,cycle,32,31276,val,0.024,0.9334,0.9331,0.9789,0.9827,0.957,mean,0,-1,-1,-1,-1
octmnist,active,entropy_diverse,34895,octmnist-final_active_best-entropy_diverse-init3p-batch3pb-epc5-budget30p-34895.pth,2924,886,29243,3.0,30.0,3.0,5,32167,cycle,33,32167,val,0.0249,0.9202,0.9202,0.9769,0.9833,0.9502,mean,0,-1,-1,-1,-1
octmnist,active,entropy_diverse,34895,octmnist-final_active_best-entropy_diverse-init3p-batch3pb-epc5-budget30p-34895.pth,2924,886,29243,3.0,30.0,3.0,5,32167,final,-1,27732,test,-1,0.875,0.849,0.9555,0.9851,,mean,-1,645,20,230,105
octmnist,active,entropy_diverse,148932,octmnist-final_active_best-entropy_diverse-init3p-batch3pb-epc5-budget30p-148932.pth,2924,886,29243,3.0,30.0,3.0,5,32167,cycle,0,2924,val,0.5074,0.848,0.8479,0.9267,0.9381,0.8902,mean,1,-1,-1,-1,-1
octmnist,active,entropy_diverse,148932,octmnist-final_active_best-entropy_diverse-init3p-batch3pb-epc5-budget30p-148932.pth,2924,886,29243,3.0,30.0,3.0,5,32167,cycle,1,3810,val,0.3087,0.8525,0.8512,0.935,0.9477,0.8966,mean,1,-1,-1,-1,-1
octmnist,active,entropy_diverse,148932,octmnist-final_active_best-entropy_diverse-init3p-batch3pb-epc5-budget30p-148932.pth,2924,886,29243,3.0,30.0,3.0,5,32167,cycle,2,4696,val,0.2966,0.7924,0.7815,0.9461,0.9566,0.8691,mean,0,-1,-1,-1,-1
octmnist,active,entropy_diverse,148932,octmnist-final_active_best-entropy_diverse-init3p-batch3pb-epc5-budget30p-148932.pth,2924,886,29243,3.0,30.0,3.0,5,32167,cycle,3,5582,val,0.2345,0.892,0.892,0.9539,0.9658,0.9259,mean,1,-1,-1,-1,-1
octmnist,active,entropy_diverse,148932,octmnist-final_active_best-entropy_diverse-init3p-batch3pb-epc5-budget30p-148932.pth,2924,886,29243,3.0,30.0,3.0,5,32167,cycle,4,6468,val,0.2033,0.753,0.7319,0.9461,0.9539,0.8463,mean,0,-1,-1,-1,-1
octmnist,active,entropy_diverse,148932,octmnist-final_active_best-entropy_diverse-init3p-batch3pb-epc5-budget30p-148932.pth,2924,886,29243,3.0,30.0,3.0,5,32167,cycle,5,7354,val,0.1695,0.8954,0.8953,0.9553,0.9658,0.9279,mean,1,-1,-1,-1,-1
octmnist,active,entropy_diverse,148932,octmnist-final_active_best-entropy_diverse-init3p-batch3pb-epc5-budget30p-148932.pth,2924,886,29243,3.0,30.0,3.0,5,32167,cycle,6,8240,val,0.1994,0.8768,0.8766,0.9484,0.9613,0.9158,mean,0,-1,-1,-1,-1
octmnist,active,entropy_diverse,148932,octmnist-final_active_best-entropy_diverse-init3p-batch3pb-epc5-budget30p-148932.pth,2924,886,29243,3.0,30.0,3.0,5,32167,cycle,7,9126,val,0.1555,0.8704,0.8681,0.9526,0.9588,0.9125,mean,0,-1,-1,-1,-1
octmnist,active,entropy_diverse,148932,octmnist-final_active_best-entropy_diverse-init3p-batch3pb-epc5-budget30p-148932.pth,2924,886,29243,3.0,30.0,3.0,5,32167,cycle,8,10012,val,0.0965,0.9017,0.9011,0.9601,0.9669,0.9324,mean,1,-1,-1,-1,-1
octmnist,active,entropy_diverse,148932,octmnist-final_active_best-entropy_diverse-init3p-batch3pb-epc5-budget30p-148932.pth,2924,886,29243,3.0,30.0,3.0,5,32167,cycle,9,10898,val,0.1474,0.9091,0.9091,0.9643,0.9722,0.9387,mean,1,-1,-1,-1,-1
octmnist,active,entropy_diverse,148932,octmnist-final_active_best-entropy_diverse-init3p-batch3pb-epc5-budget30p-148932.pth,2924,886,29243,3.0,30.0,3.0,5,32167,cycle,10,11784,val,0.1751,0.9109,0.9107,0.9649,0.9734,0.94,mean,1,-1,-1,-1,-1
octmnist,active,entropy_diverse,148932,octmnist-final_active_best-entropy_diverse-init3p-batch3pb-epc5-budget30p-148932.pth,2924,886,29243,3.0,30.0,3.0,5,32167,cycle,11,12670,val,0.1171,0.9111,0.9111,0.965,0.973,0.9401,mean,0,-1,-1,-1,-1
octmnist,active,entropy_diverse,148932,octmnist-final_active_best-entropy_diverse-init3p-batch3pb-epc5-budget30p-148932.pth,2924,886,29243,3.0,30.0,3.0,5,32167,cycle,12,13556,val,0.0653,0.8786,0.8765,0.9586,0.9616,0.9188,mean,0,-1,-1,-1,-1
octmnist,active,entropy_diverse,148932,octmnist-final_active_best-entropy_diverse-init3p-batch3pb-epc5-budget30p-148932.pth,2924,886,29243,3.0,30.0,3.0,5,32167,cycle,13,14442,val,0.0636,0.917,0.917,0.9648,0.9722,0.9428,mean,1,-1,-1,-1,-1
octmnist,active,entropy_diverse,148932,octmnist-final_active_best-entropy_diverse-init3p-batch3pb-epc5-budget30p-148932.pth,2924,886,29243,3.0,30.0,3.0,5,32167,cycle,14,15328,val,0.0639,0.911,0.9105,0.9674,0.975,0.941,mean,0,-1,-1,-1,-1
octmnist,active,entropy_diverse,148932,octmnist-final_active_best-entropy_diverse-init3p-batch3pb-epc5-budget30p-148932.pth,2924,886,29243,3.0,30.0,3.0,5,32167,cycle,15,16214,val,0.0623,0.9177,0.9174,0.9693,0.9768,0.9453,mean,1,-1,-1,-1,-1
octmnist,active,entropy_diverse,148932,octmnist-final_active_best-entropy_diverse-init3p-batch3pb-epc5-budget30p-148932.pth,2924,886,29243,3.0,30.0,3.0,5,32167,cycle,16,17100,val,0.0534,0.9249,0.9248,0.9722,0.9792,0.9503,mean,1,-1,-1,-1,-1
octmnist,active,entropy_diverse,148932,octmnist-final_active_best-entropy_diverse-init3p-batch3pb-epc5-budget30p-148932.pth,2924,886,29243,3.0,30.0,3.0,5,32167,cycle,17,17986,val,0.049,0.9174,0.9169,0.9703,0.9751,0.9449,mean,0,-1,-1,-1,-1
octmnist,active,entropy_diverse,148932,octmnist-final_active_best-entropy_diverse-init3p-batch3pb-epc5-budget30p-148932.pth,2924,886,29243,3.0,30.0,3.0,5,32167,cycle,18,18872,val,0.2358,0.9258,0.9258,0.974,0.9809,0.9516,mean,1,-1,-1,-1,-1
octmnist,active,entropy_diverse,148932,octmnist-final_active_best-entropy_diverse-init3p-batch3pb-epc5-budget30p-148932.pth,2924,886,29243,3.0,30.0,3.0,5,32167,cycle,19,19758,val,0.0342,0.9249,0.9246,0.9749,0.9808,0.9513,mean,0,-1,-1,-1,-1
octmnist,active,entropy_diverse,148932,octmnist-final_active_best-entropy_diverse-init3p-batch3pb-epc5-budget30p-148932.pth,2924,886,29243,3.0,30.0,3.0,5,32167,cycle,20,20644,val,0.0384,0.9225,0.9224,0.9744,0.9813,0.9501,mean,0,-1,-1,-1,-1
octmnist,active,entropy_diverse,148932,octmnist-final_active_best-entropy_diverse-init3p-batch3pb-epc5-budget30p-148932.pth,2924,886,29243,3.0,30.0,3.0,5,32167,cycle,21,21530,val,0.0392,0.9309,0.9308,0.9729,0.9799,0.9536,mean,1,-1,-1,-1,-1
octmnist,active,entropy_diverse,148932,octmnist-final_active_best-entropy_diverse-init3p-batch3pb-epc5-budget30p-148932.pth,2924,886,29243,3.0,30.0,3.0,5,32167,cycle,22,22416,val,0.0397,0.9237,0.9237,0.974,0.9812,0.9506,mean,0,-1,-1,-1,-1
octmnist,active,entropy_diverse,148932,octmnist-final_active_best-entropy_diverse-init3p-batch3pb-epc5-budget30p-148932.pth,2924,886,29243,3.0,30.0,3.0,5,32167,cycle,23,23302,val,0.0775,0.9314,0.9314,0.9759,0.9823,0.9553,mean,1,-1,-1,-1,-1
octmnist,active,entropy_diverse,148932,octmnist-final_active_best-entropy_diverse-init3p-batch3pb-epc5-budget30p-148932.pth,2924,886,29243,3.0,30.0,3.0,5,32167,cycle,24,24188,val,0.026,0.9254,0.925,0.9753,0.9817,0.9519,mean,0,-1,-1,-1,-1
octmnist,active,entropy_diverse,148932,octmnist-final_active_best-entropy_diverse-init3p-batch3pb-epc5-budget30p-148932.pth,2924,886,29243,3.0,30.0,3.0,5,32167,cycle,25,25074,val,0.0347,0.9224,0.9218,0.9767,0.9831,0.951,mean,0,-1,-1,-1,-1
octmnist,active,entropy_diverse,148932,octmnist-final_active_best-entropy_diverse-init3p-batch3pb-epc5-budget30p-148932.pth,2924,886,29243,3.0,30.0,3.0,5,32167,cycle,26,25960,val,0.0353,0.941,0.9409,0.9786,0.9844,0.9612,mean,1,-1,-1,-1,-1
octmnist,active,entropy_diverse,148932,octmnist-final_active_best-entropy_diverse-init3p-batch3pb-epc5-budget30p-148932.pth,2924,886,29243,3.0,30.0,3.0,5,32167,cycle,27,26846,val,0.0324,0.9312,0.9312,0.9787,0.9851,0.9566,mean,0,-1,-1,-1,-1
octmnist,active,entropy_diverse,148932,octmnist-final_active_best-entropy_diverse-init3p-batch3pb-epc5-budget30p-148932.pth,2924,886,29243,3.0,30.0,3.0,5,32167,cycle,28,27732,val,0.0319,0.9293,0.9289,0.9785,0.9846,0.9553,mean,0,-1,-1,-1,-1
octmnist,active,entropy_diverse,148932,octmnist-final_active_best-entropy_diverse-init3p-batch3pb-epc5-budget30p-148932.pth,2924,886,29243,3.0,30.0,3.0,5,32167,cycle,29,28618,val,0.0921,0.9395,0.9393,0.9783,0.9842,0.9604,mean,0,-1,-1,-1,-1
octmnist,active,entropy_diverse,148932,octmnist-final_active_best-entropy_diverse-init3p-batch3pb-epc5-budget30p-148932.pth,2924,886,29243,3.0,30.0,3.0,5,32167,cycle,30,29504,val,0.0369,0.9423,0.9422,0.979,0.9846,0.962,mean,1,-1,-1,-1,-1
octmnist,active,entropy_diverse,148932,octmnist-final_active_best-entropy_diverse-init3p-batch3pb-epc5-budget30p-148932.pth,2924,886,29243,3.0,30.0,3.0,5,32167,cycle,31,30390,val,0.023,0.9404,0.9403,0.9797,0.9854,0.9614,mean,0,-1,-1,-1,-1
octmnist,active,entropy_diverse,148932,octmnist-final_active_best-entropy_diverse-init3p-batch3pb-epc5-budget30p-148932.pth,2924,886,29243,3.0,30.0,3.0,5,32167,cycle,32,31276,val,0.0258,0.9396,0.9395,0.9793,0.9841,0.9606,mean,0,-1,-1,-1,-1
octmnist,active,entropy_diverse,148932,octmnist-final_active_best-entropy_diverse-init3p-batch3pb-epc5-budget30p-148932.pth,2924,886,29243,3.0,30.0,3.0,5,32167,cycle,33,32167,val,0.0268,0.9439,0.9437,0.9801,0.9856,0.9633,mean,1,-1,-1,-1,-1
octmnist,active,entropy_diverse,148932,octmnist-final_active_best-entropy_diverse-init3p-batch3pb-epc5-budget30p-148932.pth,2924,886,29243,3.0,30.0,3.0,5,32167,final,-1,32167,test,-1,0.885,0.8582,0.9521,0.9847,,mean,-1,660,25,225,90
octmnist,active,mc_bald_diverse,17,octmnist-final_active_best-mc_bald_diverse-init3p-batch3pb-epc5-budget30p-17.pth,2924,886,29243,3.0,30.0,3.0,5,32167,cycle,0,2924,val,0.4916,0.7798,0.7756,0.9192,0.9344,0.8522,mean,1,-1,-1,-1,-1
octmnist,active,mc_bald_diverse,17,octmnist-final_active_best-mc_bald_diverse-init3p-batch3pb-epc5-budget30p-17.pth,2924,886,29243,3.0,30.0,3.0,5,32167,cycle,1,3810,val,0.288,0.7589,0.7506,0.9415,0.9558,0.8517,mean,0,-1,-1,-1,-1
octmnist,active,mc_bald_diverse,17,octmnist-final_active_best-mc_bald_diverse-init3p-batch3pb-epc5-budget30p-17.pth,2924,886,29243,3.0,30.0,3.0,5,32167,cycle,2,4696,val,0.1881,0.8802,0.8801,0.9473,0.9597,0.9168,mean,1,-1,-1,-1,-1
octmnist,active,mc_bald_diverse,17,octmnist-final_active_best-mc_bald_diverse-init3p-batch3pb-epc5-budget30p-17.pth,2924,886,29243,3.0,30.0,3.0,5,32167,cycle,3,5582,val,0.166,0.8854,0.8853,0.9521,0.9636,0.9216,mean,1,-1,-1,-1,-1
octmnist,active,mc_bald_diverse,17,octmnist-final_active_best-mc_bald_diverse-init3p-batch3pb-epc5-budget30p-17.pth,2924,886,29243,3.0,30.0,3.0,5,32167,cycle,4,6468,val,0.1502,0.8761,0.8748,0.9584,0.969,0.9196,mean,0,-1,-1,-1,-1
octmnist,active,mc_bald_diverse,17,octmnist-final_active_best-mc_bald_diverse-init3p-batch3pb-epc5-budget30p-17.pth,2924,886,29243,3.0,30.0,3.0,5,32167,cycle,5,7354,val,0.1487,0.8904,0.8903,0.9581,0.9696,0.9271,mean,1,-1,-1,-1,-1
octmnist,active,mc_bald_diverse,17,octmnist-final_active_best-mc_bald_diverse-init3p-batch3pb-epc5-budget30p-17.pth,2924,886,29243,3.0,30.0,3.0,5,32167,cycle,6,8240,val,0.1067,0.8355,0.8303,0.9476,0.9503,0.8909,mean,0,-1,-1,-1,-1
octmnist,active,mc_bald_diverse,17,octmnist-final_active_best-mc_bald_diverse-init3p-batch3pb-epc5-budget30p-17.pth,2924,886,29243,3.0,30.0,3.0,5,32167,cycle,7,9126,val,0.1057,0.8055,0.7955,0.9545,0.9604,0.879,mean,0,-1,-1,-1,-1
octmnist,active,mc_bald_diverse,17,octmnist-final_active_best-mc_bald_diverse-init3p-batch3pb-epc5-budget30p-17.pth,2924,886,29243,3.0,30.0,3.0,5,32167,cycle,8,10012,val,0.0925,0.8879,0.8867,0.9636,0.9704,0.9272,mean,0,-1,-1,-1,-1
octmnist,active,mc_bald_diverse,17,octmnist-final_active_best-mc_bald_diverse-init3p-batch3pb-epc5-budget30p-17.pth,2924,886,29243,3.0,30.0,3.0,5,32167,cycle,9,10898,val,0.0827,0.7741,0.7574,0.9579,0.9648,0.8635,mean,0,-1,-1,-1,-1
octmnist,active,mc_bald_diverse,17,octmnist-final_active_best-mc_bald_diverse-init3p-batch3pb-epc5-budget30p-17.pth,2924,886,29243,3.0,30.0,3.0,5,32167,cycle,10,11784,val,0.0631,0.912,0.9118,0.965,0.9738,0.9407,mean,1,-1,-1,-1,-1
octmnist,active,mc_bald_diverse,17,octmnist-final_active_best-mc_bald_diverse-init3p-batch3pb-epc5-budget30p-17.pth,2924,886,29243,3.0,30.0,3.0,5,32167,cycle,11,12670,val,0.0757,0.9141,0.9141,0.9663,0.9761,0.9427,mean,1,-1,-1,-1,-1
octmnist,active,mc_bald_diverse,17,octmnist-final_active_best-mc_bald_diverse-init3p-batch3pb-epc5-budget30p-17.pth,2924,886,29243,3.0,30.0,3.0,5,32167,cycle,12,13556,val,0.0509,0.915,0.9148,0.9675,0.976,0.9433,mean,1,-1,-1,-1,-1
octmnist,active,mc_bald_diverse,17,octmnist-final_active_best-mc_bald_diverse-init3p-batch3pb-epc5-budget30p-17.pth,2924,886,29243,3.0,30.0,3.0,5,32167,cycle,13,14442,val,0.0579,0.8968,0.8962,0.962,0.9705,0.9314,mean,0,-1,-1,-1,-1
octmnist,active,mc_bald_diverse,17,octmnist-final_active_best-mc_bald_diverse-init3p-batch3pb-epc5-budget30p-17.pth,2924,886,29243,3.0,30.0,3.0,5,32167,cycle,14,15328,val,0.0499,0.9088,0.9088,0.9672,0.9762,0.9403,mean,0,-1,-1,-1,-1
octmnist,active,mc_bald_diverse,17,octmnist-final_active_best-mc_bald_diverse-init3p-batch3pb-epc5-budget30p-17.pth,2924,886,29243,3.0,30.0,3.0,5,32167,cycle,15,16214,val,0.0431,0.9031,0.9024,0.9672,0.9753,0.937,mean,0,-1,-1,-1,-1
octmnist,active,mc_bald_diverse,17,octmnist-final_active_best-mc_bald_diverse-init3p-batch3pb-epc5-budget30p-17.pth,2924,886,29243,3.0,30.0,3.0,5,32167,cycle,16,17100,val,0.0605,0.8086,0.8012,0.9419,0.9531,0.8762,mean,0,-1,-1,-1,-1
octmnist,active,mc_bald_diverse,17,octmnist-final_active_best-mc_bald_diverse-init3p-batch3pb-epc5-budget30p-17.pth,2924,886,29243,3.0,30.0,3.0,5,32167,cycle,17,17986,val,0.058,0.8996,0.8985,0.9708,0.9777,0.9367,mean,0,-1,-1,-1,-1
octmnist,active,mc_bald_diverse,17,octmnist-final_active_best-mc_bald_diverse-init3p-batch3pb-epc5-budget30p-17.pth,2924,886,29243,3.0,30.0,3.0,5,32167,cycle,18,18872,val,0.0356,0.9268,0.9268,0.9723,0.9799,0.9514,mean,1,-1,-1,-1,-1
octmnist,active,mc_bald_diverse,17,octmnist-final_active_best-mc_bald_diverse-init3p-batch3pb-epc5-budget30p-17.pth,2924,886,29243,3.0,30.0,3.0,5,32167,cycle,19,19758,val,0.0597,0.926,0.9259,0.9737,0.9808,0.9516,mean,1,-1,-1,-1,-1
octmnist,active,mc_bald_diverse,17,octmnist-final_active_best-mc_bald_diverse-init3p-batch3pb-epc5-budget30p-17.pth,2924,886,29243,3.0,30.0,3.0,5,32167,cycle,20,20644,val,0.0344,0.9293,0.9291,0.9743,0.9816,0.9536,mean,1,-1,-1,-1,-1
octmnist,active,mc_bald_diverse,17,octmnist-final_active_best-mc_bald_diverse-init3p-batch3pb-epc5-budget30p-17.pth,2924,886,29243,3.0,30.0,3.0,5,32167,cycle,21,21530,val,0.038,0.9348,0.9347,0.9758,0.9817,0.9568,mean,1,-1,-1,-1,-1
octmnist,active,mc_bald_diverse,17,octmnist-final_active_best-mc_bald_diverse-init3p-batch3pb-epc5-budget30p-17.pth,2924,886,29243,3.0,30.0,3.0,5,32167,cycle,22,22416,val,0.0413,0.9273,0.9272,0.9726,0.9798,0.9517,mean,0,-1,-1,-1,-1
octmnist,active,mc_bald_diverse,17,octmnist-final_active_best-mc_bald_diverse-init3p-batch3pb-epc5-budget30p-17.pth,2924,886,29243,3.0,30.0,3.0,5,32167,cycle,23,23302,val,0.0322,0.9161,0.9154,0.9747,0.9802,0.9466,mean,0,-1,-1,-1,-1
octmnist,active,mc_bald_diverse,17,octmnist-final_active_best-mc_bald_diverse-init3p-batch3pb-epc5-budget30p-17.pth,2924,886,29243,3.0,30.0,3.0,5,32167,cycle,24,24188,val,0.0341,0.9071,0.9062,0.9751,0.9805,0.9422,mean,0,-1,-1,-1,-1
octmnist,active,mc_bald_diverse,17,octmnist-final_active_best-mc_bald_diverse-init3p-batch3pb-epc5-budget30p-17.pth,2924,886,29243,3.0,30.0,3.0,5,32167,cycle,25,25074,val,0.0341,0.9346,0.9345,0.9767,0.9833,0.9573,mean,1,-1,-1,-1,-1
octmnist,active,mc_bald_diverse,17,octmnist-final_active_best-mc_bald_diverse-init3p-batch3pb-epc5-budget30p-17.pth,2924,886,29243,3.0,30.0,3.0,5,32167,cycle,26,25960,val,0.0316,0.9345,0.9344,0.9768,0.9828,0.9571,mean,0,-1,-1,-1,-1
octmnist,active,mc_bald_diverse,17,octmnist-final_active_best-mc_bald_diverse-init3p-batch3pb-epc5-budget30p-17.pth,2924,886,29243,3.0,30.0,3.0,5,32167,cycle,27,26846,val,0.0397,0.9353,0.9351,0.9764,0.9833,0.9575,mean,1,-1,-1,-1,-1
octmnist,active,mc_bald_diverse,17,octmnist-final_active_best-mc_bald_diverse-init3p-batch3pb-epc5-budget30p-17.pth,2924,886,29243,3.0,30.0,3.0,5,32167,cycle,28,27732,val,0.1395,0.9345,0.9345,0.9762,0.9829,0.957,mean,0,-1,-1,-1,-1
octmnist,active,mc_bald_diverse,17,octmnist-final_active_best-mc_bald_diverse-init3p-batch3pb-epc5-budget30p-17.pth,2924,886,29243,3.0,30.0,3.0,5,32167,cycle,29,28618,val,0.0212,0.9357,0.9357,0.9776,0.9841,0.9583,mean,1,-1,-1,-1,-1
octmnist,active,mc_bald_diverse,17,octmnist-final_active_best-mc_bald_diverse-init3p-batch3pb-epc5-budget30p-17.pth,2924,886,29243,3.0,30.0,3.0,5,32167,cycle,30,29504,val,0.0249,0.9336,0.9334,0.9793,0.9852,0.9579,mean,0,-1,-1,-1,-1
octmnist,active,mc_bald_diverse,17,octmnist-final_active_best-mc_bald_diverse-init3p-batch3pb-epc5-budget30p-17.pth,2924,886,29243,3.0,30.0,3.0,5,32167,cycle,31,30390,val,0.0323,0.9322,0.9319,0.9795,0.9855,0.9573,mean,0,-1,-1,-1,-1
octmnist,active,mc_bald_diverse,17,octmnist-final_active_best-mc_bald_diverse-init3p-batch3pb-epc5-budget30p-17.pth,2924,886,29243,3.0,30.0,3.0,5,32167,cycle,32,31276,val,0.0333,0.9402,0.9401,0.9792,0.9854,0.9612,mean,1,-1,-1,-1,-1
octmnist,active,mc_bald_diverse,17,octmnist-final_active_best-mc_bald_diverse-init3p-batch3pb-epc5-budget30p-17.pth,2924,886,29243,3.0,30.0,3.0,5,32167,cycle,33,32167,val,0.0257,0.9369,0.9367,0.9805,0.9858,0.96,mean,0,-1,-1,-1,-1
octmnist,active,mc_bald_diverse,17,octmnist-final_active_best-mc_bald_diverse-init3p-batch3pb-epc5-budget30p-17.pth,2924,886,29243,3.0,30.0,3.0,5,32167,final,-1,31276,test,-1,0.864,0.8372,0.9443,0.9817,,mean,-1,635,21,229,115
octmnist,active,mc_bald_diverse,246,octmnist-final_active_best-mc_bald_diverse-init3p-batch3pb-epc5-budget30p-246.pth,2924,886,29243,3.0,30.0,3.0,5,32167,cycle,0,2924,val,0.4764,0.8141,0.8126,0.9129,0.9323,0.868,mean,1,-1,-1,-1,-1
octmnist,active,mc_bald_diverse,246,octmnist-final_active_best-mc_bald_diverse-init3p-batch3pb-epc5-budget30p-246.pth,2924,886,29243,3.0,30.0,3.0,5,32167,cycle,1,3810,val,0.286,0.8733,0.8733,0.9448,0.9585,0.9125,mean,1,-1,-1,-1,-1
octmnist,active,mc_bald_diverse,246,octmnist-final_active_best-mc_bald_diverse-init3p-batch3pb-epc5-budget30p-246.pth,2924,886,29243,3.0,30.0,3.0,5,32167,cycle,2,4696,val,0.2291,0.8871,0.8871,0.9502,0.9623,0.9217,mean,1,-1,-1,-1,-1
octmnist,active,mc_bald_diverse,246,octmnist-final_active_best-mc_bald_diverse-init3p-batch3pb-epc5-budget30p-246.pth,2924,886,29243,3.0,30.0,3.0,5,32167,cycle,3,5582,val,0.193,0.8601,0.8597,0.9408,0.9549,0.9039,mean,0,-1,-1,-1,-1
octmnist,active,mc_bald_diverse,246,octmnist-final_active_best-mc_bald_diverse-init3p-batch3pb-epc5-budget30p-246.pth,2924,886,29243,3.0,30.0,3.0,5,32167,cycle,4,6468,val,0.1795,0.8771,0.8765,0.9519,0.9636,0.9173,mean,0,-1,-1,-1,-1
octmnist,active,mc_bald_diverse,246,octmnist-final_active_best-mc_bald_diverse-init3p-batch3pb-epc5-budget30p-246.pth,2924,886,29243,3.0,30.0,3.0,5,32167,cycle,5,7354,val,0.1473,0.854,0.8532,0.9406,0.9584,0.9016,mean,0,-1,-1,-1,-1
octmnist,active,mc_bald_diverse,246,octmnist-final_active_best-mc_bald_diverse-init3p-batch3pb-epc5-budget30p-246.pth,2924,886,29243,3.0,30.0,3.0,5,32167,cycle,6,8240,val,0.1233,0.8845,0.8835,0.96,0.9693,0.9243,mean,1,-1,-1,-1,-1
octmnist,active,mc_bald_diverse,246,octmnist-final_active_best-mc_bald_diverse-init3p-batch3pb-epc5-budget30p-246.pth,2924,886,29243,3.0,30.0,3.0,5,32167,cycle,7,9126,val,0.1592,0.8383,0.8335,0.9578,0.9674,0.8992,mean,0,-1,-1,-1,-1
octmnist,active,mc_bald_diverse,246,octmnist-final_active_best-mc_bald_diverse-init3p-batch3pb-epc5-budget30p-246.pth,2924,886,29243,3.0,30.0,3.0,5,32167,cycle,8,10012,val,0.0921,0.9095,0.9094,0.9656,0.9737,0.9396,mean,1,-1,-1,-1,-1
octmnist,active,mc_bald_diverse,246,octmnist-final_active_best-mc_bald_diverse-init3p-batch3pb-epc5-budget30p-246.pth,2924,886,29243,3.0,30.0,3.0,5,32167,cycle,9,10898,val,0.0964,0.9058,0.9056,0.9661,0.9744,0.938,mean,0,-1,-1,-1,-1
octmnist,active,mc_bald_diverse,246,octmnist-final_active_best-mc_bald_diverse-init3p-batch3pb-epc5-budget30p-246.pth,2924,886,29243,3.0,30.0,3.0,5,32167,cycle,10,11784,val,0.076,0.9114,0.9112,0.9658,0.9736,0.9405,mean,1,-1,-1,-1,-1
octmnist,active,mc_bald_diverse,246,octmnist-final_active_best-mc_bald_diverse-init3p-batch3pb-epc5-budget30p-246.pth,2924,886,29243,3.0,30.0,3.0,5,32167,cycle,11,12670,val,0.1182,0.9084,0.908,0.9682,0.9757,0.9401,mean,0,-1,-1,-1,-1
octmnist,active,mc_bald_diverse,246,octmnist-final_active_best-mc_bald_diverse-init3p-batch3pb-epc5-budget30p-246.pth,2924,886,29243,3.0,30.0,3.0,5,32167,cycle,12,13556,val,0.0637,0.9207,0.9206,0.9644,0.9701,0.944,mean,1,-1,-1,-1,-1
octmnist,active,mc_bald_diverse,246,octmnist-final_active_best-mc_bald_diverse-init3p-batch3pb-epc5-budget30p-246.pth,2924,886,29243,3.0,30.0,3.0,5,32167,cycle,13,14442,val,0.0579,0.9127,0.9127,0.9651,0.9739,0.9411,mean,0,-1,-1,-1,-1
octmnist,active,mc_bald_diverse,246,octmnist-final_active_best-mc_bald_diverse-init3p-batch3pb-epc5-budget30p-246.pth,2924,886,29243,3.0,30.0,3.0,5,32167,cycle,14,15328,val,0.049,0.9211,0.9209,0.9683,0.9755,0.9464,mean,1,-1,-1,-1,-1
octmnist,active,mc_bald_diverse,246,octmnist-final_active_best-mc_bald_diverse-init3p-batch3pb-epc5-budget30p-246.pth,2924,886,29243,3.0,30.0,3.0,5,32167,cycle,15,16214,val,0.0519,0.8963,0.8951,0.9678,0.9737,0.9333,mean,0,-1,-1,-1,-1
octmnist,active,mc_bald_diverse,246,octmnist-final_active_best-mc_bald_diverse-init3p-batch3pb-epc5-budget30p-246.pth,2924,886,29243,3.0,30.0,3.0,5,32167,cycle,16,17100,val,0.0504,0.9107,0.91,0.967,0.972,0.9399,mean,0,-1,-1,-1,-1
octmnist,active,mc_bald_diverse,246,octmnist-final_active_best-mc_bald_diverse-init3p-batch3pb-epc5-budget30p-246.pth,2924,886,29243,3.0,30.0,3.0,5,32167,cycle,17,17986,val,0.0444,0.9243,0.9243,0.9736,0.98,0.9506,mean,1,-1,-1,-1,-1
octmnist,active,mc_bald_diverse,246,octmnist-final_active_best-mc_bald_diverse-init3p-batch3pb-epc5-budget30p-246.pth,2924,886,29243,3.0,30.0,3.0,5,32167,cycle,18,18872,val,0.1786,0.9224,0.9221,0.9722,0.9797,0.9491,mean,0,-1,-1,-1,-1
octmnist,active,mc_bald_diverse,246,octmnist-final_active_best-mc_bald_diverse-init3p-batch3pb-epc5-budget30p-246.pth,2924,886,29243,3.0,30.0,3.0,5,32167,cycle,19,19758,val,0.0402,0.9138,0.9132,0.9729,0.9804,0.9451,mean,0,-1,-1,-1,-1
octmnist,active,mc_bald_diverse,246,octmnist-final_active_best-mc_bald_diverse-init3p-batch3pb-epc5-budget30p-246.pth,2924,886,29243,3.0,30.0,3.0,5,32167,cycle,20,20644,val,0.0409,0.927,0.9267,0.9743,0.9813,0.9523,mean,1,-1,-1,-1,-1
octmnist,active,mc_bald_diverse,246,octmnist-final_active_best-mc_bald_diverse-init3p-batch3pb-epc5-budget30p-246.pth,2924,886,29243,3.0,30.0,3.0,5,32167,cycle,21,21530,val,0.0383,0.9117,0.9116,0.9733,0.9805,0.9443,mean,0,-1,-1,-1,-1
octmnist,active,mc_bald_diverse,246,octmnist-final_active_best-mc_bald_diverse-init3p-batch3pb-epc5-budget30p-246.pth,2924,886,29243,3.0,30.0,3.0,5,32167,cycle,22,22416,val,0.078,0.9289,0.9287,0.9744,0.9811,0.9533,mean,1,-1,-1,-1,-1
octmnist,active,mc_bald_diverse,246,octmnist-final_active_best-mc_bald_diverse-init3p-batch3pb-epc5-budget30p-246.pth,2924,886,29243,3.0,30.0,3.0,5,32167,cycle,23,23302,val,0.0307,0.9317,0.9315,0.9761,0.9825,0.9555,mean,1,-1,-1,-1,-1
octmnist,active,mc_bald_diverse,246,octmnist-final_active_best-mc_bald_diverse-init3p-batch3pb-epc5-budget30p-246.pth,2924,886,29243,3.0,30.0,3.0,5,32167,cycle,24,24188,val,0.0339,0.9326,0.9324,0.9771,0.9831,0.9563,mean,1,-1,-1,-1,-1
octmnist,active,mc_bald_diverse,246,octmnist-final_active_best-mc_bald_diverse-init3p-batch3pb-epc5-budget30p-246.pth,2924,886,29243,3.0,30.0,3.0,5,32167,cycle,25,25074,val,0.0314,0.9217,0.9212,0.9755,0.9818,0.9501,mean,0,-1,-1,-1,-1
octmnist,active,mc_bald_diverse,246,octmnist-final_active_best-mc_bald_diverse-init3p-batch3pb-epc5-budget30p-246.pth,2924,886,29243,3.0,30.0,3.0,5,32167,cycle,26,25960,val,0.03,0.9374,0.9374,0.9774,0.9835,0.9589,mean,1,-1,-1,-1,-1
octmnist,active,mc_bald_diverse,246,octmnist-final_active_best-mc_bald_diverse-init3p-batch3pb-epc5-budget30p-246.pth,2924,886,29243,3.0,30.0,3.0,5,32167,cycle,27,26846,val,0.0338,0.9356,0.9355,0.9768,0.9834,0.9578,mean,0,-1,-1,-1,-1
octmnist,active,mc_bald_diverse,246,octmnist-final_active_best-mc_bald_diverse-init3p-batch3pb-epc5-budget30p-246.pth,2924,886,29243,3.0,30.0,3.0,5,32167,cycle,28,27732,val,0.0237,0.9356,0.9355,0.9761,0.9813,0.9571,mean,0,-1,-1,-1,-1
octmnist,active,mc_bald_diverse,246,octmnist-final_active_best-mc_bald_diverse-init3p-batch3pb-epc5-budget30p-246.pth,2924,886,29243,3.0,30.0,3.0,5,32167,cycle,29,28618,val,0.0244,0.9368,0.9367,0.9775,0.9833,0.9586,mean,0,-1,-1,-1,-1
octmnist,active,mc_bald_diverse,246,octmnist-final_active_best-mc_bald_diverse-init3p-batch3pb-epc5-budget30p-246.pth,2924,886,29243,3.0,30.0,3.0,5,32167,cycle,30,29504,val,0.0226,0.899,0.8975,0.9778,0.9826,0.9392,mean,0,-1,-1,-1,-1
octmnist,active,mc_bald_diverse,246,octmnist-final_active_best-mc_bald_diverse-init3p-batch3pb-epc5-budget30p-246.pth,2924,886,29243,3.0,30.0,3.0,5,32167,cycle,31,30390,val,0.0624,0.9399,0.9398,0.9794,0.9845,0.9609,mean,1,-1,-1,-1,-1
octmnist,active,mc_bald_diverse,246,octmnist-final_active_best-mc_bald_diverse-init3p-batch3pb-epc5-budget30p-246.pth,2924,886,29243,3.0,30.0,3.0,5,32167,cycle,32,31276,val,0.021,0.941,0.9409,0.9795,0.985,0.9616,mean,1,-1,-1,-1,-1
octmnist,active,mc_bald_diverse,246,octmnist-final_active_best-mc_bald_diverse-init3p-batch3pb-epc5-budget30p-246.pth,2924,886,29243,3.0,30.0,3.0,5,32167,cycle,33,32167,val,0.0393,0.9358,0.9356,0.9793,0.9851,0.959,mean,0,-1,-1,-1,-1
octmnist,active,mc_bald_diverse,246,octmnist-final_active_best-mc_bald_diverse-init3p-batch3pb-epc5-budget30p-246.pth,2924,886,29243,3.0,30.0,3.0,5,32167,final,-1,31276,test,-1,0.879,0.8529,0.9522,0.985,,mean,-1,650,21,229,100
octmnist,active,mc_bald_diverse,9012,octmnist-final_active_best-mc_bald_diverse-init3p-batch3pb-epc5-budget30p-9012.pth,2924,886,29243,3.0,30.0,3.0,5,32167,cycle,0,2924,val,0.4882,0.5831,0.5217,0.8765,0.9013,0.7207,mean,1,-1,-1,-1,-1
octmnist,active,mc_bald_diverse,9012,octmnist-final_active_best-mc_bald_diverse-init3p-batch3pb-epc5-budget30p-9012.pth,2924,886,29243,3.0,30.0,3.0,5,32167,cycle,1,3810,val,0.2321,0.8364,0.8327,0.9389,0.9467,0.8887,mean,1,-1,-1,-1,-1
octmnist,active,mc_bald_diverse,9012,octmnist-final_active_best-mc_bald_diverse-init3p-batch3pb-epc5-budget30p-9012.pth,2924,886,29243,3.0,30.0,3.0,5,32167,cycle,2,4696,val,0.2085,0.8608,0.8603,0.9388,0.9559,0.904,mean,1,-1,-1,-1,-1
octmnist,active,mc_bald_diverse,9012,octmnist-final_active_best-mc_bald_diverse-init3p-batch3pb-epc5-budget30p-9012.pth,2924,886,29243,3.0,30.0,3.0,5,32167,cycle,3,5582,val,0.164,0.8204,0.8162,0.9331,0.9508,0.8801,mean,0,-1,-1,-1,-1
octmnist,active,mc_bald_diverse,9012,octmnist-final_active_best-mc_bald_diverse-init3p-batch3pb-epc5-budget30p-9012.pth,2924,886,29243,3.0,30.0,3.0,5,32167,cycle,4,6468,val,0.1506,0.8962,0.8961,0.957,0.9676,0.9292,mean,1,-1,-1,-1,-1
octmnist,active,mc_bald_diverse,9012,octmnist-final_active_best-mc_bald_diverse-init3p-batch3pb-epc5-budget30p-9012.pth,2924,886,29243,3.0,30.0,3.0,5,32167,cycle,5,7354,val,0.1375,0.8849,0.8848,0.9525,0.965,0.9218,mean,0,-1,-1,-1,-1
octmnist,active,mc_bald_diverse,9012,octmnist-final_active_best-mc_bald_diverse-init3p-batch3pb-epc5-budget30p-9012.pth,2924,886,29243,3.0,30.0,3.0,5,32167,cycle,6,8240,val,0.126,0.893,0.8926,0.9589,0.9693,0.9285,mean,0,-1,-1,-1,-1
octmnist,active,mc_bald_diverse,9012,octmnist-final_active_best-mc_bald_diverse-init3p-batch3pb-epc5-budget30p-9012.pth,2924,886,29243,3.0,30.0,3.0,5,32167,cycle,7,9126,val,0.1314,0.8732,0.8731,0.9471,0.9595,0.9132,mean,0,-1,-1,-1,-1
octmnist,active,mc_bald_diverse,9012,octmnist-final_active_best-mc_bald_diverse-init3p-batch3pb-epc5-budget30p-9012.pth,2924,886,29243,3.0,30.0,3.0,5,32167,cycle,8,10012,val,0.1219,0.8728,0.8712,0.9575,0.9685,0.9175,mean,0,-1,-1,-1,-1
octmnist,active,mc_bald_diverse,9012,octmnist-final_active_best-mc_bald_diverse-init3p-batch3pb-epc5-budget30p-9012.pth,2924,886,29243,3.0,30.0,3.0,5,32167,cycle,9,10898,val,0.0842,0.8979,0.8979,0.9587,0.9685,0.9307,mean,1,-1,-1,-1,-1
octmnist,active,mc_bald_diverse,9012,octmnist-final_active_best-mc_bald_diverse-init3p-batch3pb-epc5-budget30p-9012.pth,2924,886,29243,3.0,30.0,3.0,5,32167,cycle,10,11784,val,0.0713,0.8998,0.8998,0.9628,0.9718,0.9336,mean,1,-1,-1,-1,-1
octmnist,active,mc_bald_diverse,9012,octmnist-final_active_best-mc_bald_diverse-init3p-batch3pb-epc5-budget30p-9012.pth,2924,886,29243,3.0,30.0,3.0,5,32167,cycle,11,12670,val,0.065,0.8208,0.8185,0.9416,0.957,0.8845,mean,0,-1,-1,-1,-1
octmnist,active,mc_bald_diverse,9012,octmnist-final_active_best-mc_bald_diverse-init3p-batch3pb-epc5-budget30p-9012.pth,2924,886,29243,3.0,30.0,3.0,5,32167,cycle,12,13556,val,0.0456,0.9024,0.9024,0.9613,0.9708,0.9342,mean,1,-1,-1,-1,-1
octmnist,active,mc_bald_diverse,9012,octmnist-final_active_best-mc_bald_diverse-init3p-batch3pb-epc5-budget30p-9012.pth,2924,886,29243,3.0,30.0,3.0,5,32167,cycle,13,14442,val,0.0487,0.872,0.87,0.9637,0.9724,0.9195,mean,0,-1,-1,-1,-1
octmnist,active,mc_bald_diverse,9012,octmnist-final_active_best-mc_bald_diverse-init3p-batch3pb-epc5-budget30p-9012.pth,2924,886,29243,3.0,30.0,3.0,5,32167,cycle,14,15328,val,0.0476,0.8663,0.8633,0.9626,0.9666,0.9147,mean,0,-1,-1,-1,-1
octmnist,active,mc_bald_diverse,9012,octmnist-final_active_best-mc_bald_diverse-init3p-batch3pb-epc5-budget30p-9012.pth,2924,886,29243,3.0,30.0,3.0,5,32167,cycle,15,16214,val,0.0937,0.9159,0.9158,0.9662,0.9743,0.943,mean,1,-1,-1,-1,-1
octmnist,active,mc_bald_diverse,9012,octmnist-final_active_best-mc_bald_diverse-init3p-batch3pb-epc5-budget30p-9012.pth,2924,886,29243,3.0,30.0,3.0,5,32167,cycle,16,17100,val,0.0403,0.9108,0.9108,0.9684,0.9756,0.9414,mean,0,-1,-1,-1,-1
octmnist,active,mc_bald_diverse,9012,octmnist-final_active_best-mc_bald_diverse-init3p-batch3pb-epc5-budget30p-9012.pth,2924,886,29243,3.0,30.0,3.0,5,32167,cycle,17,17986,val,0.0371,0.9083,0.9083,0.9653,0.9743,0.9391,mean,0,-1,-1,-1,-1
octmnist,active,mc_bald_diverse,9012,octmnist-final_active_best-mc_bald_diverse-init3p-batch3pb-epc5-budget30p-9012.pth,2924,886,29243,3.0,30.0,3.0,5,32167,cycle,18,18872,val,0.0392,0.9153,0.915,0.9701,0.977,0.9444,mean,1,-1,-1,-1,-1
octmnist,active,mc_bald_diverse,9012,octmnist-final_active_best-mc_bald_diverse-init3p-batch3pb-epc5-budget30p-9012.pth,2924,886,29243,3.0,30.0,3.0,5,32167,cycle,19,19758,val,0.0462,0.9017,0.9008,0.9682,0.9745,0.9363,mean,0,-1,-1,-1,-1
octmnist,active,mc_bald_diverse,9012,octmnist-final_active_best-mc_bald_diverse-init3p-batch3pb-epc5-budget30p-9012.pth,2924,886,29243,3.0,30.0,3.0,5,32167,cycle,20,20644,val,0.0363,0.911,0.9104,0.9703,0.9766,0.9421,mean,0,-1,-1,-1,-1
octmnist,active,mc_bald_diverse,9012,octmnist-final_active_best-mc_bald_diverse-init3p-batch3pb-epc5-budget30p-9012.pth,2924,886,29243,3.0,30.0,3.0,5,32167,cycle,21,21530,val,0.038,0.9042,0.9032,0.971,0.976,0.9386,mean,0,-1,-1,-1,-1
octmnist,active,mc_bald_diverse,9012,octmnist-final_active_best-mc_bald_diverse-init3p-batch3pb-epc5-budget30p-9012.pth,2924,886,29243,3.0,30.0,3.0,5,32167,cycle,22,22416,val,0.036,0.9087,0.908,0.9699,0.9751,0.9404,mean,0,-1,-1,-1,-1
octmnist,active,mc_bald_diverse,9012,octmnist-final_active_best-mc_bald_diverse-init3p-batch3pb-epc5-budget30p-9012.pth,2924,886,29243,3.0,30.0,3.0,5,32167,cycle,23,23302,val,0.0351,0.9117,0.9111,0.9713,0.978,0.943,mean,0,-1,-1,-1,-1
octmnist,active,mc_bald_diverse,9012,octmnist-final_active_best-mc_bald_diverse-init3p-batch3pb-epc5-budget30p-9012.pth,2924,886,29243,3.0,30.0,3.0,5,32167,cycle,24,24188,val,0.0485,0.9254,0.9252,0.973,0.9788,0.9506,mean,1,-1,-1,-1,-1
octmnist,active,mc_bald_diverse,9012,octmnist-final_active_best-mc_bald_diverse-init3p-batch3pb-epc5-budget30p-9012.pth,2924,886,29243,3.0,30.0,3.0,5,32167,cycle,25,25074,val,0.0294,0.9322,0.9321,0.9752,0.981,0.9551,mean,1,-1,-1,-1,-1
octmnist,active,mc_bald_diverse,9012,octmnist-final_active_best-mc_bald_diverse-init3p-batch3pb-epc5-budget30p-9012.pth,2924,886,29243,3.0,30.0,3.0,5,32167,cycle,26,25960,val,0.0287,0.9337,0.9336,0.9765,0.9825,0.9566,mean,1,-1,-1,-1,-1
octmnist,active,mc_bald_diverse,9012,octmnist-final_active_best-mc_bald_diverse-init3p-batch3pb-epc5-budget30p-9012.pth,2924,886,29243,3.0,30.0,3.0,5,32167,cycle,27,26846,val,0.029,0.9256,0.9254,0.9734,0.9793,0.9509,mean,0,-1,-1,-1,-1
octmnist,active,mc_bald_diverse,9012,octmnist-final_active_best-mc_bald_diverse-init3p-batch3pb-epc5-budget30p-9012.pth,2924,886,29243,3.0,30.0,3.0,5,32167,cycle,28,27732,val,0.0268,0.9321,0.9319,0.9766,0.9821,0.9557,mean,0,-1,-1,-1,-1
octmnist,active,mc_bald_diverse,9012,octmnist-final_active_best-mc_bald_diverse-init3p-batch3pb-epc5-budget30p-9012.pth,2924,886,29243,3.0,30.0,3.0,5,32167,cycle,29,28618,val,0.027,0.9368,0.9367,0.9767,0.982,0.958,mean,1,-1,-1,-1,-1
octmnist,active,mc_bald_diverse,9012,octmnist-final_active_best-mc_bald_diverse-init3p-batch3pb-epc5-budget30p-9012.pth,2924,886,29243,3.0,30.0,3.0,5,32167,cycle,30,29504,val,0.0228,0.9327,0.9327,0.977,0.9826,0.9562,mean,0,-1,-1,-1,-1
octmnist,active,mc_bald_diverse,9012,octmnist-final_active_best-mc_bald_diverse-init3p-batch3pb-epc5-budget30p-9012.pth,2924,886,29243,3.0,30.0,3.0,5,32167,cycle,31,30390,val,0.0253,0.938,0.9379,0.9783,0.9844,0.9596,mean,1,-1,-1,-1,-1
octmnist,active,mc_bald_diverse,9012,octmnist-final_active_best-mc_bald_diverse-init3p-batch3pb-epc5-budget30p-9012.pth,2924,886,29243,3.0,30.0,3.0,5,32167,cycle,32,31276,val,0.0194,0.9373,0.9372,0.9776,0.9842,0.9591,mean,0,-1,-1,-1,-1
octmnist,active,mc_bald_diverse,9012,octmnist-final_active_best-mc_bald_diverse-init3p-batch3pb-epc5-budget30p-9012.pth,2924,886,29243,3.0,30.0,3.0,5,32167,cycle,33,32167,val,0.0191,0.9307,0.9303,0.9792,0.984,0.956,mean,0,-1,-1,-1,-1
octmnist,active,mc_bald_diverse,9012,octmnist-final_active_best-mc_bald_diverse-init3p-batch3pb-epc5-budget30p-9012.pth,2924,886,29243,3.0,30.0,3.0,5,32167,final,-1,30390,test,-1,0.873,0.8453,0.9535,0.9851,,mean,-1,648,25,225,102
octmnist,active,mc_bald_diverse,34895,octmnist-final_active_best-mc_bald_diverse-init3p-batch3pb-epc5-budget30p-34895.pth,2924,886,29243,3.0,30.0,3.0,5,32167,cycle,0,2924,val,0.4668,0.7184,0.7044,0.8839,0.9117,0.8046,mean,1,-1,-1,-1,-1
octmnist,active,mc_bald_diverse,34895,octmnist-final_active_best-mc_bald_diverse-init3p-batch3pb-epc5-budget30p-34895.pth,2924,886,29243,3.0,30.0,3.0,5,32167,cycle,1,3810,val,0.2354,0.8347,0.834,0.9235,0.9392,0.8829,mean,1,-1,-1,-1,-1
octmnist,active,mc_bald_diverse,34895,octmnist-final_active_best-mc_bald_diverse-init3p-batch3pb-epc5-budget30p-34895.pth,2924,886,29243,3.0,30.0,3.0,5,32167,cycle,2,4696,val,0.1934,0.7111,0.695,0.928,0.9453,0.8199,mean,0,-1,-1,-1,-1
octmnist,active,mc_bald_diverse,34895,octmnist-final_active_best-mc_bald_diverse-init3p-batch3pb-epc5-budget30p-34895.pth,2924,886,29243,3.0,30.0,3.0,5,32167,cycle,3,5582,val,0.1632,0.8057,0.7961,0.9489,0.9571,0.8769,mean,0,-1,-1,-1,-1
octmnist,active,mc_bald_diverse,34895,octmnist-final_active_best-mc_bald_diverse-init3p-batch3pb-epc5-budget30p-34895.pth,2924,886,29243,3.0,30.0,3.0,5,32167,cycle,4,6468,val,0.1479,0.878,0.8769,0.9541,0.9651,0.9185,mean,1,-1,-1,-1,-1
octmnist,active,mc_bald_diverse,34895,octmnist-final_active_best-mc_bald_diverse-init3p-batch3pb-epc5-budget30p-34895.pth,2924,886,29243,3.0,30.0,3.0,5,32167,cycle,5,7354,val,0.1184,0.8806,0.8794,0.9582,0.9662,0.9211,mean,1,-1,-1,-1,-1
octmnist,active,mc_bald_diverse,34895,octmnist-final_active_best-mc_bald_diverse-init3p-batch3pb-epc5-budget30p-34895.pth,2924,886,29243,3.0,30.0,3.0,5,32167,cycle,6,8240,val,0.1086,0.7442,0.734,0.9298,0.9487,0.8392,mean,0,-1,-1,-1,-1
octmnist,active,mc_bald_diverse,34895,octmnist-final_active_best-mc_bald_diverse-init3p-batch3pb-epc5-budget30p-34895.pth,2924,886,29243,3.0,30.0,3.0,5,32167,cycle,7,9126,val,0.0783,0.8865,0.8857,0.9537,0.9623,0.922,mean,1,-1,-1,-1,-1
octmnist,active,mc_bald_diverse,34895,octmnist-final_active_best-mc_bald_diverse-init3p-batch3pb-epc5-budget30p-34895.pth,2924,886,29243,3.0,30.0,3.0,5,32167,cycle,8,10012,val,0.0748,0.8838,0.8829,0.9539,0.9614,0.9205,mean,0,-1,-1,-1,-1
octmnist,active,mc_bald_diverse,34895,octmnist-final_active_best-mc_bald_diverse-init3p-batch3pb-epc5-budget30p-34895.pth,2924,886,29243,3.0,30.0,3.0,5,32167,cycle,9,10898,val,0.092,0.9005,0.9,0.9627,0.9711,0.9336,mean,1,-1,-1,-1,-1
octmnist,active,mc_bald_diverse,34895,octmnist-final_active_best-mc_bald_diverse-init3p-batch3pb-epc5-budget30p-34895.pth,2924,886,29243,3.0,30.0,3.0,5,32167,cycle,10,11784,val,0.0677,0.7736,0.7571,0.9553,0.9626,0.8621,mean,0,-1,-1,-1,-1
octmnist,active,mc_bald_diverse,34895,octmnist-final_active_best-mc_bald_diverse-init3p-batch3pb-epc5-budget30p-34895.pth,2924,886,29243,3.0,30.0,3.0,5,32167,cycle,11,12670,val,0.0607,0.9003,0.9,0.9588,0.9659,0.9313,mean,0,-1,-1,-1,-1
octmnist,active,mc_bald_diverse,34895,octmnist-final_active_best-mc_bald_diverse-init3p-batch3pb-epc5-budget30p-34895.pth,2924,886,29243,3.0,30.0,3.0,5,32167,cycle,12,13556,val,0.0531,0.8885,0.8884,0.9554,0.9665,0.9247,mean,0,-1,-1,-1,-1
octmnist,active,mc_bald_diverse,34895,octmnist-final_active_best-mc_bald_diverse-init3p-batch3pb-epc5-budget30p-34895.pth,2924,886,29243,3.0,30.0,3.0,5,32167,cycle,13,14442,val,0.1478,0.902,0.9015,0.9638,0.9716,0.9347,mean,1,-1,-1,-1,-1
octmnist,active,mc_bald_diverse,34895,octmnist-final_active_best-mc_bald_diverse-init3p-batch3pb-epc5-budget30p-34895.pth,2924,886,29243,3.0,30.0,3.0,5,32167,cycle,14,15328,val,0.0483,0.9097,0.9096,0.965,0.9713,0.9389,mean,1,-1,-1,-1,-1
octmnist,active,mc_bald_diverse,34895,octmnist-final_active_best-mc_bald_diverse-init3p-batch3pb-epc5-budget30p-34895.pth,2924,886,29243,3.0,30.0,3.0,5,32167,cycle,15,16214,val,0.1341,0.8955,0.8944,0.9671,0.9739,0.9327,mean,0,-1,-1,-1,-1
octmnist,active,mc_bald_diverse,34895,octmnist-final_active_best-mc_bald_diverse-init3p-batch3pb-epc5-budget30p-34895.pth,2924,886,29243,3.0,30.0,3.0,5,32167,cycle,16,17100,val,0.0428,0.916,0.9157,0.9691,0.9749,0.9439,mean,1,-1,-1,-1,-1
octmnist,active,mc_bald_diverse,34895,octmnist-final_active_best-mc_bald_diverse-init3p-batch3pb-epc5-budget30p-34895.pth,2924,886,29243,3.0,30.0,3.0,5,32167,cycle,17,17986,val,0.0427,0.9156,0.9156,0.9698,0.9775,0.9446,mean,1,-1,-1,-1,-1
octmnist,active,mc_bald_diverse,34895,octmnist-final_active_best-mc_bald_diverse-init3p-batch3pb-epc5-budget30p-34895.pth,2924,886,29243,3.0,30.0,3.0,5,32167,cycle,18,18872,val,0.0432,0.9088,0.9088,0.965,0.9743,0.9392,mean,0,-1,-1,-1,-1
octmnist,active,mc_bald_diverse,34895,octmnist-final_active_best-mc_bald_diverse-init3p-batch3pb-epc5-budget30p-34895.pth,2924,886,29243,3.0,30.0,3.0,5,32167,cycle,19,19758,val,0.0416,0.9088,0.9081,0.9706,0.9752,0.9407,mean,0,-1,-1,-1,-1
octmnist,active,mc_bald_diverse,34895,octmnist-final_active_best-mc_bald_diverse-init3p-batch3pb-epc5-budget30p-34895.pth,2924,886,29243,3.0,30.0,3.0,5,32167,cycle,20,20644,val,0.038,0.9182,0.918,0.9702,0.9753,0.9454,mean,1,-1,-1,-1,-1
octmnist,active,mc_bald_diverse,34895,octmnist-final_active_best-mc_bald_diverse-init3p-batch3pb-epc5-budget30p-34895.pth,2924,886,29243,3.0,30.0,3.0,5,32167,cycle,21,21530,val,0.2713,0.913,0.9127,0.9704,0.9779,0.9435,mean,0,-1,-1,-1,-1
octmnist,active,mc_bald_diverse,34895,octmnist-final_active_best-mc_bald_diverse-init3p-batch3pb-epc5-budget30p-34895.pth,2924,886,29243,3.0,30.0,3.0,5,32167,cycle,22,22416,val,0.0506,0.913,0.9125,0.9714,0.9778,0.9437,mean,0,-1,-1,-1,-1
octmnist,active,mc_bald_diverse,34895,octmnist-final_active_best-mc_bald_diverse-init3p-batch3pb-epc5-budget30p-34895.pth,2924,886,29243,3.0,30.0,3.0,5,32167,cycle,23,23302,val,0.0358,0.9213,0.9212,0.9704,0.9762,0.9473,mean,1,-1,-1,-1,-1
octmnist,active,mc_bald_diverse,34895,octmnist-final_active_best-mc_bald_diverse-init3p-batch3pb-epc5-budget30p-34895.pth,2924,886,29243,3.0,30.0,3.0,5,32167,cycle,24,24188,val,0.1898,0.9192,0.9192,0.9709,0.978,0.9468,mean,0,-1,-1,-1,-1
octmnist,active,mc_bald_diverse,34895,octmnist-final_active_best-mc_bald_diverse-init3p-batch3pb-epc5-budget30p-34895.pth,2924,886,29243,3.0,30.0,3.0,5,32167,cycle,25,25074,val,0.0398,0.9073,0.9064,0.9683,0.97,0.938,mean,0,-1,-1,-1,-1
octmnist,active,mc_bald_diverse,34895,octmnist-final_active_best-mc_bald_diverse-init3p-batch3pb-epc5-budget30p-34895.pth,2924,886,29243,3.0,30.0,3.0,5,32167,cycle,26,25960,val,0.0302,0.9212,0.9212,0.9721,0.9785,0.9482,mean,1,-1,-1,-1,-1
octmnist,active,mc_bald_diverse,34895,octmnist-final_active_best-mc_bald_diverse-init3p-batch3pb-epc5-budget30p-34895.pth,2924,886,29243,3.0,30.0,3.0,5,32167,cycle,27,26846,val,0.0327,0.9195,0.9191,0.9721,0.9782,0.9472,mean,0,-1,-1,-1,-1
octmnist,active,mc_bald_diverse,34895,octmnist-final_active_best-mc_bald_diverse-init3p-batch3pb-epc5-budget30p-34895.pth,2924,886,29243,3.0,30.0,3.0,5,32167,cycle,28,27732,val,0.029,0.9322,0.9321,0.9756,0.9817,0.9554,mean,1,-1,-1,-1,-1
octmnist,active,mc_bald_diverse,34895,octmnist-final_active_best-mc_bald_diverse-init3p-batch3pb-epc5-budget30p-34895.pth,2924,886,29243,3.0,30.0,3.0,5,32167,cycle,29,28618,val,0.0265,0.9296,0.9295,0.975,0.9812,0.9538,mean,0,-1,-1,-1,-1
octmnist,active,mc_bald_diverse,34895,octmnist-final_active_best-mc_bald_diverse-init3p-batch3pb-epc5-budget30p-34895.pth,2924,886,29243,3.0,30.0,3.0,5,32167,cycle,30,29504,val,0.0243,0.9229,0.9224,0.9753,0.9809,0.9504,mean,0,-1,-1,-1,-1
octmnist,active,mc_bald_diverse,34895,octmnist-final_active_best-mc_bald_diverse-init3p-batch3pb-epc5-budget30p-34895.pth,2924,886,29243,3.0,30.0,3.0,5,32167,cycle,31,30390,val,0.036,0.9365,0.9364,0.9778,0.983,0.9584,mean,1,-1,-1,-1,-1
octmnist,active,mc_bald_diverse,34895,octmnist-final_active_best-mc_bald_diverse-init3p-batch3pb-epc5-budget30p-34895.pth,2924,886,29243,3.0,30.0,3.0,5,32167,cycle,32,31276,val,0.0208,0.915,0.9143,0.9768,0.9813,0.9469,mean,0,-1,-1,-1,-1
octmnist,active,mc_bald_diverse,34895,octmnist-final_active_best-mc_bald_diverse-init3p-batch3pb-epc5-budget30p-34895.pth,2924,886,29243,3.0,30.0,3.0,5,32167,cycle,33,32167,val,0.0367,0.9231,0.9227,0.9763,0.9813,0.9508,mean,0,-1,-1,-1,-1
octmnist,active,mc_bald_diverse,34895,octmnist-final_active_best-mc_bald_diverse-init3p-batch3pb-epc5-budget30p-34895.pth,2924,886,29243,3.0,30.0,3.0,5,32167,final,-1,30390,test,-1,0.865,0.8356,0.9435,0.9809,,mean,-1,644,29,221,106
octmnist,active,mc_bald_diverse,148932,octmnist-final_active_best-mc_bald_diverse-init3p-batch3pb-epc5-budget30p-148932.pth,2924,886,29243,3.0,30.0,3.0,5,32167,cycle,0,2924,val,0.5074,0.848,0.8479,0.9267,0.9381,0.8902,mean,1,-1,-1,-1,-1
octmnist,active,mc_bald_diverse,148932,octmnist-final_active_best-mc_bald_diverse-init3p-batch3pb-epc5-budget30p-148932.pth,2924,886,29243,3.0,30.0,3.0,5,32167,cycle,1,3810,val,0.2416,0.8583,0.8569,0.9408,0.9536,0.9024,mean,1,-1,-1,-1,-1
octmnist,active,mc_bald_diverse,148932,octmnist-final_active_best-mc_bald_diverse-init3p-batch3pb-epc5-budget30p-148932.pth,2924,886,29243,3.0,30.0,3.0,5,32167,cycle,2,4696,val,0.2207,0.7944,0.7895,0.8994,0.9178,0.8503,mean,0,-1,-1,-1,-1
octmnist,active,mc_bald_diverse,148932,octmnist-final_active_best-mc_bald_diverse-init3p-batch3pb-epc5-budget30p-148932.pth,2924,886,29243,3.0,30.0,3.0,5,32167,cycle,3,5582,val,0.1819,0.8891,0.8891,0.9549,0.9655,0.9247,mean,1,-1,-1,-1,-1
octmnist,active,mc_bald_diverse,148932,octmnist-final_active_best-mc_bald_diverse-init3p-batch3pb-epc5-budget30p-148932.pth,2924,886,29243,3.0,30.0,3.0,5,32167,cycle,4,6468,val,0.1459,0.8031,0.7996,0.9344,0.9511,0.872,mean,0,-1,-1,-1,-1
octmnist,active,mc_bald_diverse,148932,octmnist-final_active_best-mc_bald_diverse-init3p-batch3pb-epc5-budget30p-148932.pth,2924,886,29243,3.0,30.0,3.0,5,32167,cycle,5,7354,val,0.1294,0.8942,0.8942,0.9535,0.9652,0.9268,mean,1,-1,-1,-1,-1
octmnist,active,mc_bald_diverse,148932,octmnist-final_active_best-mc_bald_diverse-init3p-batch3pb-epc5-budget30p-148932.pth,2924,886,29243,3.0,30.0,3.0,5,32167,cycle,6,8240,val,0.1351,0.8817,0.8807,0.9575,0.9661,0.9215,mean,0,-1,-1,-1,-1
octmnist,active,mc_bald_diverse,148932,octmnist-final_active_best-mc_bald_diverse-init3p-batch3pb-epc5-budget30p-148932.pth,2924,886,29243,3.0,30.0,3.0,5,32167,cycle,7,9126,val,0.1115,0.7923,0.7802,0.9533,0.9608,0.8716,mean,0,-1,-1,-1,-1
octmnist,active,mc_bald_diverse,148932,octmnist-final_active_best-mc_bald_diverse-init3p-batch3pb-epc5-budget30p-148932.pth,2924,886,29243,3.0,30.0,3.0,5,32167,cycle,8,10012,val,0.0831,0.8777,0.8766,0.9556,0.9653,0.9188,mean,0,-1,-1,-1,-1
octmnist,active,mc_bald_diverse,148932,octmnist-final_active_best-mc_bald_diverse-init3p-batch3pb-epc5-budget30p-148932.pth,2924,886,29243,3.0,30.0,3.0,5,32167,cycle,9,10898,val,0.0811,0.8689,0.8686,0.9464,0.9614,0.9113,mean,0,-1,-1,-1,-1
octmnist,active,mc_bald_diverse,148932,octmnist-final_active_best-mc_bald_diverse-init3p-batch3pb-epc5-budget30p-148932.pth,2924,886,29243,3.0,30.0,3.0,5,32167,cycle,10,11784,val,0.0678,0.8529,0.849,0.9639,0.9717,0.9094,mean,0,-1,-1,-1,-1
octmnist,active,mc_bald_diverse,148932,octmnist-final_active_best-mc_bald_diverse-init3p-batch3pb-epc5-budget30p-148932.pth,2924,886,29243,3.0,30.0,3.0,5,32167,cycle,11,12670,val,0.0595,0.893,0.893,0.9629,0.9723,0.9303,mean,1,-1,-1,-1,-1
octmnist,active,mc_bald_diverse,148932,octmnist-final_active_best-mc_bald_diverse-init3p-batch3pb-epc5-budget30p-148932.pth,2924,886,29243,3.0,30.0,3.0,5,32167,cycle,12,13556,val,0.0735,0.9059,0.9059,0.9648,0.974,0.9377,mean,1,-1,-1,-1,-1
octmnist,active,mc_bald_diverse,148932,octmnist-final_active_best-mc_bald_diverse-init3p-batch3pb-epc5-budget30p-148932.pth,2924,886,29243,3.0,30.0,3.0,5,32167,cycle,13,14442,val,0.0495,0.8921,0.8911,0.9645,0.9718,0.9299,mean,0,-1,-1,-1,-1
octmnist,active,mc_bald_diverse,148932,octmnist-final_active_best-mc_bald_diverse-init3p-batch3pb-epc5-budget30p-148932.pth,2924,886,29243,3.0,30.0,3.0,5,32167,cycle,14,15328,val,0.0499,0.9111,0.9111,0.965,0.9748,0.9405,mean,1,-1,-1,-1,-1
octmnist,active,mc_bald_diverse,148932,octmnist-final_active_best-mc_bald_diverse-init3p-batch3pb-epc5-budget30p-148932.pth,2924,886,29243,3.0,30.0,3.0,5,32167,cycle,15,16214,val,0.0448,0.9077,0.9073,0.9628,0.9671,0.9362,mean,0,-1,-1,-1,-1
octmnist,active,mc_bald_diverse,148932,octmnist-final_active_best-mc_bald_diverse-init3p-batch3pb-epc5-budget30p-148932.pth,2924,886,29243,3.0,30.0,3.0,5,32167,cycle,16,17100,val,0.0459,0.921,0.9209,0.9708,0.9788,0.9478,mean,1,-1,-1,-1,-1
octmnist,active,mc_bald_diverse,148932,octmnist-final_active_best-mc_bald_diverse-init3p-batch3pb-epc5-budget30p-148932.pth,2924,886,29243,3.0,30.0,3.0,5,32167,cycle,17,17986,val,0.132,0.9232,0.923,0.9725,0.9792,0.9495,mean,1,-1,-1,-1,-1
octmnist,active,mc_bald_diverse,148932,octmnist-final_active_best-mc_bald_diverse-init3p-batch3pb-epc5-budget30p-148932.pth,2924,886,29243,3.0,30.0,3.0,5,32167,cycle,18,18872,val,0.0379,0.9176,0.9175,0.9718,0.979,0.9465,mean,0,-1,-1,-1,-1
octmnist,active,mc_bald_diverse,148932,octmnist-final_active_best-mc_bald_diverse-init3p-batch3pb-epc5-budget30p-148932.pth,2924,886,29243,3.0,30.0,3.0,5,32167,cycle,19,19758,val,0.0357,0.928,0.9278,0.975,0.9814,0.953,mean,1,-1,-1,-1,-1
octmnist,active,mc_bald_diverse,148932,octmnist-final_active_best-mc_bald_diverse-init3p-batch3pb-epc5-budget30p-148932.pth,2924,886,29243,3.0,30.0,3.0,5,32167,cycle,20,20644,val,0.1015,0.9251,0.9251,0.9725,0.9788,0.9504,mean,0,-1,-1,-1,-1
octmnist,active,mc_bald_diverse,148932,octmnist-final_active_best-mc_bald_diverse-init3p-batch3pb-epc5-budget30p-148932.pth,2924,886,29243,3.0,30.0,3.0,5,32167,cycle,21,21530,val,0.0349,0.9234,0.9234,0.9737,0.98,0.9501,mean,0,-1,-1,-1,-1
octmnist,active,mc_bald_diverse,148932,octmnist-final_active_best-mc_bald_diverse-init3p-batch3pb-epc5-budget30p-148932.pth,2924,886,29243,3.0,30.0,3.0,5,32167,cycle,22,22416,val,0.0381,0.9283,0.9282,0.9754,0.9819,0.9534,mean,1,-1,-1,-1,-1
octmnist,active,mc_bald_diverse,148932,octmnist-final_active_best-mc_bald_diverse-init3p-batch3pb-epc5-budget30p-148932.pth,2924,886,29243,3.0,30.0,3.0,5,32167,cycle,23,23302,val,0.2626,0.9135,0.9133,0.9672,0.9755,0.9424,mean,0,-1,-1,-1,-1
octmnist,active,mc_bald_diverse,148932,octmnist-final_active_best-mc_bald_diverse-init3p-batch3pb-epc5-budget30p-148932.pth,2924,886,29243,3.0,30.0,3.0,5,32167,cycle,24,24188,val,0.0899,0.9285,0.9284,0.9744,0.9812,0.9531,mean,0,-1,-1,-1,-1
octmnist,active,mc_bald_diverse,148932,octmnist-final_active_best-mc_bald_diverse-init3p-batch3pb-epc5-budget30p-148932.pth,2924,886,29243,3.0,30.0,3.0,5,32167,cycle,25,25074,val,0.033,0.9295,0.9293,0.9752,0.9817,0.9539,mean,1,-1,-1,-1,-1
octmnist,active,mc_bald_diverse,148932,octmnist-final_active_best-mc_bald_diverse-init3p-batch3pb-epc5-budget30p-148932.pth,2924,886,29243,3.0,30.0,3.0,5,32167,cycle,26,25960,val,0.0338,0.9217,0.9217,0.9758,0.9824,0.9504,mean,0,-1,-1,-1,-1
octmnist,active,mc_bald_diverse,148932,octmnist-final_active_best-mc_bald_diverse-init3p-batch3pb-epc5-budget30p-148932.pth,2924,886,29243,3.0,30.0,3.0,5,32167,cycle,27,26846,val,0.0316,0.9334,0.9332,0.9773,0.982,0.9565,mean,1,-1,-1,-1,-1
octmnist,active,mc_bald_diverse,148932,octmnist-final_active_best-mc_bald_diverse-init3p-batch3pb-epc5-budget30p-148932.pth,2924,886,29243,3.0,30.0,3.0,5,32167,cycle,28,27732,val,0.0302,0.9357,0.9355,0.9767,0.9828,0.9577,mean,1,-1,-1,-1,-1
octmnist,active,mc_bald_diverse,148932,octmnist-final_active_best-mc_bald_diverse-init3p-batch3pb-epc5-budget30p-148932.pth,2924,886,29243,3.0,30.0,3.0,5,32167,cycle,29,28618,val,0.029,0.9326,0.9324,0.9771,0.9836,0.9564,mean,0,-1,-1,-1,-1
octmnist,active,mc_bald_diverse,148932,octmnist-final_active_best-mc_bald_diverse-init3p-batch3pb-epc5-budget30p-148932.pth,2924,886,29243,3.0,30.0,3.0,5,32167,cycle,30,29504,val,0.0265,0.932,0.9319,0.978,0.9838,0.9564,mean,0,-1,-1,-1,-1
octmnist,active,mc_bald_diverse,148932,octmnist-final_active_best-mc_bald_diverse-init3p-batch3pb-epc5-budget30p-148932.pth,2924,886,29243,3.0,30.0,3.0,5,32167,cycle,31,30390,val,0.0251,0.936,0.9359,0.9772,0.9835,0.9582,mean,1,-1,-1,-1,-1
octmnist,active,mc_bald_diverse,148932,octmnist-final_active_best-mc_bald_diverse-init3p-batch3pb-epc5-budget30p-148932.pth,2924,886,29243,3.0,30.0,3.0,5,32167,cycle,32,31276,val,0.0233,0.8136,0.8038,0.9736,0.9783,0.8923,mean,0,-1,-1,-1,-1
octmnist,active,mc_bald_diverse,148932,octmnist-final_active_best-mc_bald_diverse-init3p-batch3pb-epc5-budget30p-148932.pth,2924,886,29243,3.0,30.0,3.0,5,32167,cycle,33,32167,val,0.0223,0.9345,0.9342,0.9783,0.9831,0.9575,mean,0,-1,-1,-1,-1
octmnist,active,mc_bald_diverse,148932,octmnist-final_active_best-mc_bald_diverse-init3p-batch3pb-epc5-budget30p-148932.pth,2924,886,29243,3.0,30.0,3.0,5,32167,final,-1,30390,test,-1,0.874,0.8441,0.9435,0.9799,,mean,-1,656,32,218,94
octmnist,active,egl_fc,17,octmnist-final_active_best-egl_fc-init3p-batch3pb-epc5-budget30p-17.pth,2924,886,29243,3.0,30.0,3.0,5,32167,cycle,0,2924,val,0.4916,0.7798,0.7756,0.9192,0.9344,0.8522,mean,1,-1,-1,-1,-1
octmnist,active,egl_fc,17,octmnist-final_active_best-egl_fc-init3p-batch3pb-epc5-budget30p-17.pth,2924,886,29243,3.0,30.0,3.0,5,32167,cycle,1,3810,val,0.2732,0.8512,0.8489,0.9396,0.9492,0.8972,mean,1,-1,-1,-1,-1
octmnist,active,egl_fc,17,octmnist-final_active_best-egl_fc-init3p-batch3pb-epc5-budget30p-17.pth,2924,886,29243,3.0,30.0,3.0,5,32167,cycle,2,4696,val,0.2455,0.6941,0.6517,0.9291,0.9385,0.8033,mean,0,-1,-1,-1,-1
octmnist,active,egl_fc,17,octmnist-final_active_best-egl_fc-init3p-batch3pb-epc5-budget30p-17.pth,2924,886,29243,3.0,30.0,3.0,5,32167,cycle,3,5582,val,0.2679,0.8889,0.8885,0.9564,0.9668,0.9252,mean,1,-1,-1,-1,-1
octmnist,active,egl_fc,17,octmnist-final_active_best-egl_fc-init3p-batch3pb-epc5-budget30p-17.pth,2924,886,29243,3.0,30.0,3.0,5,32167,cycle,4,6468,val,0.2217,0.7186,0.6861,0.9541,0.9643,0.8308,mean,0,-1,-1,-1,-1
octmnist,active,egl_fc,17,octmnist-final_active_best-egl_fc-init3p-batch3pb-epc5-budget30p-17.pth,2924,886,29243,3.0,30.0,3.0,5,32167,cycle,5,7354,val,0.1765,0.7262,0.7129,0.9412,0.9559,0.834,mean,0,-1,-1,-1,-1
octmnist,active,egl_fc,17,octmnist-final_active_best-egl_fc-init3p-batch3pb-epc5-budget30p-17.pth,2924,886,29243,3.0,30.0,3.0,5,32167,cycle,6,8240,val,0.1142,0.8684,0.8664,0.9571,0.9671,0.9148,mean,0,-1,-1,-1,-1
octmnist,active,egl_fc,17,octmnist-final_active_best-egl_fc-init3p-batch3pb-epc5-budget30p-17.pth,2924,886,29243,3.0,30.0,3.0,5,32167,cycle,7,9126,val,0.1099,0.8949,0.8946,0.9571,0.9685,0.9288,mean,1,-1,-1,-1,-1
octmnist,active,egl_fc,17,octmnist-final_active_best-egl_fc-init3p-batch3pb-epc5-budget30p-17.pth,2924,886,29243,3.0,30.0,3.0,5,32167,cycle,8,10012,val,0.111,0.8451,0.8409,0.9608,0.9705,0.9043,mean,0,-1,-1,-1,-1
octmnist,active,egl_fc,17,octmnist-final_active_best-egl_fc-init3p-batch3pb-epc5-budget30p-17.pth,2924,886,29243,3.0,30.0,3.0,5,32167,cycle,9,10898,val,0.0961,0.9131,0.9131,0.9633,0.973,0.9406,mean,1,-1,-1,-1,-1
octmnist,active,egl_fc,17,octmnist-final_active_best-egl_fc-init3p-batch3pb-epc5-budget30p-17.pth,2924,886,29243,3.0,30.0,3.0,5,32167,cycle,10,11784,val,0.0881,0.8797,0.878,0.9637,0.9694,0.9227,mean,0,-1,-1,-1,-1
octmnist,active,egl_fc,17,octmnist-final_active_best-egl_fc-init3p-batch3pb-epc5-budget30p-17.pth,2924,886,29243,3.0,30.0,3.0,5,32167,cycle,11,12670,val,0.1171,0.9135,0.9133,0.9668,0.9758,0.9423,mean,1,-1,-1,-1,-1
octmnist,active,egl_fc,17,octmnist-final_active_best-egl_fc-init3p-batch3pb-epc5-budget30p-17.pth,2924,886,29243,3.0,30.0,3.0,5,32167,cycle,12,13556,val,0.0724,0.8588,0.855,0.962,0.9643,0.91,mean,0,-1,-1,-1,-1
octmnist,active,egl_fc,17,octmnist-final_active_best-egl_fc-init3p-batch3pb-epc5-budget30p-17.pth,2924,886,29243,3.0,30.0,3.0,5,32167,cycle,13,14442,val,0.0619,0.8919,0.8904,0.9672,0.9718,0.9303,mean,0,-1,-1,-1,-1
octmnist,active,egl_fc,17,octmnist-final_active_best-egl_fc-init3p-batch3pb-epc5-budget30p-17.pth,2924,886,29243,3.0,30.0,3.0,5,32167,cycle,14,15328,val,0.0824,0.876,0.876,0.9427,0.9406,0.9088,mean,0,-1,-1,-1,-1
octmnist,active,egl_fc,17,octmnist-final_active_best-egl_fc-init3p-batch3pb-epc5-budget30p-17.pth,2924,886,29243,3.0,30.0,3.0,5,32167,cycle,15,16214,val,0.0991,0.9228,0.9227,0.9697,0.977,0.948,mean,1,-1,-1,-1,-1
octmnist,active,egl_fc,17,octmnist-final_active_best-egl_fc-init3p-batch3pb-epc5-budget30p-17.pth,2924,886,29243,3.0,30.0,3.0,5,32167,cycle,16,17100,val,0.0516,0.9208,0.9206,0.9698,0.9776,0.9472,mean,0,-1,-1,-1,-1
octmnist,active,egl_fc,17,octmnist-final_active_best-egl_fc-init3p-batch3pb-epc5-budget30p-17.pth,2924,886,29243,3.0,30.0,3.0,5,32167,cycle,17,17986,val,0.0507,0.92,0.9197,0.9695,0.9771,0.9466,mean,0,-1,-1,-1,-1
octmnist,active,egl_fc,17,octmnist-final_active_best-egl_fc-init3p-batch3pb-epc5-budget30p-17.pth,2924,886,29243,3.0,30.0,3.0,5,32167,cycle,18,18872,val,0.0499,0.9165,0.916,0.9736,0.9805,0.9467,mean,0,-1,-1,-1,-1
octmnist,active,egl_fc,17,octmnist-final_active_best-egl_fc-init3p-batch3pb-epc5-budget30p-17.pth,2924,886,29243,3.0,30.0,3.0,5,32167,cycle,19,19758,val,0.0503,0.9263,0.9262,0.9727,0.9787,0.951,mean,1,-1,-1,-1,-1
octmnist,active,egl_fc,17,octmnist-final_active_best-egl_fc-init3p-batch3pb-epc5-budget30p-17.pth,2924,886,29243,3.0,30.0,3.0,5,32167,cycle,20,20644,val,0.0437,0.9232,0.9229,0.9732,0.9803,0.9499,mean,0,-1,-1,-1,-1
octmnist,active,egl_fc,17,octmnist-final_active_best-egl_fc-init3p-batch3pb-epc5-budget30p-17.pth,2924,886,29243,3.0,30.0,3.0,5,32167,cycle,21,21530,val,0.0454,0.9278,0.9278,0.9746,0.981,0.9528,mean,1,-1,-1,-1,-1
octmnist,active,egl_fc,17,octmnist-final_active_best-egl_fc-init3p-batch3pb-epc5-budget30p-17.pth,2924,886,29243,3.0,30.0,3.0,5,32167,cycle,22,22416,val,0.0417,0.9363,0.9362,0.9748,0.9822,0.9574,mean,1,-1,-1,-1,-1
octmnist,active,egl_fc,17,octmnist-final_active_best-egl_fc-init3p-batch3pb-epc5-budget30p-17.pth,2924,886,29243,3.0,30.0,3.0,5,32167,cycle,23,23302,val,0.0393,0.9336,0.9335,0.9762,0.9827,0.9565,mean,0,-1,-1,-1,-1
octmnist,active,egl_fc,17,octmnist-final_active_best-egl_fc-init3p-batch3pb-epc5-budget30p-17.pth,2924,886,29243,3.0,30.0,3.0,5,32167,cycle,24,24188,val,0.0388,0.9345,0.9345,0.9761,0.9821,0.9568,mean,0,-1,-1,-1,-1
octmnist,active,egl_fc,17,octmnist-final_active_best-egl_fc-init3p-batch3pb-epc5-budget30p-17.pth,2924,886,29243,3.0,30.0,3.0,5,32167,cycle,25,25074,val,0.0376,0.9333,0.9333,0.9761,0.9829,0.9564,mean,0,-1,-1,-1,-1
octmnist,active,egl_fc,17,octmnist-final_active_best-egl_fc-init3p-batch3pb-epc5-budget30p-17.pth,2924,886,29243,3.0,30.0,3.0,5,32167,cycle,26,25960,val,0.1345,0.9267,0.9266,0.9744,0.981,0.9522,mean,0,-1,-1,-1,-1
octmnist,active,egl_fc,17,octmnist-final_active_best-egl_fc-init3p-batch3pb-epc5-budget30p-17.pth,2924,886,29243,3.0,30.0,3.0,5,32167,cycle,27,26846,val,0.0365,0.9344,0.9342,0.9765,0.983,0.957,mean,0,-1,-1,-1,-1
octmnist,active,egl_fc,17,octmnist-final_active_best-egl_fc-init3p-batch3pb-epc5-budget30p-17.pth,2924,886,29243,3.0,30.0,3.0,5,32167,cycle,28,27732,val,0.0259,0.9376,0.9376,0.9777,0.984,0.9592,mean,1,-1,-1,-1,-1
octmnist,active,egl_fc,17,octmnist-final_active_best-egl_fc-init3p-batch3pb-epc5-budget30p-17.pth,2924,886,29243,3.0,30.0,3.0,5,32167,cycle,29,28618,val,0.035,0.9411,0.9411,0.9789,0.9853,0.9616,mean,1,-1,-1,-1,-1
octmnist,active,egl_fc,17,octmnist-final_active_best-egl_fc-init3p-batch3pb-epc5-budget30p-17.pth,2924,886,29243,3.0,30.0,3.0,5,32167,cycle,30,29504,val,0.1118,0.9396,0.9395,0.9795,0.985,0.9609,mean,0,-1,-1,-1,-1
octmnist,active,egl_fc,17,octmnist-final_active_best-egl_fc-init3p-batch3pb-epc5-budget30p-17.pth,2924,886,29243,3.0,30.0,3.0,5,32167,cycle,31,30390,val,0.0255,0.94,0.94,0.9792,0.9849,0.961,mean,0,-1,-1,-1,-1
octmnist,active,egl_fc,17,octmnist-final_active_best-egl_fc-init3p-batch3pb-epc5-budget30p-17.pth,2924,886,29243,3.0,30.0,3.0,5,32167,cycle,32,31276,val,0.0287,0.9328,0.9325,0.9786,0.984,0.957,mean,0,-1,-1,-1,-1
octmnist,active,egl_fc,17,octmnist-final_active_best-egl_fc-init3p-batch3pb-epc5-budget30p-17.pth,2924,886,29243,3.0,30.0,3.0,5,32167,cycle,33,32167,val,0.0285,0.9441,0.944,0.9794,0.985,0.9631,mean,1,-1,-1,-1,-1
octmnist,active,egl_fc,17,octmnist-final_active_best-egl_fc-init3p-batch3pb-epc5-budget30p-17.pth,2924,886,29243,3.0,30.0,3.0,5,32167,final,-1,32167,test,-1,0.872,0.8461,0.9434,0.9798,,mean,-1,641,19,231,109
octmnist,active,egl_fc,246,octmnist-final_active_best-egl_fc-init3p-batch3pb-epc5-budget30p-246.pth,2924,886,29243,3.0,30.0,3.0,5,32167,cycle,0,2924,val,0.4764,0.8141,0.8126,0.9129,0.9323,0.868,mean,1,-1,-1,-1,-1
octmnist,active,egl_fc,246,octmnist-final_active_best-egl_fc-init3p-batch3pb-epc5-budget30p-246.pth,2924,886,29243,3.0,30.0,3.0,5,32167,cycle,1,3810,val,0.2691,0.7137,0.6822,0.8787,0.8688,0.7859,mean,0,-1,-1,-1,-1
octmnist,active,egl_fc,246,octmnist-final_active_best-egl_fc-init3p-batch3pb-epc5-budget30p-246.pth,2924,886,29243,3.0,30.0,3.0,5,32167,cycle,2,4696,val,0.1924,0.8812,0.8808,0.9453,0.9578,0.9163,mean,1,-1,-1,-1,-1
octmnist,active,egl_fc,246,octmnist-final_active_best-egl_fc-init3p-batch3pb-epc5-budget30p-246.pth,2924,886,29243,3.0,30.0,3.0,5,32167,cycle,3,5582,val,0.2211,0.8314,0.8296,0.9463,0.9603,0.8919,mean,0,-1,-1,-1,-1
octmnist,active,egl_fc,246,octmnist-final_active_best-egl_fc-init3p-batch3pb-epc5-budget30p-246.pth,2924,886,29243,3.0,30.0,3.0,5,32167,cycle,4,6468,val,0.1481,0.8709,0.8707,0.9389,0.9555,0.909,mean,0,-1,-1,-1,-1
octmnist,active,egl_fc,246,octmnist-final_active_best-egl_fc-init3p-batch3pb-epc5-budget30p-246.pth,2924,886,29243,3.0,30.0,3.0,5,32167,cycle,5,7354,val,0.1386,0.6981,0.6573,0.9332,0.9402,0.8072,mean,0,-1,-1,-1,-1
octmnist,active,egl_fc,246,octmnist-final_active_best-egl_fc-init3p-batch3pb-epc5-budget30p-246.pth,2924,886,29243,3.0,30.0,3.0,5,32167,cycle,6,8240,val,0.1049,0.821,0.8136,0.952,0.9591,0.8864,mean,0,-1,-1,-1,-1
octmnist,active,egl_fc,246,octmnist-final_active_best-egl_fc-init3p-batch3pb-epc5-budget30p-246.pth,2924,886,29243,3.0,30.0,3.0,5,32167,cycle,7,9126,val,0.1188,0.7905,0.7784,0.9534,0.9605,0.8707,mean,0,-1,-1,-1,-1
octmnist,active,egl_fc,246,octmnist-final_active_best-egl_fc-init3p-batch3pb-epc5-budget30p-246.pth,2924,886,29243,3.0,30.0,3.0,5,32167,cycle,8,10012,val,0.0855,0.9077,0.9076,0.9627,0.9723,0.9376,mean,1,-1,-1,-1,-1
octmnist,active,egl_fc,246,octmnist-final_active_best-egl_fc-init3p-batch3pb-epc5-budget30p-246.pth,2924,886,29243,3.0,30.0,3.0,5,32167,cycle,9,10898,val,0.0884,0.8768,0.8765,0.9588,0.9698,0.9205,mean,0,-1,-1,-1,-1
octmnist,active,egl_fc,246,octmnist-final_active_best-egl_fc-init3p-batch3pb-epc5-budget30p-246.pth,2924,886,29243,3.0,30.0,3.0,5,32167,cycle,10,11784,val,0.0538,0.8991,0.8986,0.9597,0.9687,0.9315,mean,0,-1,-1,-1,-1
octmnist,active,egl_fc,246,octmnist-final_active_best-egl_fc-init3p-batch3pb-epc5-budget30p-246.pth,2924,886,29243,3.0,30.0,3.0,5,32167,cycle,11,12670,val,0.0675,0.8853,0.8839,0.9659,0.9734,0.9271,mean,0,-1,-1,-1,-1
octmnist,active,egl_fc,246,octmnist-final_active_best-egl_fc-init3p-batch3pb-epc5-budget30p-246.pth,2924,886,29243,3.0,30.0,3.0,5,32167,cycle,12,13556,val,0.0655,0.8983,0.8977,0.9605,0.9665,0.9308,mean,0,-1,-1,-1,-1
octmnist,active,egl_fc,246,octmnist-final_active_best-egl_fc-init3p-batch3pb-epc5-budget30p-246.pth,2924,886,29243,3.0,30.0,3.0,5,32167,cycle,13,14442,val,0.063,0.9092,0.9092,0.9651,0.9738,0.9393,mean,1,-1,-1,-1,-1
octmnist,active,egl_fc,246,octmnist-final_active_best-egl_fc-init3p-batch3pb-epc5-budget30p-246.pth,2924,886,29243,3.0,30.0,3.0,5,32167,cycle,14,15328,val,0.1296,0.9162,0.9161,0.9669,0.9758,0.9437,mean,1,-1,-1,-1,-1
octmnist,active,egl_fc,246,octmnist-final_active_best-egl_fc-init3p-batch3pb-epc5-budget30p-246.pth,2924,886,29243,3.0,30.0,3.0,5,32167,cycle,15,16214,val,0.0483,0.9017,0.9017,0.9627,0.9725,0.9346,mean,0,-1,-1,-1,-1
octmnist,active,egl_fc,246,octmnist-final_active_best-egl_fc-init3p-batch3pb-epc5-budget30p-246.pth,2924,886,29243,3.0,30.0,3.0,5,32167,cycle,16,17100,val,0.0423,0.9232,0.9231,0.9708,0.9791,0.9491,mean,1,-1,-1,-1,-1
octmnist,active,egl_fc,246,octmnist-final_active_best-egl_fc-init3p-batch3pb-epc5-budget30p-246.pth,2924,886,29243,3.0,30.0,3.0,5,32167,cycle,17,17986,val,0.0458,0.9227,0.9227,0.9692,0.9776,0.948,mean,0,-1,-1,-1,-1
octmnist,active,egl_fc,246,octmnist-final_active_best-egl_fc-init3p-batch3pb-epc5-budget30p-246.pth,2924,886,29243,3.0,30.0,3.0,5,32167,cycle,18,18872,val,0.0602,0.9199,0.9199,0.9668,0.9771,0.9459,mean,0,-1,-1,-1,-1
octmnist,active,egl_fc,246,octmnist-final_active_best-egl_fc-init3p-batch3pb-epc5-budget30p-246.pth,2924,886,29243,3.0,30.0,3.0,5,32167,cycle,19,19758,val,0.0394,0.9235,0.9233,0.9709,0.9777,0.9488,mean,0,-1,-1,-1,-1
octmnist,active,egl_fc,246,octmnist-final_active_best-egl_fc-init3p-batch3pb-epc5-budget30p-246.pth,2924,886,29243,3.0,30.0,3.0,5,32167,cycle,20,20644,val,0.0421,0.9197,0.9197,0.9735,0.9809,0.9484,mean,0,-1,-1,-1,-1
octmnist,active,egl_fc,246,octmnist-final_active_best-egl_fc-init3p-batch3pb-epc5-budget30p-246.pth,2924,886,29243,3.0,30.0,3.0,5,32167,cycle,21,21530,val,0.0397,0.9242,0.9239,0.9727,0.9786,0.9499,mean,1,-1,-1,-1,-1
octmnist,active,egl_fc,246,octmnist-final_active_best-egl_fc-init3p-batch3pb-epc5-budget30p-246.pth,2924,886,29243,3.0,30.0,3.0,5,32167,cycle,22,22416,val,0.0371,0.9315,0.9315,0.9754,0.982,0.9551,mean,1,-1,-1,-1,-1
octmnist,active,egl_fc,246,octmnist-final_active_best-egl_fc-init3p-batch3pb-epc5-budget30p-246.pth,2924,886,29243,3.0,30.0,3.0,5,32167,cycle,23,23302,val,0.038,0.9304,0.9302,0.9777,0.9832,0.9553,mean,1,-1,-1,-1,-1
octmnist,active,egl_fc,246,octmnist-final_active_best-egl_fc-init3p-batch3pb-epc5-budget30p-246.pth,2924,886,29243,3.0,30.0,3.0,5,32167,cycle,24,24188,val,0.0364,0.9299,0.9297,0.9733,0.9769,0.9525,mean,0,-1,-1,-1,-1
octmnist,active,egl_fc,246,octmnist-final_active_best-egl_fc-init3p-batch3pb-epc5-budget30p-246.pth,2924,886,29243,3.0,30.0,3.0,5,32167,cycle,25,25074,val,0.0346,0.9337,0.9337,0.9763,0.9824,0.9565,mean,1,-1,-1,-1,-1
octmnist,active,egl_fc,246,octmnist-final_active_best-egl_fc-init3p-batch3pb-epc5-budget30p-246.pth,2924,886,29243,3.0,30.0,3.0,5,32167,cycle,26,25960,val,0.0346,0.9375,0.9375,0.9781,0.9842,0.9593,mean,1,-1,-1,-1,-1
octmnist,active,egl_fc,246,octmnist-final_active_best-egl_fc-init3p-batch3pb-epc5-budget30p-246.pth,2924,886,29243,3.0,30.0,3.0,5,32167,cycle,27,26846,val,0.0335,0.941,0.9409,0.9799,0.9856,0.9619,mean,1,-1,-1,-1,-1
octmnist,active,egl_fc,246,octmnist-final_active_best-egl_fc-init3p-batch3pb-epc5-budget30p-246.pth,2924,886,29243,3.0,30.0,3.0,5,32167,cycle,28,27732,val,0.0373,0.9268,0.9268,0.9771,0.9832,0.9535,mean,0,-1,-1,-1,-1
octmnist,active,egl_fc,246,octmnist-final_active_best-egl_fc-init3p-batch3pb-epc5-budget30p-246.pth,2924,886,29243,3.0,30.0,3.0,5,32167,cycle,29,28618,val,0.024,0.94,0.94,0.9788,0.9848,0.9609,mean,0,-1,-1,-1,-1
octmnist,active,egl_fc,246,octmnist-final_active_best-egl_fc-init3p-batch3pb-epc5-budget30p-246.pth,2924,886,29243,3.0,30.0,3.0,5,32167,cycle,30,29504,val,0.0294,0.9437,0.9436,0.9775,0.983,0.962,mean,1,-1,-1,-1,-1
octmnist,active,egl_fc,246,octmnist-final_active_best-egl_fc-init3p-batch3pb-epc5-budget30p-246.pth,2924,886,29243,3.0,30.0,3.0,5,32167,cycle,31,30390,val,0.0605,0.9425,0.9424,0.9802,0.9853,0.9626,mean,1,-1,-1,-1,-1
octmnist,active,egl_fc,246,octmnist-final_active_best-egl_fc-init3p-batch3pb-epc5-budget30p-246.pth,2924,886,29243,3.0,30.0,3.0,5,32167,cycle,32,31276,val,0.0204,0.939,0.9387,0.981,0.9854,0.961,mean,0,-1,-1,-1,-1
octmnist,active,egl_fc,246,octmnist-final_active_best-egl_fc-init3p-batch3pb-epc5-budget30p-246.pth,2924,886,29243,3.0,30.0,3.0,5,32167,cycle,33,32167,val,0.0248,0.9431,0.9431,0.98,0.9852,0.9629,mean,1,-1,-1,-1,-1
octmnist,active,egl_fc,246,octmnist-final_active_best-egl_fc-init3p-batch3pb-epc5-budget30p-246.pth,2924,886,29243,3.0,30.0,3.0,5,32167,final,-1,32167,test,-1,0.861,0.8337,0.9441,0.9823,,mean,-1,633,22,228,117
octmnist,active,egl_fc,9012,octmnist-final_active_best-egl_fc-init3p-batch3pb-epc5-budget30p-9012.pth,2924,886,29243,3.0,30.0,3.0,5,32167,cycle,0,2924,val,0.4882,0.5831,0.5217,0.8765,0.9013,0.7207,mean,1,-1,-1,-1,-1
octmnist,active,egl_fc,9012,octmnist-final_active_best-egl_fc-init3p-batch3pb-epc5-budget30p-9012.pth,2924,886,29243,3.0,30.0,3.0,5,32167,cycle,1,3810,val,0.2313,0.6915,0.6496,0.9322,0.9381,0.8029,mean,1,-1,-1,-1,-1
octmnist,active,egl_fc,9012,octmnist-final_active_best-egl_fc-init3p-batch3pb-epc5-budget30p-9012.pth,2924,886,29243,3.0,30.0,3.0,5,32167,cycle,2,4696,val,0.1849,0.6794,0.6315,0.9236,0.9326,0.7918,mean,0,-1,-1,-1,-1
octmnist,active,egl_fc,9012,octmnist-final_active_best-egl_fc-init3p-batch3pb-epc5-budget30p-9012.pth,2924,886,29243,3.0,30.0,3.0,5,32167,cycle,3,5582,val,0.1871,0.7993,0.7905,0.9403,0.9539,0.871,mean,1,-1,-1,-1,-1
octmnist,active,egl_fc,9012,octmnist-final_active_best-egl_fc-init3p-batch3pb-epc5-budget30p-9012.pth,2924,886,29243,3.0,30.0,3.0,5,32167,cycle,4,6468,val,0.2125,0.7215,0.6903,0.9412,0.9531,0.8265,mean,0,-1,-1,-1,-1
octmnist,active,egl_fc,9012,octmnist-final_active_best-egl_fc-init3p-batch3pb-epc5-budget30p-9012.pth,2924,886,29243,3.0,30.0,3.0,5,32167,cycle,5,7354,val,0.1787,0.8712,0.8709,0.9467,0.9615,0.9126,mean,1,-1,-1,-1,-1
octmnist,active,egl_fc,9012,octmnist-final_active_best-egl_fc-init3p-batch3pb-epc5-budget30p-9012.pth,2924,886,29243,3.0,30.0,3.0,5,32167,cycle,6,8240,val,0.1487,0.8147,0.8063,0.9592,0.969,0.8873,mean,0,-1,-1,-1,-1
octmnist,active,egl_fc,9012,octmnist-final_active_best-egl_fc-init3p-batch3pb-epc5-budget30p-9012.pth,2924,886,29243,3.0,30.0,3.0,5,32167,cycle,7,9126,val,0.1304,0.8699,0.8694,0.9601,0.9702,0.9174,mean,1,-1,-1,-1,-1
octmnist,active,egl_fc,9012,octmnist-final_active_best-egl_fc-init3p-batch3pb-epc5-budget30p-9012.pth,2924,886,29243,3.0,30.0,3.0,5,32167,cycle,8,10012,val,0.0942,0.8792,0.8789,0.9555,0.9677,0.9203,mean,1,-1,-1,-1,-1
octmnist,active,egl_fc,9012,octmnist-final_active_best-egl_fc-init3p-batch3pb-epc5-budget30p-9012.pth,2924,886,29243,3.0,30.0,3.0,5,32167,cycle,9,10898,val,0.1234,0.8062,0.8027,0.9427,0.9583,0.8775,mean,0,-1,-1,-1,-1
octmnist,active,egl_fc,9012,octmnist-final_active_best-egl_fc-init3p-batch3pb-epc5-budget30p-9012.pth,2924,886,29243,3.0,30.0,3.0,5,32167,cycle,10,11784,val,0.0448,0.9014,0.9013,0.9586,0.9698,0.9328,mean,1,-1,-1,-1,-1
octmnist,active,egl_fc,9012,octmnist-final_active_best-egl_fc-init3p-batch3pb-epc5-budget30p-9012.pth,2924,886,29243,3.0,30.0,3.0,5,32167,cycle,11,12670,val,0.0681,0.9069,0.9067,0.9628,0.9712,0.9369,mean,1,-1,-1,-1,-1
octmnist,active,egl_fc,9012,octmnist-final_active_best-egl_fc-init3p-batch3pb-epc5-budget30p-9012.pth,2924,886,29243,3.0,30.0,3.0,5,32167,cycle,12,13556,val,0.2085,0.9026,0.9021,0.9666,0.9749,0.9365,mean,0,-1,-1,-1,-1
octmnist,active,egl_fc,9012,octmnist-final_active_best-egl_fc-init3p-batch3pb-epc5-budget30p-9012.pth,2924,886,29243,3.0,30.0,3.0,5,32167,cycle,13,14442,val,0.0807,0.8949,0.8942,0.9627,0.9724,0.9311,mean,0,-1,-1,-1,-1
octmnist,active,egl_fc,9012,octmnist-final_active_best-egl_fc-init3p-batch3pb-epc5-budget30p-9012.pth,2924,886,29243,3.0,30.0,3.0,5,32167,cycle,14,15328,val,0.0658,0.9056,0.9056,0.9667,0.9759,0.9385,mean,1,-1,-1,-1,-1
octmnist,active,egl_fc,9012,octmnist-final_active_best-egl_fc-init3p-batch3pb-epc5-budget30p-9012.pth,2924,886,29243,3.0,30.0,3.0,5,32167,cycle,15,16214,val,0.0562,0.9093,0.9092,0.9663,0.9754,0.94,mean,1,-1,-1,-1,-1
octmnist,active,egl_fc,9012,octmnist-final_active_best-egl_fc-init3p-batch3pb-epc5-budget30p-9012.pth,2924,886,29243,3.0,30.0,3.0,5,32167,cycle,16,17100,val,0.1029,0.9176,0.9174,0.9689,0.9768,0.9452,mean,1,-1,-1,-1,-1
octmnist,active,egl_fc,9012,octmnist-final_active_best-egl_fc-init3p-batch3pb-epc5-budget30p-9012.pth,2924,886,29243,3.0,30.0,3.0,5,32167,cycle,17,17986,val,0.052,0.9175,0.9172,0.97,0.9777,0.9456,mean,1,-1,-1,-1,-1
octmnist,active,egl_fc,9012,octmnist-final_active_best-egl_fc-init3p-batch3pb-epc5-budget30p-9012.pth,2924,886,29243,3.0,30.0,3.0,5,32167,cycle,18,18872,val,0.0546,0.923,0.9228,0.9717,0.9789,0.9491,mean,1,-1,-1,-1,-1
octmnist,active,egl_fc,9012,octmnist-final_active_best-egl_fc-init3p-batch3pb-epc5-budget30p-9012.pth,2924,886,29243,3.0,30.0,3.0,5,32167,cycle,19,19758,val,0.052,0.9255,0.9253,0.9713,0.9791,0.9503,mean,1,-1,-1,-1,-1
octmnist,active,egl_fc,9012,octmnist-final_active_best-egl_fc-init3p-batch3pb-epc5-budget30p-9012.pth,2924,886,29243,3.0,30.0,3.0,5,32167,cycle,20,20644,val,0.0902,0.9181,0.918,0.9679,0.9764,0.9451,mean,0,-1,-1,-1,-1
octmnist,active,egl_fc,9012,octmnist-final_active_best-egl_fc-init3p-batch3pb-epc5-budget30p-9012.pth,2924,886,29243,3.0,30.0,3.0,5,32167,cycle,21,21530,val,0.0426,0.9256,0.9253,0.9717,0.9787,0.9503,mean,0,-1,-1,-1,-1
octmnist,active,egl_fc,9012,octmnist-final_active_best-egl_fc-init3p-batch3pb-epc5-budget30p-9012.pth,2924,886,29243,3.0,30.0,3.0,5,32167,cycle,22,22416,val,0.038,0.9193,0.9191,0.9694,0.9779,0.9464,mean,0,-1,-1,-1,-1
octmnist,active,egl_fc,9012,octmnist-final_active_best-egl_fc-init3p-batch3pb-epc5-budget30p-9012.pth,2924,886,29243,3.0,30.0,3.0,5,32167,cycle,23,23302,val,0.228,0.9156,0.9152,0.9716,0.9794,0.9454,mean,0,-1,-1,-1,-1
octmnist,active,egl_fc,9012,octmnist-final_active_best-egl_fc-init3p-batch3pb-epc5-budget30p-9012.pth,2924,886,29243,3.0,30.0,3.0,5,32167,cycle,24,24188,val,0.04,0.9327,0.9326,0.9738,0.9811,0.9551,mean,1,-1,-1,-1,-1
octmnist,active,egl_fc,9012,octmnist-final_active_best-egl_fc-init3p-batch3pb-epc5-budget30p-9012.pth,2924,886,29243,3.0,30.0,3.0,5,32167,cycle,25,25074,val,0.0406,0.9312,0.9311,0.9756,0.9818,0.9549,mean,0,-1,-1,-1,-1
octmnist,active,egl_fc,9012,octmnist-final_active_best-egl_fc-init3p-batch3pb-epc5-budget30p-9012.pth,2924,886,29243,3.0,30.0,3.0,5,32167,cycle,26,25960,val,0.0418,0.9386,0.9385,0.9759,0.9828,0.959,mean,1,-1,-1,-1,-1
octmnist,active,egl_fc,9012,octmnist-final_active_best-egl_fc-init3p-batch3pb-epc5-budget30p-9012.pth,2924,886,29243,3.0,30.0,3.0,5,32167,cycle,27,26846,val,0.0389,0.93,0.9298,0.9745,0.9795,0.9535,mean,0,-1,-1,-1,-1
octmnist,active,egl_fc,9012,octmnist-final_active_best-egl_fc-init3p-batch3pb-epc5-budget30p-9012.pth,2924,886,29243,3.0,30.0,3.0,5,32167,cycle,28,27732,val,0.104,0.9358,0.9357,0.9763,0.9825,0.9576,mean,0,-1,-1,-1,-1
octmnist,active,egl_fc,9012,octmnist-final_active_best-egl_fc-init3p-batch3pb-epc5-budget30p-9012.pth,2924,886,29243,3.0,30.0,3.0,5,32167,cycle,29,28618,val,0.0285,0.9359,0.9358,0.9755,0.9797,0.9567,mean,0,-1,-1,-1,-1
octmnist,active,egl_fc,9012,octmnist-final_active_best-egl_fc-init3p-batch3pb-epc5-budget30p-9012.pth,2924,886,29243,3.0,30.0,3.0,5,32167,cycle,30,29504,val,0.0408,0.9381,0.938,0.9768,0.9834,0.9591,mean,0,-1,-1,-1,-1
octmnist,active,egl_fc,9012,octmnist-final_active_best-egl_fc-init3p-batch3pb-epc5-budget30p-9012.pth,2924,886,29243,3.0,30.0,3.0,5,32167,cycle,31,30390,val,0.03,0.9418,0.9418,0.9784,0.9841,0.9615,mean,1,-1,-1,-1,-1
octmnist,active,egl_fc,9012,octmnist-final_active_best-egl_fc-init3p-batch3pb-epc5-budget30p-9012.pth,2924,886,29243,3.0,30.0,3.0,5,32167,cycle,32,31276,val,0.0335,0.939,0.9389,0.9763,0.9826,0.9592,mean,0,-1,-1,-1,-1
octmnist,active,egl_fc,9012,octmnist-final_active_best-egl_fc-init3p-batch3pb-epc5-budget30p-9012.pth,2924,886,29243,3.0,30.0,3.0,5,32167,cycle,33,32167,val,0.0275,0.9361,0.9361,0.9776,0.9836,0.9584,mean,0,-1,-1,-1,-1
octmnist,active,egl_fc,9012,octmnist-final_active_best-egl_fc-init3p-batch3pb-epc5-budget30p-9012.pth,2924,886,29243,3.0,30.0,3.0,5,32167,final,-1,30390,test,-1,0.864,0.8372,0.9442,0.9776,,mean,-1,635,21,229,115
octmnist,active,egl_fc,34895,octmnist-final_active_best-egl_fc-init3p-batch3pb-epc5-budget30p-34895.pth,2924,886,29243,3.0,30.0,3.0,5,32167,cycle,0,2924,val,0.4668,0.7184,0.7044,0.8839,0.9117,0.8046,mean,1,-1,-1,-1,-1
octmnist,active,egl_fc,34895,octmnist-final_active_best-egl_fc-init3p-batch3pb-epc5-budget30p-34895.pth,2924,886,29243,3.0,30.0,3.0,5,32167,cycle,1,3810,val,0.2442,0.8315,0.8301,0.9331,0.9494,0.886,mean,1,-1,-1,-1,-1
octmnist,active,egl_fc,34895,octmnist-final_active_best-egl_fc-init3p-batch3pb-epc5-budget30p-34895.pth,2924,886,29243,3.0,30.0,3.0,5,32167,cycle,2,4696,val,0.1781,0.701,0.6623,0.9285,0.9357,0.8069,mean,0,-1,-1,-1,-1
octmnist,active,egl_fc,34895,octmnist-final_active_best-egl_fc-init3p-batch3pb-epc5-budget30p-34895.pth,2924,886,29243,3.0,30.0,3.0,5,32167,cycle,3,5582,val,0.1185,0.7993,0.7959,0.9213,0.9409,0.8643,mean,0,-1,-1,-1,-1
octmnist,active,egl_fc,34895,octmnist-final_active_best-egl_fc-init3p-batch3pb-epc5-budget30p-34895.pth,2924,886,29243,3.0,30.0,3.0,5,32167,cycle,4,6468,val,0.1001,0.8854,0.8852,0.9492,0.963,0.9207,mean,1,-1,-1,-1,-1
octmnist,active,egl_fc,34895,octmnist-final_active_best-egl_fc-init3p-batch3pb-epc5-budget30p-34895.pth,2924,886,29243,3.0,30.0,3.0,5,32167,cycle,5,7354,val,0.1206,0.886,0.8859,0.9489,0.9626,0.9209,mean,1,-1,-1,-1,-1
octmnist,active,egl_fc,34895,octmnist-final_active_best-egl_fc-init3p-batch3pb-epc5-budget30p-34895.pth,2924,886,29243,3.0,30.0,3.0,5,32167,cycle,6,8240,val,0.1116,0.89,0.89,0.9535,0.9654,0.9247,mean,1,-1,-1,-1,-1
octmnist,active,egl_fc,34895,octmnist-final_active_best-egl_fc-init3p-batch3pb-epc5-budget30p-34895.pth,2924,886,29243,3.0,30.0,3.0,5,32167,cycle,7,9126,val,0.0951,0.8373,0.8359,0.9433,0.9587,0.8938,mean,0,-1,-1,-1,-1
octmnist,active,egl_fc,34895,octmnist-final_active_best-egl_fc-init3p-batch3pb-epc5-budget30p-34895.pth,2924,886,29243,3.0,30.0,3.0,5,32167,cycle,8,10012,val,0.0793,0.8889,0.8889,0.9456,0.9624,0.9215,mean,0,-1,-1,-1,-1
octmnist,active,egl_fc,34895,octmnist-final_active_best-egl_fc-init3p-batch3pb-epc5-budget30p-34895.pth,2924,886,29243,3.0,30.0,3.0,5,32167,cycle,9,10898,val,0.0765,0.9028,0.9028,0.9574,0.9698,0.9332,mean,1,-1,-1,-1,-1
octmnist,active,egl_fc,34895,octmnist-final_active_best-egl_fc-init3p-batch3pb-epc5-budget30p-34895.pth,2924,886,29243,3.0,30.0,3.0,5,32167,cycle,10,11784,val,0.0937,0.6977,0.6712,0.8408,0.8514,0.7653,mean,0,-1,-1,-1,-1
octmnist,active,egl_fc,34895,octmnist-final_active_best-egl_fc-init3p-batch3pb-epc5-budget30p-34895.pth,2924,886,29243,3.0,30.0,3.0,5,32167,cycle,11,12670,val,0.3905,0.7623,0.7455,0.9348,0.9493,0.848,mean,0,-1,-1,-1,-1
octmnist,active,egl_fc,34895,octmnist-final_active_best-egl_fc-init3p-batch3pb-epc5-budget30p-34895.pth,2924,886,29243,3.0,30.0,3.0,5,32167,cycle,12,13556,val,0.1978,0.9081,0.9081,0.9598,0.9719,0.937,mean,1,-1,-1,-1,-1
octmnist,active,egl_fc,34895,octmnist-final_active_best-egl_fc-init3p-batch3pb-epc5-budget30p-34895.pth,2924,886,29243,3.0,30.0,3.0,5,32167,cycle,13,14442,val,0.0864,0.8861,0.885,0.9628,0.9734,0.9268,mean,0,-1,-1,-1,-1
octmnist,active,egl_fc,34895,octmnist-final_active_best-egl_fc-init3p-batch3pb-epc5-budget30p-34895.pth,2924,886,29243,3.0,30.0,3.0,5,32167,cycle,14,15328,val,0.0704,0.9105,0.9104,0.962,0.9723,0.9388,mean,1,-1,-1,-1,-1
octmnist,active,egl_fc,34895,octmnist-final_active_best-egl_fc-init3p-batch3pb-epc5-budget30p-34895.pth,2924,886,29243,3.0,30.0,3.0,5,32167,cycle,15,16214,val,0.0646,0.9124,0.9124,0.9651,0.9749,0.9412,mean,1,-1,-1,-1,-1
octmnist,active,egl_fc,34895,octmnist-final_active_best-egl_fc-init3p-batch3pb-epc5-budget30p-34895.pth,2924,886,29243,3.0,30.0,3.0,5,32167,cycle,16,17100,val,0.058,0.8885,0.8871,0.9634,0.9683,0.9268,mean,0,-1,-1,-1,-1
octmnist,active,egl_fc,34895,octmnist-final_active_best-egl_fc-init3p-batch3pb-epc5-budget30p-34895.pth,2924,886,29243,3.0,30.0,3.0,5,32167,cycle,17,17986,val,0.0556,0.9077,0.9071,0.9671,0.9753,0.9393,mean,0,-1,-1,-1,-1
octmnist,active,egl_fc,34895,octmnist-final_active_best-egl_fc-init3p-batch3pb-epc5-budget30p-34895.pth,2924,886,29243,3.0,30.0,3.0,5,32167,cycle,18,18872,val,0.0511,0.9224,0.9223,0.9694,0.9775,0.9479,mean,1,-1,-1,-1,-1
octmnist,active,egl_fc,34895,octmnist-final_active_best-egl_fc-init3p-batch3pb-epc5-budget30p-34895.pth,2924,886,29243,3.0,30.0,3.0,5,32167,cycle,19,19758,val,0.0459,0.9081,0.9073,0.9702,0.9759,0.9404,mean,0,-1,-1,-1,-1
octmnist,active,egl_fc,34895,octmnist-final_active_best-egl_fc-init3p-batch3pb-epc5-budget30p-34895.pth,2924,886,29243,3.0,30.0,3.0,5,32167,cycle,20,20644,val,0.0443,0.9001,0.8989,0.9664,0.9659,0.9328,mean,0,-1,-1,-1,-1
octmnist,active,egl_fc,34895,octmnist-final_active_best-egl_fc-init3p-batch3pb-epc5-budget30p-34895.pth,2924,886,29243,3.0,30.0,3.0,5,32167,cycle,21,21530,val,0.0443,0.9266,0.9264,0.9721,0.9768,0.9505,mean,1,-1,-1,-1,-1
octmnist,active,egl_fc,34895,octmnist-final_active_best-egl_fc-init3p-batch3pb-epc5-budget30p-34895.pth,2924,886,29243,3.0,30.0,3.0,5,32167,cycle,22,22416,val,0.1226,0.9277,0.9275,0.9732,0.9808,0.9523,mean,1,-1,-1,-1,-1
octmnist,active,egl_fc,34895,octmnist-final_active_best-egl_fc-init3p-batch3pb-epc5-budget30p-34895.pth,2924,886,29243,3.0,30.0,3.0,5,32167,cycle,23,23302,val,0.0378,0.9342,0.9341,0.9754,0.982,0.9564,mean,1,-1,-1,-1,-1
octmnist,active,egl_fc,34895,octmnist-final_active_best-egl_fc-init3p-batch3pb-epc5-budget30p-34895.pth,2924,886,29243,3.0,30.0,3.0,5,32167,cycle,24,24188,val,0.0357,0.9218,0.9215,0.9723,0.9776,0.9483,mean,0,-1,-1,-1,-1
octmnist,active,egl_fc,34895,octmnist-final_active_best-egl_fc-init3p-batch3pb-epc5-budget30p-34895.pth,2924,886,29243,3.0,30.0,3.0,5,32167,cycle,25,25074,val,0.0374,0.9309,0.9306,0.9763,0.9817,0.9549,mean,0,-1,-1,-1,-1
octmnist,active,egl_fc,34895,octmnist-final_active_best-egl_fc-init3p-batch3pb-epc5-budget30p-34895.pth,2924,886,29243,3.0,30.0,3.0,5,32167,cycle,26,25960,val,0.0379,0.9314,0.9314,0.9751,0.9817,0.9549,mean,0,-1,-1,-1,-1
octmnist,active,egl_fc,34895,octmnist-final_active_best-egl_fc-init3p-batch3pb-epc5-budget30p-34895.pth,2924,886,29243,3.0,30.0,3.0,5,32167,cycle,27,26846,val,0.0299,0.9354,0.9352,0.9765,0.9826,0.9574,mean,1,-1,-1,-1,-1
octmnist,active,egl_fc,34895,octmnist-final_active_best-egl_fc-init3p-batch3pb-epc5-budget30p-34895.pth,2924,886,29243,3.0,30.0,3.0,5,32167,cycle,28,27732,val,0.0324,0.9353,0.935,0.9763,0.9802,0.9567,mean,0,-1,-1,-1,-1
octmnist,active,egl_fc,34895,octmnist-final_active_best-egl_fc-init3p-batch3pb-epc5-budget30p-34895.pth,2924,886,29243,3.0,30.0,3.0,5,32167,cycle,29,28618,val,0.0554,0.9318,0.9317,0.9745,0.9812,0.9548,mean,0,-1,-1,-1,-1
octmnist,active,egl_fc,34895,octmnist-final_active_best-egl_fc-init3p-batch3pb-epc5-budget30p-34895.pth,2924,886,29243,3.0,30.0,3.0,5,32167,cycle,30,29504,val,0.0244,0.9281,0.9281,0.9769,0.9832,0.9541,mean,0,-1,-1,-1,-1
octmnist,active,egl_fc,34895,octmnist-final_active_best-egl_fc-init3p-batch3pb-epc5-budget30p-34895.pth,2924,886,29243,3.0,30.0,3.0,5,32167,cycle,31,30390,val,0.0244,0.9387,0.9385,0.9771,0.9812,0.9589,mean,1,-1,-1,-1,-1
octmnist,active,egl_fc,34895,octmnist-final_active_best-egl_fc-init3p-batch3pb-epc5-budget30p-34895.pth,2924,886,29243,3.0,30.0,3.0,5,32167,cycle,32,31276,val,0.0712,0.9255,0.9255,0.9469,0.9687,0.9416,mean,0,-1,-1,-1,-1
octmnist,active,egl_fc,34895,octmnist-final_active_best-egl_fc-init3p-batch3pb-epc5-budget30p-34895.pth,2924,886,29243,3.0,30.0,3.0,5,32167,cycle,33,32167,val,0.0213,0.93,0.9297,0.977,0.9824,0.9548,mean,0,-1,-1,-1,-1
octmnist,active,egl_fc,34895,octmnist-final_active_best-egl_fc-init3p-batch3pb-epc5-budget30p-34895.pth,2924,886,29243,3.0,30.0,3.0,5,32167,final,-1,30390,test,-1,0.883,0.8514,0.9451,0.9821,,mean,-1,672,39,211,78
octmnist,active,egl_fc,148932,octmnist-final_active_best-egl_fc-init3p-batch3pb-epc5-budget30p-148932.pth,2924,886,29243,3.0,30.0,3.0,5,32167,cycle,0,2924,val,0.5074,0.848,0.8479,0.9267,0.9381,0.8902,mean,1,-1,-1,-1,-1
octmnist,active,egl_fc,148932,octmnist-final_active_best-egl_fc-init3p-batch3pb-epc5-budget30p-148932.pth,2924,886,29243,3.0,30.0,3.0,5,32167,cycle,1,3810,val,0.2478,0.8602,0.8601,0.9364,0.9516,0.9021,mean,1,-1,-1,-1,-1
octmnist,active,egl_fc,148932,octmnist-final_active_best-egl_fc-init3p-batch3pb-epc5-budget30p-148932.pth,2924,886,29243,3.0,30.0,3.0,5,32167,cycle,2,4696,val,0.2482,0.7619,0.7442,0.9482,0.9593,0.8534,mean,0,-1,-1,-1,-1
octmnist,active,egl_fc,148932,octmnist-final_active_best-egl_fc-init3p-batch3pb-epc5-budget30p-148932.pth,2924,886,29243,3.0,30.0,3.0,5,32167,cycle,3,5582,val,0.1807,0.7693,0.7655,0.8706,0.9062,0.8279,mean,0,-1,-1,-1,-1
octmnist,active,egl_fc,148932,octmnist-final_active_best-egl_fc-init3p-batch3pb-epc5-budget30p-148932.pth,2924,886,29243,3.0,30.0,3.0,5,32167,cycle,4,6468,val,0.1425,0.8825,0.8824,0.9467,0.9607,0.9181,mean,1,-1,-1,-1,-1
octmnist,active,egl_fc,148932,octmnist-final_active_best-egl_fc-init3p-batch3pb-epc5-budget30p-148932.pth,2924,886,29243,3.0,30.0,3.0,5,32167,cycle,5,7354,val,0.1417,0.884,0.8836,0.9519,0.9633,0.9207,mean,1,-1,-1,-1,-1
octmnist,active,egl_fc,148932,octmnist-final_active_best-egl_fc-init3p-batch3pb-epc5-budget30p-148932.pth,2924,886,29243,3.0,30.0,3.0,5,32167,cycle,6,8240,val,0.1306,0.8956,0.8955,0.9553,0.9666,0.9283,mean,1,-1,-1,-1,-1
octmnist,active,egl_fc,148932,octmnist-final_active_best-egl_fc-init3p-batch3pb-epc5-budget30p-148932.pth,2924,886,29243,3.0,30.0,3.0,5,32167,cycle,7,9126,val,0.1112,0.8265,0.8244,0.9438,0.9597,0.8886,mean,0,-1,-1,-1,-1
octmnist,active,egl_fc,148932,octmnist-final_active_best-egl_fc-init3p-batch3pb-epc5-budget30p-148932.pth,2924,886,29243,3.0,30.0,3.0,5,32167,cycle,8,10012,val,0.0887,0.9014,0.9014,0.9594,0.9698,0.933,mean,1,-1,-1,-1,-1
octmnist,active,egl_fc,148932,octmnist-final_active_best-egl_fc-init3p-batch3pb-epc5-budget30p-148932.pth,2924,886,29243,3.0,30.0,3.0,5,32167,cycle,9,10898,val,0.0835,0.7441,0.7203,0.9368,0.9437,0.8362,mean,0,-1,-1,-1,-1
octmnist,active,egl_fc,148932,octmnist-final_active_best-egl_fc-init3p-batch3pb-epc5-budget30p-148932.pth,2924,886,29243,3.0,30.0,3.0,5,32167,cycle,10,11784,val,0.0642,0.9029,0.9029,0.9559,0.969,0.9327,mean,0,-1,-1,-1,-1
octmnist,active,egl_fc,148932,octmnist-final_active_best-egl_fc-init3p-batch3pb-epc5-budget30p-148932.pth,2924,886,29243,3.0,30.0,3.0,5,32167,cycle,11,12670,val,0.077,0.8939,0.8938,0.9613,0.9725,0.9304,mean,0,-1,-1,-1,-1
octmnist,active,egl_fc,148932,octmnist-final_active_best-egl_fc-init3p-batch3pb-epc5-budget30p-148932.pth,2924,886,29243,3.0,30.0,3.0,5,32167,cycle,12,13556,val,0.0969,0.8902,0.8891,0.961,0.9705,0.9277,mean,0,-1,-1,-1,-1
octmnist,active,egl_fc,148932,octmnist-final_active_best-egl_fc-init3p-batch3pb-epc5-budget30p-148932.pth,2924,886,29243,3.0,30.0,3.0,5,32167,cycle,13,14442,val,0.0511,0.915,0.915,0.9663,0.9761,0.9431,mean,1,-1,-1,-1,-1
octmnist,active,egl_fc,148932,octmnist-final_active_best-egl_fc-init3p-batch3pb-epc5-budget30p-148932.pth,2924,886,29243,3.0,30.0,3.0,5,32167,cycle,14,15328,val,0.0591,0.8382,0.8325,0.9656,0.9721,0.9021,mean,0,-1,-1,-1,-1
octmnist,active,egl_fc,148932,octmnist-final_active_best-egl_fc-init3p-batch3pb-epc5-budget30p-148932.pth,2924,886,29243,3.0,30.0,3.0,5,32167,cycle,15,16214,val,0.0463,0.8751,0.8727,0.968,0.9743,0.9225,mean,0,-1,-1,-1,-1
octmnist,active,egl_fc,148932,octmnist-final_active_best-egl_fc-init3p-batch3pb-epc5-budget30p-148932.pth,2924,886,29243,3.0,30.0,3.0,5,32167,cycle,16,17100,val,0.0481,0.8915,0.89,0.9633,0.9642,0.9273,mean,0,-1,-1,-1,-1
octmnist,active,egl_fc,148932,octmnist-final_active_best-egl_fc-init3p-batch3pb-epc5-budget30p-148932.pth,2924,886,29243,3.0,30.0,3.0,5,32167,cycle,17,17986,val,0.0467,0.9057,0.9057,0.9688,0.9772,0.9394,mean,0,-1,-1,-1,-1
octmnist,active,egl_fc,148932,octmnist-final_active_best-egl_fc-init3p-batch3pb-epc5-budget30p-148932.pth,2924,886,29243,3.0,30.0,3.0,5,32167,cycle,18,18872,val,0.0444,0.9238,0.9238,0.9705,0.978,0.949,mean,1,-1,-1,-1,-1
octmnist,active,egl_fc,148932,octmnist-final_active_best-egl_fc-init3p-batch3pb-epc5-budget30p-148932.pth,2924,886,29243,3.0,30.0,3.0,5,32167,cycle,19,19758,val,0.0427,0.9194,0.919,0.9728,0.9798,0.9478,mean,0,-1,-1,-1,-1
octmnist,active,egl_fc,148932,octmnist-final_active_best-egl_fc-init3p-batch3pb-epc5-budget30p-148932.pth,2924,886,29243,3.0,30.0,3.0,5,32167,cycle,20,20644,val,0.0803,0.9105,0.9105,0.9657,0.9744,0.9403,mean,0,-1,-1,-1,-1
octmnist,active,egl_fc,148932,octmnist-final_active_best-egl_fc-init3p-batch3pb-epc5-budget30p-148932.pth,2924,886,29243,3.0,30.0,3.0,5,32167,cycle,21,21530,val,0.0773,0.9307,0.9306,0.9725,0.979,0.9532,mean,1,-1,-1,-1,-1
octmnist,active,egl_fc,148932,octmnist-final_active_best-egl_fc-init3p-batch3pb-epc5-budget30p-148932.pth,2924,886,29243,3.0,30.0,3.0,5,32167,cycle,22,22416,val,0.0344,0.9183,0.9178,0.9738,0.9798,0.9474,mean,0,-1,-1,-1,-1
octmnist,active,egl_fc,148932,octmnist-final_active_best-egl_fc-init3p-batch3pb-epc5-budget30p-148932.pth,2924,886,29243,3.0,30.0,3.0,5,32167,cycle,23,23302,val,0.038,0.9303,0.9301,0.9737,0.9804,0.9536,mean,1,-1,-1,-1,-1
octmnist,active,egl_fc,148932,octmnist-final_active_best-egl_fc-init3p-batch3pb-epc5-budget30p-148932.pth,2924,886,29243,3.0,30.0,3.0,5,32167,cycle,24,24188,val,0.0381,0.9334,0.9333,0.9764,0.9828,0.9565,mean,1,-1,-1,-1,-1
octmnist,active,egl_fc,148932,octmnist-final_active_best-egl_fc-init3p-batch3pb-epc5-budget30p-148932.pth,2924,886,29243,3.0,30.0,3.0,5,32167,cycle,25,25074,val,0.0513,0.9309,0.9306,0.9771,0.9833,0.9555,mean,0,-1,-1,-1,-1
octmnist,active,egl_fc,148932,octmnist-final_active_best-egl_fc-init3p-batch3pb-epc5-budget30p-148932.pth,2924,886,29243,3.0,30.0,3.0,5,32167,cycle,26,25960,val,0.0558,0.9254,0.9254,0.9775,0.9835,0.953,mean,0,-1,-1,-1,-1
octmnist,active,egl_fc,148932,octmnist-final_active_best-egl_fc-init3p-batch3pb-epc5-budget30p-148932.pth,2924,886,29243,3.0,30.0,3.0,5,32167,cycle,27,26846,val,0.0304,0.9355,0.9353,0.9776,0.9836,0.958,mean,1,-1,-1,-1,-1
octmnist,active,egl_fc,148932,octmnist-final_active_best-egl_fc-init3p-batch3pb-epc5-budget30p-148932.pth,2924,886,29243,3.0,30.0,3.0,5,32167,cycle,28,27732,val,0.0359,0.9364,0.9364,0.9783,0.9843,0.9588,mean,1,-1,-1,-1,-1
octmnist,active,egl_fc,148932,octmnist-final_active_best-egl_fc-init3p-batch3pb-epc5-budget30p-148932.pth,2924,886,29243,3.0,30.0,3.0,5,32167,cycle,29,28618,val,0.0323,0.9409,0.9408,0.9778,0.9839,0.9608,mean,1,-1,-1,-1,-1
octmnist,active,egl_fc,148932,octmnist-final_active_best-egl_fc-init3p-batch3pb-epc5-budget30p-148932.pth,2924,886,29243,3.0,30.0,3.0,5,32167,cycle,30,29504,val,0.0318,0.9408,0.9406,0.9803,0.9851,0.9617,mean,1,-1,-1,-1,-1
octmnist,active,egl_fc,148932,octmnist-final_active_best-egl_fc-init3p-batch3pb-epc5-budget30p-148932.pth,2924,886,29243,3.0,30.0,3.0,5,32167,cycle,31,30390,val,0.0289,0.9357,0.9354,0.9792,0.9849,0.9588,mean,0,-1,-1,-1,-1
octmnist,active,egl_fc,148932,octmnist-final_active_best-egl_fc-init3p-batch3pb-epc5-budget30p-148932.pth,2924,886,29243,3.0,30.0,3.0,5,32167,cycle,32,31276,val,0.0301,0.9384,0.9382,0.9802,0.9853,0.9605,mean,0,-1,-1,-1,-1
octmnist,active,egl_fc,148932,octmnist-final_active_best-egl_fc-init3p-batch3pb-epc5-budget30p-148932.pth,2924,886,29243,3.0,30.0,3.0,5,32167,cycle,33,32167,val,0.0274,0.9406,0.9404,0.9799,0.9856,0.9617,mean,0,-1,-1,-1,-1
octmnist,active,egl_fc,148932,octmnist-final_active_best-egl_fc-init3p-batch3pb-epc5-budget30p-148932.pth,2924,886,29243,3.0,30.0,3.0,5,32167,final,-1,29504,test,-1,0.892,0.864,0.9553,0.9858,,mean,-1,673,31,219,77
pneumoniamnist,active,random,17,pneumoniamnist-final_active_best-random-init3p-batch3pb-epc5-budget30p-17.pth,141,42,1412,3.0,30.0,3.0,5,1553,cycle,0,141,val,0.2704,0.7424,0.4261,0.7885,0.912,0.7172,mean,1,-1,-1,-1,-1
pneumoniamnist,active,random,17,pneumoniamnist-final_active_best-random-init3p-batch3pb-epc5-budget30p-17.pth,141,42,1412,3.0,30.0,3.0,5,1553,cycle,1,183,val,0.2528,0.7424,0.4261,0.7339,0.8857,0.697,mean,0,-1,-1,-1,-1
pneumoniamnist,active,random,17,pneumoniamnist-final_active_best-random-init3p-batch3pb-epc5-budget30p-17.pth,141,42,1412,3.0,30.0,3.0,5,1553,cycle,2,225,val,0.0716,0.7424,0.4261,0.7594,0.879,0.7017,mean,0,-1,-1,-1,-1
pneumoniamnist,active,random,17,pneumoniamnist-final_active_best-random-init3p-batch3pb-epc5-budget30p-17.pth,141,42,1412,3.0,30.0,3.0,5,1553,cycle,3,267,val,0.0664,0.8149,0.6673,0.9587,0.9771,0.8545,mean,1,-1,-1,-1,-1
pneumoniamnist,active,random,17,pneumoniamnist-final_active_best-random-init3p-batch3pb-epc5-budget30p-17.pth,141,42,1412,3.0,30.0,3.0,5,1553,cycle,4,309,val,0.0203,0.937,0.9145,0.98,0.9935,0.9563,mean,1,-1,-1,-1,-1
pneumoniamnist,active,random,17,pneumoniamnist-final_active_best-random-init3p-batch3pb-epc5-budget30p-17.pth,141,42,1412,3.0,30.0,3.0,5,1553,cycle,5,351,val,0.0486,0.9351,0.9135,0.9814,0.9939,0.956,mean,0,-1,-1,-1,-1
pneumoniamnist,active,random,17,pneumoniamnist-final_active_best-random-init3p-batch3pb-epc5-budget30p-17.pth,141,42,1412,3.0,30.0,3.0,5,1553,cycle,6,393,val,0.0389,0.9351,0.9152,0.9766,0.9917,0.9546,mean,0,-1,-1,-1,-1
pneumoniamnist,active,random,17,pneumoniamnist-final_active_best-random-init3p-batch3pb-epc5-budget30p-17.pth,141,42,1412,3.0,30.0,3.0,5,1553,cycle,7,435,val,0.0542,0.9237,0.8919,0.981,0.9933,0.9475,mean,0,-1,-1,-1,-1
pneumoniamnist,active,random,17,pneumoniamnist-final_active_best-random-init3p-batch3pb-epc5-budget30p-17.pth,141,42,1412,3.0,30.0,3.0,5,1553,cycle,8,477,val,0.021,0.874,0.8049,0.9348,0.9749,0.8972,mean,0,-1,-1,-1,-1
pneumoniamnist,active,random,17,pneumoniamnist-final_active_best-random-init3p-batch3pb-epc5-budget30p-17.pth,141,42,1412,3.0,30.0,3.0,5,1553,cycle,9,519,val,0.0177,0.9313,0.9134,0.9832,0.9944,0.9556,mean,0,-1,-1,-1,-1
pneumoniamnist,active,random,17,pneumoniamnist-final_active_best-random-init3p-batch3pb-epc5-budget30p-17.pth,141,42,1412,3.0,30.0,3.0,5,1553,cycle,10,561,val,0.0172,0.9179,0.8821,0.9797,0.9928,0.9431,mean,0,-1,-1,-1,-1
pneumoniamnist,active,random,17,pneumoniamnist-final_active_best-random-init3p-batch3pb-epc5-budget30p-17.pth,141,42,1412,3.0,30.0,3.0,5,1553,cycle,11,603,val,0.0155,0.9485,0.9311,0.9865,0.9955,0.9654,mean,1,-1,-1,-1,-1
pneumoniamnist,active,random,17,pneumoniamnist-final_active_best-random-init3p-batch3pb-epc5-budget30p-17.pth,141,42,1412,3.0,30.0,3.0,5,1553,cycle,12,645,val,0.0233,0.9504,0.9328,0.986,0.9949,0.966,mean,1,-1,-1,-1,-1
pneumoniamnist,active,random,17,pneumoniamnist-final_active_best-random-init3p-batch3pb-epc5-budget30p-17.pth,141,42,1412,3.0,30.0,3.0,5,1553,cycle,13,687,val,0.0045,0.9427,0.9262,0.984,0.9945,0.9619,mean,0,-1,-1,-1,-1
pneumoniamnist,active,random,17,pneumoniamnist-final_active_best-random-init3p-batch3pb-epc5-budget30p-17.pth,141,42,1412,3.0,30.0,3.0,5,1553,cycle,14,729,val,0.0267,0.9504,0.9335,0.9817,0.9933,0.9647,mean,0,-1,-1,-1,-1
pneumoniamnist,active,random,17,pneumoniamnist-final_active_best-random-init3p-batch3pb-epc5-budget30p-17.pth,141,42,1412,3.0,30.0,3.0,5,1553,cycle,15,771,val,0.0132,0.958,0.9449,0.9902,0.9966,0.9724,mean,1,-1,-1,-1,-1
pneumoniamnist,active,random,17,pneumoniamnist-final_active_best-random-init3p-batch3pb-epc5-budget30p-17.pth,141,42,1412,3.0,30.0,3.0,5,1553,cycle,16,813,val,0.0261,0.9256,0.8949,0.9846,0.9947,0.95,mean,0,-1,-1,-1,-1
pneumoniamnist,active,random,17,pneumoniamnist-final_active_best-random-init3p-batch3pb-epc5-budget30p-17.pth,141,42,1412,3.0,30.0,3.0,5,1553,cycle,17,855,val,0.0405,0.876,0.8071,0.9761,0.9911,0.9126,mean,0,-1,-1,-1,-1
pneumoniamnist,active,random,17,pneumoniamnist-final_active_best-random-init3p-batch3pb-epc5-budget30p-17.pth,141,42,1412,3.0,30.0,3.0,5,1553,cycle,18,897,val,0.0149,0.958,0.9451,0.9849,0.9947,0.9707,mean,0,-1,-1,-1,-1
pneumoniamnist,active,random,17,pneumoniamnist-final_active_best-random-init3p-batch3pb-epc5-budget30p-17.pth,141,42,1412,3.0,30.0,3.0,5,1553,cycle,19,939,val,0.0051,0.9332,0.9068,0.9846,0.9938,0.9546,mean,0,-1,-1,-1,-1
pneumoniamnist,active,random,17,pneumoniamnist-final_active_best-random-init3p-batch3pb-epc5-budget30p-17.pth,141,42,1412,3.0,30.0,3.0,5,1553,cycle,20,981,val,0.0245,0.9523,0.9384,0.9903,0.9967,0.9694,mean,0,-1,-1,-1,-1
pneumoniamnist,active,random,17,pneumoniamnist-final_active_best-random-init3p-batch3pb-epc5-budget30p-17.pth,141,42,1412,3.0,30.0,3.0,5,1553,cycle,21,1023,val,0.0056,0.9256,0.893,0.9601,0.9833,0.9405,mean,0,-1,-1,-1,-1
pneumoniamnist,active,random,17,pneumoniamnist-final_active_best-random-init3p-batch3pb-epc5-budget30p-17.pth,141,42,1412,3.0,30.0,3.0,5,1553,cycle,22,1065,val,0.0397,0.9542,0.937,0.9871,0.9952,0.9683,mean,0,-1,-1,-1,-1
pneumoniamnist,active,random,17,pneumoniamnist-final_active_best-random-init3p-batch3pb-epc5-budget30p-17.pth,141,42,1412,3.0,30.0,3.0,5,1553,cycle,23,1107,val,0.0124,0.9599,0.9489,0.9904,0.9968,0.974,mean,1,-1,-1,-1,-1
pneumoniamnist,active,random,17,pneumoniamnist-final_active_best-random-init3p-batch3pb-epc5-budget30p-17.pth,141,42,1412,3.0,30.0,3.0,5,1553,cycle,24,1149,val,0.0056,0.9637,0.9525,0.9906,0.9966,0.9759,mean,1,-1,-1,-1,-1
pneumoniamnist,active,random,17,pneumoniamnist-final_active_best-random-init3p-batch3pb-epc5-budget30p-17.pth,141,42,1412,3.0,30.0,3.0,5,1553,cycle,25,1191,val,0.0039,0.9427,0.9212,0.9865,0.995,0.9614,mean,0,-1,-1,-1,-1
pneumoniamnist,active,random,17,pneumoniamnist-final_active_best-random-init3p-batch3pb-epc5-budget30p-17.pth,141,42,1412,3.0,30.0,3.0,5,1553,cycle,26,1233,val,0.0158,0.958,0.9454,0.9861,0.9953,0.9712,mean,0,-1,-1,-1,-1
pneumoniamnist,active,random,17,pneumoniamnist-final_active_best-random-init3p-batch3pb-epc5-budget30p-17.pth,141,42,1412,3.0,30.0,3.0,5,1553,cycle,27,1275,val,0.0145,0.9504,0.9328,0.9862,0.9947,0.966,mean,0,-1,-1,-1,-1
pneumoniamnist,active,random,17,pneumoniamnist-final_active_best-random-init3p-batch3pb-epc5-budget30p-17.pth,141,42,1412,3.0,30.0,3.0,5,1553,cycle,28,1317,val,0.0254,0.9427,0.9208,0.9916,0.9971,0.963,mean,0,-1,-1,-1,-1
pneumoniamnist,active,random,17,pneumoniamnist-final_active_best-random-init3p-batch3pb-epc5-budget30p-17.pth,141,42,1412,3.0,30.0,3.0,5,1553,cycle,29,1359,val,0.0083,0.9695,0.9597,0.9925,0.9972,0.9797,mean,1,-1,-1,-1,-1
pneumoniamnist,active,random,17,pneumoniamnist-final_active_best-random-init3p-batch3pb-epc5-budget30p-17.pth,141,42,1412,3.0,30.0,3.0,5,1553,cycle,30,1401,val,0.0104,0.8931,0.8745,0.9884,0.9945,0.9376,mean,0,-1,-1,-1,-1
pneumoniamnist,active,random,17,pneumoniamnist-final_active_best-random-init3p-batch3pb-epc5-budget30p-17.pth,141,42,1412,3.0,30.0,3.0,5,1553,cycle,31,1443,val,0.0122,0.8397,0.8198,0.9854,0.9946,0.9099,mean,0,-1,-1,-1,-1
pneumoniamnist,active,random,17,pneumoniamnist-final_active_best-random-init3p-batch3pb-epc5-budget30p-17.pth,141,42,1412,3.0,30.0,3.0,5,1553,cycle,32,1485,val,0.0211,0.9485,0.9352,0.9905,0.9966,0.9677,mean,0,-1,-1,-1,-1
pneumoniamnist,active,random,17,pneumoniamnist-final_active_best-random-init3p-batch3pb-epc5-budget30p-17.pth,141,42,1412,3.0,30.0,3.0,5,1553,cycle,33,1553,val,0.0063,0.9676,0.9564,0.9911,0.9962,0.9778,mean,0,-1,-1,-1,-1
pneumoniamnist,active,random,17,pneumoniamnist-final_active_best-random-init3p-batch3pb-epc5-budget30p-17.pth,141,42,1412,3.0,30.0,3.0,5,1553,final,-1,1359,test,-1,0.8381,0.8057,0.966,0.979,,mean,-1,389,100,134,1
pneumoniamnist,active,random,246,pneumoniamnist-final_active_best-random-init3p-batch3pb-epc5-budget30p-246.pth,141,42,1412,3.0,30.0,3.0,5,1553,cycle,0,141,val,0.3037,0.7424,0.4261,0.4856,0.7433,0.5993,mean,1,-1,-1,-1,-1
pneumoniamnist,active,random,246,pneumoniamnist-final_active_best-random-init3p-batch3pb-epc5-budget30p-246.pth,141,42,1412,3.0,30.0,3.0,5,1553,cycle,1,183,val,0.1741,0.7424,0.4261,0.4185,0.7348,0.5804,mean,0,-1,-1,-1,-1
pneumoniamnist,active,random,246,pneumoniamnist-final_active_best-random-init3p-batch3pb-epc5-budget30p-246.pth,141,42,1412,3.0,30.0,3.0,5,1553,cycle,2,225,val,0.1465,0.7939,0.6057,0.9487,0.981,0.8323,mean,1,-1,-1,-1,-1
pneumoniamnist,active,random,246,pneumoniamnist-final_active_best-random-init3p-batch3pb-epc5-budget30p-246.pth,141,42,1412,3.0,30.0,3.0,5,1553,cycle,3,267,val,0.0395,0.9084,0.868,0.974,0.991,0.9353,mean,1,-1,-1,-1,-1
pneumoniamnist,active,random,246,pneumoniamnist-final_active_best-random-init3p-batch3pb-epc5-budget30p-246.pth,141,42,1412,3.0,30.0,3.0,5,1553,cycle,4,309,val,0.078,0.8645,0.7893,0.9556,0.9823,0.8979,mean,0,-1,-1,-1,-1
pneumoniamnist,active,random,246,pneumoniamnist-final_active_best-random-init3p-batch3pb-epc5-budget30p-246.pth,141,42,1412,3.0,30.0,3.0,5,1553,cycle,5,351,val,0.0324,0.9179,0.8998,0.9786,0.9919,0.947,mean,1,-1,-1,-1,-1
pneumoniamnist,active,random,246,pneumoniamnist-final_active_best-random-init3p-batch3pb-epc5-budget30p-246.pth,141,42,1412,3.0,30.0,3.0,5,1553,cycle,6,393,val,0.0217,0.8588,0.8347,0.9689,0.9873,0.9124,mean,0,-1,-1,-1,-1
pneumoniamnist,active,random,246,pneumoniamnist-final_active_best-random-init3p-batch3pb-epc5-budget30p-246.pth,141,42,1412,3.0,30.0,3.0,5,1553,cycle,7,435,val,0.0565,0.958,0.9454,0.9912,0.9969,0.9729,mean,1,-1,-1,-1,-1
pneumoniamnist,active,random,246,pneumoniamnist-final_active_best-random-init3p-batch3pb-epc5-budget30p-246.pth,141,42,1412,3.0,30.0,3.0,5,1553,cycle,8,477,val,0.0423,0.9504,0.9348,0.9836,0.9931,0.9655,mean,0,-1,-1,-1,-1
pneumoniamnist,active,random,246,pneumoniamnist-final_active_best-random-init3p-batch3pb-epc5-budget30p-246.pth,141,42,1412,3.0,30.0,3.0,5,1553,cycle,9,519,val,0.0409,0.9294,0.9066,0.9825,0.9943,0.9532,mean,0,-1,-1,-1,-1
pneumoniamnist,active,random,246,pneumoniamnist-final_active_best-random-init3p-batch3pb-epc5-budget30p-246.pth,141,42,1412,3.0,30.0,3.0,5,1553,cycle,10,561,val,0.042,0.9122,0.8711,0.9795,0.9923,0.9388,mean,0,-1,-1,-1,-1
pneumoniamnist,active,random,246,pneumoniamnist-final_active_best-random-init3p-batch3pb-epc5-budget30p-246.pth,141,42,1412,3.0,30.0,3.0,5,1553,cycle,11,603,val,0.0173,0.9313,0.9159,0.9915,0.9971,0.959,mean,0,-1,-1,-1,-1
pneumoniamnist,active,random,246,pneumoniamnist-final_active_best-random-init3p-batch3pb-epc5-budget30p-246.pth,141,42,1412,3.0,30.0,3.0,5,1553,cycle,12,645,val,0.0484,0.9466,0.9276,0.9839,0.9935,0.9629,mean,0,-1,-1,-1,-1
pneumoniamnist,active,random,246,pneumoniamnist-final_active_best-random-init3p-batch3pb-epc5-budget30p-246.pth,141,42,1412,3.0,30.0,3.0,5,1553,cycle,13,687,val,0.0274,0.9046,0.859,0.9414,0.965,0.9175,mean,0,-1,-1,-1,-1
pneumoniamnist,active,random,246,pneumoniamnist-final_active_best-random-init3p-batch3pb-epc5-budget30p-246.pth,141,42,1412,3.0,30.0,3.0,5,1553,cycle,14,729,val,0.0335,0.8683,0.7876,0.9176,0.9638,0.8843,mean,0,-1,-1,-1,-1
pneumoniamnist,active,random,246,pneumoniamnist-final_active_best-random-init3p-batch3pb-epc5-budget30p-246.pth,141,42,1412,3.0,30.0,3.0,5,1553,cycle,15,771,val,0.0436,0.9676,0.9577,0.9927,0.9975,0.9788,mean,1,-1,-1,-1,-1
pneumoniamnist,active,random,246,pneumoniamnist-final_active_best-random-init3p-batch3pb-epc5-budget30p-246.pth,141,42,1412,3.0,30.0,3.0,5,1553,cycle,16,813,val,0.0276,0.813,0.7948,0.992,0.9972,0.8992,mean,0,-1,-1,-1,-1
pneumoniamnist,active,random,246,pneumoniamnist-final_active_best-random-init3p-batch3pb-epc5-budget30p-246.pth,141,42,1412,3.0,30.0,3.0,5,1553,cycle,17,855,val,0.0368,0.9676,0.9575,0.9947,0.9983,0.9795,mean,1,-1,-1,-1,-1
pneumoniamnist,active,random,246,pneumoniamnist-final_active_best-random-init3p-batch3pb-epc5-budget30p-246.pth,141,42,1412,3.0,30.0,3.0,5,1553,cycle,18,897,val,0.0364,0.9752,0.9676,0.9967,0.9989,0.9846,mean,1,-1,-1,-1,-1
pneumoniamnist,active,random,246,pneumoniamnist-final_active_best-random-init3p-batch3pb-epc5-budget30p-246.pth,141,42,1412,3.0,30.0,3.0,5,1553,cycle,19,939,val,0.0066,0.9656,0.9549,0.9956,0.9985,0.9787,mean,0,-1,-1,-1,-1
pneumoniamnist,active,random,246,pneumoniamnist-final_active_best-random-init3p-batch3pb-epc5-budget30p-246.pth,141,42,1412,3.0,30.0,3.0,5,1553,cycle,20,981,val,0.0229,0.9714,0.9629,0.9949,0.9983,0.9819,mean,0,-1,-1,-1,-1
pneumoniamnist,active,random,246,pneumoniamnist-final_active_best-random-init3p-batch3pb-epc5-budget30p-246.pth,141,42,1412,3.0,30.0,3.0,5,1553,cycle,21,1023,val,0.0114,0.9656,0.9563,0.9939,0.998,0.9785,mean,0,-1,-1,-1,-1
pneumoniamnist,active,random,246,pneumoniamnist-final_active_best-random-init3p-batch3pb-epc5-budget30p-246.pth,141,42,1412,3.0,30.0,3.0,5,1553,cycle,22,1065,val,0.011,0.9599,0.9496,0.9969,0.9989,0.9763,mean,0,-1,-1,-1,-1
pneumoniamnist,active,random,246,pneumoniamnist-final_active_best-random-init3p-batch3pb-epc5-budget30p-246.pth,141,42,1412,3.0,30.0,3.0,5,1553,cycle,23,1107,val,0.0073,0.9752,0.9678,0.9975,0.9992,0.9849,mean,1,-1,-1,-1,-1
pneumoniamnist,active,random,246,pneumoniamnist-final_active_best-random-init3p-batch3pb-epc5-budget30p-246.pth,141,42,1412,3.0,30.0,3.0,5,1553,cycle,24,1149,val,0.0107,0.9447,0.9223,0.9967,0.9989,0.9656,mean,0,-1,-1,-1,-1
pneumoniamnist,active,random,246,pneumoniamnist-final_active_best-random-init3p-batch3pb-epc5-budget30p-246.pth,141,42,1412,3.0,30.0,3.0,5,1553,cycle,25,1191,val,0.0277,0.8817,0.8633,0.9915,0.9971,0.9334,mean,0,-1,-1,-1,-1
pneumoniamnist,active,random,246,pneumoniamnist-final_active_best-random-init3p-batch3pb-epc5-budget30p-246.pth,141,42,1412,3.0,30.0,3.0,5,1553,cycle,26,1233,val,0.0094,0.9733,0.964,0.9954,0.9984,0.9828,mean,0,-1,-1,-1,-1
pneumoniamnist,active,random,246,pneumoniamnist-final_active_best-random-init3p-batch3pb-epc5-budget30p-246.pth,141,42,1412,3.0,30.0,3.0,5,1553,cycle,27,1275,val,0.0034,0.9637,0.952,0.9971,0.999,0.978,mean,0,-1,-1,-1,-1
pneumoniamnist,active,random,246,pneumoniamnist-final_active_best-random-init3p-batch3pb-epc5-budget30p-246.pth,141,42,1412,3.0,30.0,3.0,5,1553,cycle,28,1317,val,0.0073,0.9771,0.9706,0.9972,0.9991,0.986,mean,1,-1,-1,-1,-1
pneumoniamnist,active,random,246,pneumoniamnist-final_active_best-random-init3p-batch3pb-epc5-budget30p-246.pth,141,42,1412,3.0,30.0,3.0,5,1553,cycle,29,1359,val,0.0137,0.9714,0.9619,0.9951,0.9983,0.9817,mean,0,-1,-1,-1,-1
pneumoniamnist,active,random,246,pneumoniamnist-final_active_best-random-init3p-batch3pb-epc5-budget30p-246.pth,141,42,1412,3.0,30.0,3.0,5,1553,cycle,30,1401,val,0.005,0.9771,0.9699,0.9978,0.9993,0.986,mean,0,-1,-1,-1,-1
pneumoniamnist,active,random,246,pneumoniamnist-final_active_best-random-init3p-batch3pb-epc5-budget30p-246.pth,141,42,1412,3.0,30.0,3.0,5,1553,cycle,31,1443,val,0.0095,0.9599,0.9456,0.9966,0.9988,0.9752,mean,0,-1,-1,-1,-1
pneumoniamnist,active,random,246,pneumoniamnist-final_active_best-random-init3p-batch3pb-epc5-budget30p-246.pth,141,42,1412,3.0,30.0,3.0,5,1553,cycle,32,1485,val,0.009,0.9637,0.951,0.9974,0.9991,0.9778,mean,0,-1,-1,-1,-1
pneumoniamnist,active,random,246,pneumoniamnist-final_active_best-random-init3p-batch3pb-epc5-budget30p-246.pth,141,42,1412,3.0,30.0,3.0,5,1553,cycle,33,1553,val,0.0132,0.9733,0.9646,0.9976,0.9992,0.9836,mean,0,-1,-1,-1,-1
pneumoniamnist,active,random,246,pneumoniamnist-final_active_best-random-init3p-batch3pb-epc5-budget30p-246.pth,141,42,1412,3.0,30.0,3.0,5,1553,final,-1,1317,test,-1,0.8878,0.8741,0.9434,0.94,,mean,-1,380,60,174,10
pneumoniamnist,active,random,9012,pneumoniamnist-final_active_best-random-init3p-batch3pb-epc5-budget30p-9012.pth,141,42,1412,3.0,30.0,3.0,5,1553,cycle,0,141,val,0.2974,0.7424,0.4261,0.6218,0.8146,0.6512,mean,1,-1,-1,-1,-1
pneumoniamnist,active,random,9012,pneumoniamnist-final_active_best-random-init3p-batch3pb-epc5-budget30p-9012.pth,141,42,1412,3.0,30.0,3.0,5,1553,cycle,1,183,val,0.055,0.7424,0.4261,0.6183,0.8076,0.6486,mean,0,-1,-1,-1,-1
pneumoniamnist,active,random,9012,pneumoniamnist-final_active_best-random-init3p-batch3pb-epc5-budget30p-9012.pth,141,42,1412,3.0,30.0,3.0,5,1553,cycle,2,225,val,0.0954,0.7672,0.5201,0.7534,0.8957,0.7341,mean,1,-1,-1,-1,-1
pneumoniamnist,active,random,9012,pneumoniamnist-final_active_best-random-init3p-batch3pb-epc5-budget30p-9012.pth,141,42,1412,3.0,30.0,3.0,5,1553,cycle,3,267,val,0.0475,0.9046,0.8832,0.9469,0.9832,0.9295,mean,1,-1,-1,-1,-1
pneumoniamnist,active,random,9012,pneumoniamnist-final_active_best-random-init3p-batch3pb-epc5-budget30p-9012.pth,141,42,1412,3.0,30.0,3.0,5,1553,cycle,4,309,val,0.1248,0.7615,0.7461,0.9641,0.9885,0.865,mean,0,-1,-1,-1,-1
pneumoniamnist,active,random,9012,pneumoniamnist-final_active_best-random-init3p-batch3pb-epc5-budget30p-9012.pth,141,42,1412,3.0,30.0,3.0,5,1553,cycle,5,351,val,0.0528,0.9103,0.8719,0.9019,0.928,0.903,mean,0,-1,-1,-1,-1
pneumoniamnist,active,random,9012,pneumoniamnist-final_active_best-random-init3p-batch3pb-epc5-budget30p-9012.pth,141,42,1412,3.0,30.0,3.0,5,1553,cycle,6,393,val,0.0186,0.9427,0.9229,0.9682,0.9845,0.9546,mean,1,-1,-1,-1,-1
pneumoniamnist,active,random,9012,pneumoniamnist-final_active_best-random-init3p-batch3pb-epc5-budget30p-9012.pth,141,42,1412,3.0,30.0,3.0,5,1553,cycle,7,435,val,0.036,0.937,0.9183,0.9831,0.9941,0.9581,mean,1,-1,-1,-1,-1
pneumoniamnist,active,random,9012,pneumoniamnist-final_active_best-random-init3p-batch3pb-epc5-budget30p-9012.pth,141,42,1412,3.0,30.0,3.0,5,1553,cycle,8,477,val,0.0351,0.9542,0.9407,0.9867,0.9951,0.9692,mean,1,-1,-1,-1,-1
pneumoniamnist,active,random,9012,pneumoniamnist-final_active_best-random-init3p-batch3pb-epc5-budget30p-9012.pth,141,42,1412,3.0,30.0,3.0,5,1553,cycle,9,519,val,0.0182,0.9637,0.9518,0.9907,0.9967,0.9757,mean,1,-1,-1,-1,-1
pneumoniamnist,active,random,9012,pneumoniamnist-final_active_best-random-init3p-batch3pb-epc5-budget30p-9012.pth,141,42,1412,3.0,30.0,3.0,5,1553,cycle,10,561,val,0.0164,0.9447,0.9307,0.9921,0.9972,0.9662,mean,0,-1,-1,-1,-1
pneumoniamnist,active,random,9012,pneumoniamnist-final_active_best-random-init3p-batch3pb-epc5-budget30p-9012.pth,141,42,1412,3.0,30.0,3.0,5,1553,cycle,11,603,val,0.0169,0.9523,0.9365,0.9871,0.9956,0.9679,mean,0,-1,-1,-1,-1
pneumoniamnist,active,random,9012,pneumoniamnist-final_active_best-random-init3p-batch3pb-epc5-budget30p-9012.pth,141,42,1412,3.0,30.0,3.0,5,1553,cycle,12,645,val,0.0251,0.9313,0.9145,0.9761,0.9844,0.9516,mean,0,-1,-1,-1,-1
pneumoniamnist,active,random,9012,pneumoniamnist-final_active_best-random-init3p-batch3pb-epc5-budget30p-9012.pth,141,42,1412,3.0,30.0,3.0,5,1553,cycle,13,687,val,0.0159,0.9656,0.9553,0.9907,0.9965,0.977,mean,1,-1,-1,-1,-1
pneumoniamnist,active,random,9012,pneumoniamnist-final_active_best-random-init3p-batch3pb-epc5-budget30p-9012.pth,141,42,1412,3.0,30.0,3.0,5,1553,cycle,14,729,val,0.0152,0.9695,0.9603,0.9874,0.9955,0.9782,mean,1,-1,-1,-1,-1
pneumoniamnist,active,random,9012,pneumoniamnist-final_active_best-random-init3p-batch3pb-epc5-budget30p-9012.pth,141,42,1412,3.0,30.0,3.0,5,1553,cycle,15,771,val,0.0204,0.9599,0.9475,0.9881,0.9956,0.9728,mean,0,-1,-1,-1,-1
pneumoniamnist,active,random,9012,pneumoniamnist-final_active_best-random-init3p-batch3pb-epc5-budget30p-9012.pth,141,42,1412,3.0,30.0,3.0,5,1553,cycle,16,813,val,0.0122,0.9618,0.9503,0.978,0.9878,0.9695,mean,0,-1,-1,-1,-1
pneumoniamnist,active,random,9012,pneumoniamnist-final_active_best-random-init3p-batch3pb-epc5-budget30p-9012.pth,141,42,1412,3.0,30.0,3.0,5,1553,cycle,17,855,val,0.0153,0.9561,0.9438,0.9896,0.9963,0.9715,mean,0,-1,-1,-1,-1
pneumoniamnist,active,random,9012,pneumoniamnist-final_active_best-random-init3p-batch3pb-epc5-budget30p-9012.pth,141,42,1412,3.0,30.0,3.0,5,1553,cycle,18,897,val,0.0112,0.958,0.9456,0.9847,0.9927,0.9703,mean,0,-1,-1,-1,-1
pneumoniamnist,active,random,9012,pneumoniamnist-final_active_best-random-init3p-batch3pb-epc5-budget30p-9012.pth,141,42,1412,3.0,30.0,3.0,5,1553,cycle,19,939,val,0.0145,0.9676,0.9579,0.9919,0.9972,0.9786,mean,1,-1,-1,-1,-1
pneumoniamnist,active,random,9012,pneumoniamnist-final_active_best-random-init3p-batch3pb-epc5-budget30p-9012.pth,141,42,1412,3.0,30.0,3.0,5,1553,cycle,20,981,val,0.0241,0.9332,0.9057,0.9923,0.9973,0.9571,mean,0,-1,-1,-1,-1
pneumoniamnist,active,random,9012,pneumoniamnist-final_active_best-random-init3p-batch3pb-epc5-budget30p-9012.pth,141,42,1412,3.0,30.0,3.0,5,1553,cycle,21,1023,val,0.0179,0.9523,0.9369,0.9879,0.9959,0.9682,mean,0,-1,-1,-1,-1
pneumoniamnist,active,random,9012,pneumoniamnist-final_active_best-random-init3p-batch3pb-epc5-budget30p-9012.pth,141,42,1412,3.0,30.0,3.0,5,1553,cycle,22,1065,val,0.0107,0.958,0.9469,0.9924,0.9975,0.9737,mean,0,-1,-1,-1,-1
pneumoniamnist,active,random,9012,pneumoniamnist-final_active_best-random-init3p-batch3pb-epc5-budget30p-9012.pth,141,42,1412,3.0,30.0,3.0,5,1553,cycle,23,1107,val,0.0151,0.9618,0.9503,0.9901,0.9965,0.9747,mean,0,-1,-1,-1,-1
pneumoniamnist,active,random,9012,pneumoniamnist-final_active_best-random-init3p-batch3pb-epc5-budget30p-9012.pth,141,42,1412,3.0,30.0,3.0,5,1553,cycle,24,1149,val,0.018,0.9485,0.9346,0.9846,0.9946,0.9656,mean,0,-1,-1,-1,-1
pneumoniamnist,active,random,9012,pneumoniamnist-final_active_best-random-init3p-batch3pb-epc5-budget30p-9012.pth,141,42,1412,3.0,30.0,3.0,5,1553,cycle,25,1191,val,0.0072,0.9656,0.9557,0.9931,0.9978,0.9781,mean,0,-1,-1,-1,-1
pneumoniamnist,active,random,9012,pneumoniamnist-final_active_best-random-init3p-batch3pb-epc5-budget30p-9012.pth,141,42,1412,3.0,30.0,3.0,5,1553,cycle,26,1233,val,0.0013,0.9676,0.9581,0.9888,0.9959,0.9776,mean,0,-1,-1,-1,-1
pneumoniamnist,active,random,9012,pneumoniamnist-final_active_best-random-init3p-batch3pb-epc5-budget30p-9012.pth,141,42,1412,3.0,30.0,3.0,5,1553,cycle,27,1275,val,0.0044,0.9676,0.9583,0.9928,0.9975,0.9791,mean,1,-1,-1,-1,-1
pneumoniamnist,active,random,9012,pneumoniamnist-final_active_best-random-init3p-batch3pb-epc5-budget30p-9012.pth,141,42,1412,3.0,30.0,3.0,5,1553,cycle,28,1317,val,0.0131,0.9695,0.961,0.9868,0.9948,0.978,mean,0,-1,-1,-1,-1
pneumoniamnist,active,random,9012,pneumoniamnist-final_active_best-random-init3p-batch3pb-epc5-budget30p-9012.pth,141,42,1412,3.0,30.0,3.0,5,1553,cycle,29,1359,val,0.0094,0.9466,0.9284,0.9842,0.9938,0.9632,mean,0,-1,-1,-1,-1
pneumoniamnist,active,random,9012,pneumoniamnist-final_active_best-random-init3p-batch3pb-epc5-budget30p-9012.pth,141,42,1412,3.0,30.0,3.0,5,1553,cycle,30,1401,val,0.0123,0.9275,0.8955,0.9525,0.9738,0.9373,mean,0,-1,-1,-1,-1
pneumoniamnist,active,random,9012,pneumoniamnist-final_active_best-random-init3p-batch3pb-epc5-budget30p-9012.pth,141,42,1412,3.0,30.0,3.0,5,1553,cycle,31,1443,val,0.0045,0.9599,0.9462,0.9913,0.9968,0.9735,mean,0,-1,-1,-1,-1
pneumoniamnist,active,random,9012,pneumoniamnist-final_active_best-random-init3p-batch3pb-epc5-budget30p-9012.pth,141,42,1412,3.0,30.0,3.0,5,1553,cycle,32,1485,val,0.0002,0.9695,0.9603,0.9923,0.9972,0.9798,mean,1,-1,-1,-1,-1
pneumoniamnist,active,random,9012,pneumoniamnist-final_active_best-random-init3p-batch3pb-epc5-budget30p-9012.pth,141,42,1412,3.0,30.0,3.0,5,1553,cycle,33,1553,val,0.0186,0.9256,0.9102,0.9925,0.9974,0.9564,mean,0,-1,-1,-1,-1
pneumoniamnist,active,random,9012,pneumoniamnist-final_active_best-random-init3p-batch3pb-epc5-budget30p-9012.pth,141,42,1412,3.0,30.0,3.0,5,1553,final,-1,1485,test,-1,0.8766,0.8585,0.9556,0.9658,,mean,-1,385,72,162,5
pneumoniamnist,active,random,34895,pneumoniamnist-final_active_best-random-init3p-batch3pb-epc5-budget30p-34895.pth,141,42,1412,3.0,30.0,3.0,5,1553,cycle,0,141,val,0.4221,0.7424,0.4261,0.3237,0.6798,0.543,mean,1,-1,-1,-1,-1
pneumoniamnist,active,random,34895,pneumoniamnist-final_active_best-random-init3p-batch3pb-epc5-budget30p-34895.pth,141,42,1412,3.0,30.0,3.0,5,1553,cycle,1,183,val,0.1205,0.7424,0.4261,0.1196,0.5596,0.4619,mean,0,-1,-1,-1,-1
pneumoniamnist,active,random,34895,pneumoniamnist-final_active_best-random-init3p-batch3pb-epc5-budget30p-34895.pth,141,42,1412,3.0,30.0,3.0,5,1553,cycle,2,225,val,0.0921,0.7424,0.4261,0.7364,0.9018,0.7017,mean,1,-1,-1,-1,-1
pneumoniamnist,active,random,34895,pneumoniamnist-final_active_best-random-init3p-batch3pb-epc5-budget30p-34895.pth,141,42,1412,3.0,30.0,3.0,5,1553,cycle,3,267,val,0.1054,0.8416,0.7321,0.9544,0.9822,0.8776,mean,1,-1,-1,-1,-1
pneumoniamnist,active,random,34895,pneumoniamnist-final_active_best-random-init3p-batch3pb-epc5-budget30p-34895.pth,141,42,1412,3.0,30.0,3.0,5,1553,cycle,4,309,val,0.051,0.9447,0.9264,0.985,0.9947,0.9627,mean,1,-1,-1,-1,-1
pneumoniamnist,active,random,34895,pneumoniamnist-final_active_best-random-init3p-batch3pb-epc5-budget30p-34895.pth,141,42,1412,3.0,30.0,3.0,5,1553,cycle,5,351,val,0.059,0.9218,0.9012,0.9674,0.9885,0.9447,mean,0,-1,-1,-1,-1
pneumoniamnist,active,random,34895,pneumoniamnist-final_active_best-random-init3p-batch3pb-epc5-budget30p-34895.pth,141,42,1412,3.0,30.0,3.0,5,1553,cycle,6,393,val,0.0263,0.9065,0.8876,0.9825,0.9941,0.9426,mean,0,-1,-1,-1,-1
pneumoniamnist,active,random,34895,pneumoniamnist-final_active_best-random-init3p-batch3pb-epc5-budget30p-34895.pth,141,42,1412,3.0,30.0,3.0,5,1553,cycle,7,435,val,0.041,0.9351,0.9175,0.9844,0.9945,0.9579,mean,0,-1,-1,-1,-1
pneumoniamnist,active,random,34895,pneumoniamnist-final_active_best-random-init3p-batch3pb-epc5-budget30p-34895.pth,141,42,1412,3.0,30.0,3.0,5,1553,cycle,8,477,val,0.0252,0.8531,0.7612,0.8696,0.9257,0.8524,mean,0,-1,-1,-1,-1
pneumoniamnist,active,random,34895,pneumoniamnist-final_active_best-random-init3p-batch3pb-epc5-budget30p-34895.pth,141,42,1412,3.0,30.0,3.0,5,1553,cycle,9,519,val,0.0341,0.9447,0.9244,0.9767,0.9878,0.9584,mean,0,-1,-1,-1,-1
pneumoniamnist,active,random,34895,pneumoniamnist-final_active_best-random-init3p-batch3pb-epc5-budget30p-34895.pth,141,42,1412,3.0,30.0,3.0,5,1553,cycle,10,561,val,0.025,0.9504,0.9328,0.9859,0.9949,0.966,mean,1,-1,-1,-1,-1
pneumoniamnist,active,random,34895,pneumoniamnist-final_active_best-random-init3p-batch3pb-epc5-budget30p-34895.pth,141,42,1412,3.0,30.0,3.0,5,1553,cycle,11,603,val,0.0378,0.9351,0.92,0.9919,0.9972,0.9611,mean,0,-1,-1,-1,-1
pneumoniamnist,active,random,34895,pneumoniamnist-final_active_best-random-init3p-batch3pb-epc5-budget30p-34895.pth,141,42,1412,3.0,30.0,3.0,5,1553,cycle,12,645,val,0.0391,0.958,0.944,0.9863,0.9906,0.9697,mean,1,-1,-1,-1,-1
pneumoniamnist,active,random,34895,pneumoniamnist-final_active_best-random-init3p-batch3pb-epc5-budget30p-34895.pth,141,42,1412,3.0,30.0,3.0,5,1553,cycle,13,687,val,0.0361,0.9599,0.9492,0.9929,0.9976,0.9749,mean,1,-1,-1,-1,-1
pneumoniamnist,active,random,34895,pneumoniamnist-final_active_best-random-init3p-batch3pb-epc5-budget30p-34895.pth,141,42,1412,3.0,30.0,3.0,5,1553,cycle,14,729,val,0.0119,0.9599,0.9462,0.9914,0.9971,0.9737,mean,0,-1,-1,-1,-1
pneumoniamnist,active,random,34895,pneumoniamnist-final_active_best-random-init3p-batch3pb-epc5-budget30p-34895.pth,141,42,1412,3.0,30.0,3.0,5,1553,cycle,15,771,val,0.0158,0.855,0.8351,0.9836,0.9943,0.917,mean,0,-1,-1,-1,-1
pneumoniamnist,active,random,34895,pneumoniamnist-final_active_best-random-init3p-batch3pb-epc5-budget30p-34895.pth,141,42,1412,3.0,30.0,3.0,5,1553,cycle,16,813,val,0.0321,0.9618,0.9491,0.9818,0.9922,0.9712,mean,0,-1,-1,-1,-1
pneumoniamnist,active,random,34895,pneumoniamnist-final_active_best-random-init3p-batch3pb-epc5-budget30p-34895.pth,141,42,1412,3.0,30.0,3.0,5,1553,cycle,17,855,val,0.0046,0.9599,0.948,0.9854,0.994,0.9718,mean,0,-1,-1,-1,-1
pneumoniamnist,active,random,34895,pneumoniamnist-final_active_best-random-init3p-batch3pb-epc5-budget30p-34895.pth,141,42,1412,3.0,30.0,3.0,5,1553,cycle,18,897,val,0.0153,0.9714,0.9625,0.9931,0.9976,0.9811,mean,1,-1,-1,-1,-1
pneumoniamnist,active,random,34895,pneumoniamnist-final_active_best-random-init3p-batch3pb-epc5-budget30p-34895.pth,141,42,1412,3.0,30.0,3.0,5,1553,cycle,19,939,val,0.0075,0.9179,0.8806,0.9793,0.9857,0.9409,mean,0,-1,-1,-1,-1
pneumoniamnist,active,random,34895,pneumoniamnist-final_active_best-random-init3p-batch3pb-epc5-budget30p-34895.pth,141,42,1412,3.0,30.0,3.0,5,1553,cycle,20,981,val,0.0581,0.9103,0.8909,0.9779,0.9922,0.9428,mean,0,-1,-1,-1,-1
pneumoniamnist,active,random,34895,pneumoniamnist-final_active_best-random-init3p-batch3pb-epc5-budget30p-34895.pth,141,42,1412,3.0,30.0,3.0,5,1553,cycle,21,1023,val,0.0312,0.9618,0.951,0.9934,0.9978,0.976,mean,0,-1,-1,-1,-1
pneumoniamnist,active,random,34895,pneumoniamnist-final_active_best-random-init3p-batch3pb-epc5-budget30p-34895.pth,141,42,1412,3.0,30.0,3.0,5,1553,cycle,22,1065,val,0.0123,0.9637,0.9518,0.9929,0.9977,0.9765,mean,0,-1,-1,-1,-1
pneumoniamnist,active,random,34895,pneumoniamnist-final_active_best-random-init3p-batch3pb-epc5-budget30p-34895.pth,141,42,1412,3.0,30.0,3.0,5,1553,cycle,23,1107,val,0.0034,0.9695,0.9597,0.9948,0.9983,0.9806,mean,0,-1,-1,-1,-1
pneumoniamnist,active,random,34895,pneumoniamnist-final_active_best-random-init3p-batch3pb-epc5-budget30p-34895.pth,141,42,1412,3.0,30.0,3.0,5,1553,cycle,24,1149,val,0.0162,0.9561,0.9401,0.9906,0.9968,0.9709,mean,0,-1,-1,-1,-1
pneumoniamnist,active,random,34895,pneumoniamnist-final_active_best-random-init3p-batch3pb-epc5-budget30p-34895.pth,141,42,1412,3.0,30.0,3.0,5,1553,cycle,25,1191,val,0.0291,0.895,0.8733,0.9716,0.9886,0.9321,mean,0,-1,-1,-1,-1
pneumoniamnist,active,random,34895,pneumoniamnist-final_active_best-random-init3p-batch3pb-epc5-budget30p-34895.pth,141,42,1412,3.0,30.0,3.0,5,1553,cycle,26,1233,val,0.0135,0.9599,0.948,0.9915,0.9973,0.9742,mean,0,-1,-1,-1,-1
pneumoniamnist,active,random,34895,pneumoniamnist-final_active_best-random-init3p-batch3pb-epc5-budget30p-34895.pth,141,42,1412,3.0,30.0,3.0,5,1553,cycle,27,1275,val,0.0091,0.9351,0.9193,0.989,0.9964,0.96,mean,0,-1,-1,-1,-1
pneumoniamnist,active,random,34895,pneumoniamnist-final_active_best-random-init3p-batch3pb-epc5-budget30p-34895.pth,141,42,1412,3.0,30.0,3.0,5,1553,cycle,28,1317,val,0.0149,0.9466,0.9327,0.9883,0.9962,0.9659,mean,0,-1,-1,-1,-1
pneumoniamnist,active,random,34895,pneumoniamnist-final_active_best-random-init3p-batch3pb-epc5-budget30p-34895.pth,141,42,1412,3.0,30.0,3.0,5,1553,cycle,29,1359,val,0.0072,0.9676,0.9573,0.9915,0.9972,0.9784,mean,0,-1,-1,-1,-1
pneumoniamnist,active,random,34895,pneumoniamnist-final_active_best-random-init3p-batch3pb-epc5-budget30p-34895.pth,141,42,1412,3.0,30.0,3.0,5,1553,cycle,30,1401,val,0.0067,0.958,0.9456,0.9906,0.9968,0.9728,mean,0,-1,-1,-1,-1
pneumoniamnist,active,random,34895,pneumoniamnist-final_active_best-random-init3p-batch3pb-epc5-budget30p-34895.pth,141,42,1412,3.0,30.0,3.0,5,1553,cycle,31,1443,val,0.0073,0.9656,0.9555,0.9929,0.9978,0.978,mean,0,-1,-1,-1,-1
pneumoniamnist,active,random,34895,pneumoniamnist-final_active_best-random-init3p-batch3pb-epc5-budget30p-34895.pth,141,42,1412,3.0,30.0,3.0,5,1553,cycle,32,1485,val,0.0145,0.9618,0.9496,0.9828,0.9928,0.9718,mean,0,-1,-1,-1,-1
pneumoniamnist,active,random,34895,pneumoniamnist-final_active_best-random-init3p-batch3pb-epc5-budget30p-34895.pth,141,42,1412,3.0,30.0,3.0,5,1553,cycle,33,1553,val,0.0164,0.9676,0.9579,0.9936,0.9979,0.9792,mean,0,-1,-1,-1,-1
pneumoniamnist,active,random,34895,pneumoniamnist-final_active_best-random-init3p-batch3pb-epc5-budget30p-34895.pth,141,42,1412,3.0,30.0,3.0,5,1553,final,-1,897,test,-1,0.867,0.8454,0.9537,0.9602,,mean,-1,387,80,154,3
pneumoniamnist,active,random,148932,pneumoniamnist-final_active_best-random-init3p-batch3pb-epc5-budget30p-148932.pth,141,42,1412,3.0,30.0,3.0,5,1553,cycle,0,141,val,0.409,0.7424,0.4261,0.5067,0.7738,0.6122,mean,1,-1,-1,-1,-1
pneumoniamnist,active,random,148932,pneumoniamnist-final_active_best-random-init3p-batch3pb-epc5-budget30p-148932.pth,141,42,1412,3.0,30.0,3.0,5,1553,cycle,1,183,val,0.1238,0.7424,0.4261,0.5098,0.7462,0.6061,mean,0,-1,-1,-1,-1
pneumoniamnist,active,random,148932,pneumoniamnist-final_active_best-random-init3p-batch3pb-epc5-budget30p-148932.pth,141,42,1412,3.0,30.0,3.0,5,1553,cycle,2,225,val,0.1131,0.7424,0.4261,0.6394,0.8001,0.652,mean,1,-1,-1,-1,-1
pneumoniamnist,active,random,148932,pneumoniamnist-final_active_best-random-init3p-batch3pb-epc5-budget30p-148932.pth,141,42,1412,3.0,30.0,3.0,5,1553,cycle,3,267,val,0.0689,0.8454,0.7428,0.9162,0.9513,0.8639,mean,1,-1,-1,-1,-1
pneumoniamnist,active,random,148932,pneumoniamnist-final_active_best-random-init3p-batch3pb-epc5-budget30p-148932.pth,141,42,1412,3.0,30.0,3.0,5,1553,cycle,4,309,val,0.0607,0.8912,0.8366,0.9596,0.9784,0.9165,mean,1,-1,-1,-1,-1
pneumoniamnist,active,random,148932,pneumoniamnist-final_active_best-random-init3p-batch3pb-epc5-budget30p-148932.pth,141,42,1412,3.0,30.0,3.0,5,1553,cycle,5,351,val,0.0313,0.9332,0.9107,0.9702,0.9891,0.9508,mean,1,-1,-1,-1,-1
pneumoniamnist,active,random,148932,pneumoniamnist-final_active_best-random-init3p-batch3pb-epc5-budget30p-148932.pth,141,42,1412,3.0,30.0,3.0,5,1553,cycle,6,393,val,0.0187,0.9332,0.9141,0.9729,0.9888,0.9523,mean,1,-1,-1,-1,-1
pneumoniamnist,active,random,148932,pneumoniamnist-final_active_best-random-init3p-batch3pb-epc5-budget30p-148932.pth,141,42,1412,3.0,30.0,3.0,5,1553,cycle,7,435,val,0.0195,0.8893,0.8695,0.9745,0.9907,0.931,mean,0,-1,-1,-1,-1
pneumoniamnist,active,random,148932,pneumoniamnist-final_active_best-random-init3p-batch3pb-epc5-budget30p-148932.pth,141,42,1412,3.0,30.0,3.0,5,1553,cycle,8,477,val,0.0487,0.9351,0.9168,0.9764,0.9908,0.9548,mean,1,-1,-1,-1,-1
pneumoniamnist,active,random,148932,pneumoniamnist-final_active_best-random-init3p-batch3pb-epc5-budget30p-148932.pth,141,42,1412,3.0,30.0,3.0,5,1553,cycle,9,519,val,0.0166,0.9523,0.9365,0.9817,0.993,0.9659,mean,1,-1,-1,-1,-1
pneumoniamnist,active,random,148932,pneumoniamnist-final_active_best-random-init3p-batch3pb-epc5-budget30p-148932.pth,141,42,1412,3.0,30.0,3.0,5,1553,cycle,10,561,val,0.0295,0.895,0.8718,0.9641,0.9849,0.929,mean,0,-1,-1,-1,-1
pneumoniamnist,active,random,148932,pneumoniamnist-final_active_best-random-init3p-batch3pb-epc5-budget30p-148932.pth,141,42,1412,3.0,30.0,3.0,5,1553,cycle,11,603,val,0.0152,0.9408,0.9184,0.9783,0.9916,0.9573,mean,0,-1,-1,-1,-1
pneumoniamnist,active,random,148932,pneumoniamnist-final_active_best-random-init3p-batch3pb-epc5-budget30p-148932.pth,141,42,1412,3.0,30.0,3.0,5,1553,cycle,12,645,val,0.0388,0.9447,0.9252,0.9835,0.9939,0.9618,mean,0,-1,-1,-1,-1
pneumoniamnist,active,random,148932,pneumoniamnist-final_active_best-random-init3p-batch3pb-epc5-budget30p-148932.pth,141,42,1412,3.0,30.0,3.0,5,1553,cycle,13,687,val,0.0057,0.9447,0.9285,0.9818,0.9931,0.962,mean,0,-1,-1,-1,-1
pneumoniamnist,active,random,148932,pneumoniamnist-final_active_best-random-init3p-batch3pb-epc5-budget30p-148932.pth,141,42,1412,3.0,30.0,3.0,5,1553,cycle,14,729,val,0.0121,0.9485,0.9304,0.974,0.9894,0.9606,mean,0,-1,-1,-1,-1
pneumoniamnist,active,random,148932,pneumoniamnist-final_active_best-random-init3p-batch3pb-epc5-budget30p-148932.pth,141,42,1412,3.0,30.0,3.0,5,1553,cycle,15,771,val,0.0065,0.9523,0.9365,0.989,0.9963,0.9685,mean,1,-1,-1,-1,-1
pneumoniamnist,active,random,148932,pneumoniamnist-final_active_best-random-init3p-batch3pb-epc5-budget30p-148932.pth,141,42,1412,3.0,30.0,3.0,5,1553,cycle,16,813,val,0.0104,0.9466,0.9295,0.9871,0.9953,0.9646,mean,0,-1,-1,-1,-1
pneumoniamnist,active,random,148932,pneumoniamnist-final_active_best-random-init3p-batch3pb-epc5-budget30p-148932.pth,141,42,1412,3.0,30.0,3.0,5,1553,cycle,17,855,val,0.0311,0.9046,0.8571,0.9449,0.9743,0.9202,mean,0,-1,-1,-1,-1
pneumoniamnist,active,random,148932,pneumoniamnist-final_active_best-random-init3p-batch3pb-epc5-budget30p-148932.pth,141,42,1412,3.0,30.0,3.0,5,1553,cycle,18,897,val,0.0152,0.9599,0.9472,0.9906,0.9968,0.9737,mean,1,-1,-1,-1,-1
pneumoniamnist,active,random,148932,pneumoniamnist-final_active_best-random-init3p-batch3pb-epc5-budget30p-148932.pth,141,42,1412,3.0,30.0,3.0,5,1553,cycle,19,939,val,0.0054,0.9542,0.9392,0.9866,0.9952,0.9688,mean,0,-1,-1,-1,-1
pneumoniamnist,active,random,148932,pneumoniamnist-final_active_best-random-init3p-batch3pb-epc5-budget30p-148932.pth,141,42,1412,3.0,30.0,3.0,5,1553,cycle,20,981,val,0.0066,0.958,0.9459,0.9888,0.9961,0.9722,mean,0,-1,-1,-1,-1
pneumoniamnist,active,random,148932,pneumoniamnist-final_active_best-random-init3p-batch3pb-epc5-budget30p-148932.pth,141,42,1412,3.0,30.0,3.0,5,1553,cycle,21,1023,val,0.0005,0.9656,0.9549,0.9905,0.9965,0.9769,mean,1,-1,-1,-1,-1
pneumoniamnist,active,random,148932,pneumoniamnist-final_active_best-random-init3p-batch3pb-epc5-budget30p-148932.pth,141,42,1412,3.0,30.0,3.0,5,1553,cycle,22,1065,val,0.0158,0.9141,0.8735,0.9427,0.9731,0.9259,mean,0,-1,-1,-1,-1
pneumoniamnist,active,random,148932,pneumoniamnist-final_active_best-random-init3p-batch3pb-epc5-budget30p-148932.pth,141,42,1412,3.0,30.0,3.0,5,1553,cycle,23,1107,val,0.0213,0.9313,0.9156,0.9924,0.9974,0.9592,mean,0,-1,-1,-1,-1
pneumoniamnist,active,random,148932,pneumoniamnist-final_active_best-random-init3p-batch3pb-epc5-budget30p-148932.pth,141,42,1412,3.0,30.0,3.0,5,1553,cycle,24,1149,val,0.0076,0.9714,0.963,0.9954,0.9986,0.9821,mean,1,-1,-1,-1,-1
pneumoniamnist,active,random,148932,pneumoniamnist-final_active_best-random-init3p-batch3pb-epc5-budget30p-148932.pth,141,42,1412,3.0,30.0,3.0,5,1553,cycle,25,1191,val,0.0094,0.9523,0.9398,0.9904,0.9968,0.9698,mean,0,-1,-1,-1,-1
pneumoniamnist,active,random,148932,pneumoniamnist-final_active_best-random-init3p-batch3pb-epc5-budget30p-148932.pth,141,42,1412,3.0,30.0,3.0,5,1553,cycle,26,1233,val,0.0202,0.9313,0.9016,0.9883,0.9957,0.9542,mean,0,-1,-1,-1,-1
pneumoniamnist,active,random,148932,pneumoniamnist-final_active_best-random-init3p-batch3pb-epc5-budget30p-148932.pth,141,42,1412,3.0,30.0,3.0,5,1553,cycle,27,1275,val,0.0065,0.9752,0.9672,0.9966,0.9989,0.9845,mean,1,-1,-1,-1,-1
pneumoniamnist,active,random,148932,pneumoniamnist-final_active_best-random-init3p-batch3pb-epc5-budget30p-148932.pth,141,42,1412,3.0,30.0,3.0,5,1553,cycle,28,1317,val,0.0002,0.9771,0.9699,0.9969,0.999,0.9857,mean,1,-1,-1,-1,-1
pneumoniamnist,active,random,148932,pneumoniamnist-final_active_best-random-init3p-batch3pb-epc5-budget30p-148932.pth,141,42,1412,3.0,30.0,3.0,5,1553,cycle,29,1359,val,0.0075,0.9714,0.9629,0.9958,0.9986,0.9822,mean,0,-1,-1,-1,-1
pneumoniamnist,active,random,148932,pneumoniamnist-final_active_best-random-init3p-batch3pb-epc5-budget30p-148932.pth,141,42,1412,3.0,30.0,3.0,5,1553,cycle,30,1401,val,0.0209,0.9676,0.9575,0.995,0.9984,0.9796,mean,0,-1,-1,-1,-1
pneumoniamnist,active,random,148932,pneumoniamnist-final_active_best-random-init3p-batch3pb-epc5-budget30p-148932.pth,141,42,1412,3.0,30.0,3.0,5,1553,cycle,31,1443,val,0.0229,0.9561,0.9416,0.9891,0.9962,0.9708,mean,0,-1,-1,-1,-1
pneumoniamnist,active,random,148932,pneumoniamnist-final_active_best-random-init3p-batch3pb-epc5-budget30p-148932.pth,141,42,1412,3.0,30.0,3.0,5,1553,cycle,32,1485,val,0.0143,0.958,0.9434,0.995,0.9984,0.9737,mean,0,-1,-1,-1,-1
pneumoniamnist,active,random,148932,pneumoniamnist-final_active_best-random-init3p-batch3pb-epc5-budget30p-148932.pth,141,42,1412,3.0,30.0,3.0,5,1553,cycle,33,1553,val,0.0175,0.9695,0.9603,0.9945,0.9983,0.9806,mean,0,-1,-1,-1,-1
pneumoniamnist,active,random,148932,pneumoniamnist-final_active_best-random-init3p-batch3pb-epc5-budget30p-148932.pth,141,42,1412,3.0,30.0,3.0,5,1553,final,-1,1317,test,-1,0.8622,0.8396,0.9391,0.9479,,mean,-1,386,82,152,4
pneumoniamnist,active,entropy,17,pneumoniamnist-final_active_best-entropy-init3p-batch3pb-epc5-budget30p-17.pth,141,42,1412,3.0,30.0,3.0,5,1553,cycle,0,141,val,0.2704,0.7424,0.4261,0.7885,0.912,0.7172,mean,1,-1,-1,-1,-1
pneumoniamnist,active,entropy,17,pneumoniamnist-final_active_best-entropy-init3p-batch3pb-epc5-budget30p-17.pth,141,42,1412,3.0,30.0,3.0,5,1553,cycle,1,183,val,0.3425,0.7424,0.4261,0.4994,0.7421,0.6025,mean,0,-1,-1,-1,-1
pneumoniamnist,active,entropy,17,pneumoniamnist-final_active_best-entropy-init3p-batch3pb-epc5-budget30p-17.pth,141,42,1412,3.0,30.0,3.0,5,1553,cycle,2,225,val,0.1063,0.7424,0.4261,0.6453,0.8036,0.6543,mean,0,-1,-1,-1,-1
pneumoniamnist,active,entropy,17,pneumoniamnist-final_active_best-entropy-init3p-batch3pb-epc5-budget30p-17.pth,141,42,1412,3.0,30.0,3.0,5,1553,cycle,3,267,val,0.1073,0.7595,0.4928,0.9639,0.9853,0.8004,mean,1,-1,-1,-1,-1
pneumoniamnist,active,entropy,17,pneumoniamnist-final_active_best-entropy-init3p-batch3pb-epc5-budget30p-17.pth,141,42,1412,3.0,30.0,3.0,5,1553,cycle,4,309,val,0.0793,0.9179,0.8806,0.981,0.9933,0.9432,mean,1,-1,-1,-1,-1
pneumoniamnist,active,entropy,17,pneumoniamnist-final_active_best-entropy-init3p-batch3pb-epc5-budget30p-17.pth,141,42,1412,3.0,30.0,3.0,5,1553,cycle,5,351,val,0.0661,0.9237,0.8949,0.9739,0.9903,0.9457,mean,1,-1,-1,-1,-1
pneumoniamnist,active,entropy,17,pneumoniamnist-final_active_best-entropy-init3p-batch3pb-epc5-budget30p-17.pth,141,42,1412,3.0,30.0,3.0,5,1553,cycle,6,393,val,0.0894,0.8015,0.7817,0.9745,0.9908,0.8871,mean,0,-1,-1,-1,-1
pneumoniamnist,active,entropy,17,pneumoniamnist-final_active_best-entropy-init3p-batch3pb-epc5-budget30p-17.pth,141,42,1412,3.0,30.0,3.0,5,1553,cycle,7,435,val,0.0852,0.9084,0.8687,0.9459,0.9761,0.9248,mean,0,-1,-1,-1,-1
pneumoniamnist,active,entropy,17,pneumoniamnist-final_active_best-entropy-init3p-batch3pb-epc5-budget30p-17.pth,141,42,1412,3.0,30.0,3.0,5,1553,cycle,8,477,val,0.0951,0.9275,0.8979,0.978,0.9925,0.949,mean,1,-1,-1,-1,-1
pneumoniamnist,active,entropy,17,pneumoniamnist-final_active_best-entropy-init3p-batch3pb-epc5-budget30p-17.pth,141,42,1412,3.0,30.0,3.0,5,1553,cycle,9,519,val,0.0713,0.937,0.9121,0.9736,0.9868,0.9524,mean,1,-1,-1,-1,-1
pneumoniamnist,active,entropy,17,pneumoniamnist-final_active_best-entropy-init3p-batch3pb-epc5-budget30p-17.pth,141,42,1412,3.0,30.0,3.0,5,1553,cycle,10,561,val,0.0708,0.9389,0.9237,0.991,0.9968,0.9626,mean,1,-1,-1,-1,-1
pneumoniamnist,active,entropy,17,pneumoniamnist-final_active_best-entropy-init3p-batch3pb-epc5-budget30p-17.pth,141,42,1412,3.0,30.0,3.0,5,1553,cycle,11,603,val,0.0641,0.9523,0.9349,0.9735,0.9899,0.9626,mean,0,-1,-1,-1,-1
pneumoniamnist,active,entropy,17,pneumoniamnist-final_active_best-entropy-init3p-batch3pb-epc5-budget30p-17.pth,141,42,1412,3.0,30.0,3.0,5,1553,cycle,12,645,val,0.0617,0.8817,0.8624,0.9825,0.9938,0.9301,mean,0,-1,-1,-1,-1
pneumoniamnist,active,entropy,17,pneumoniamnist-final_active_best-entropy-init3p-batch3pb-epc5-budget30p-17.pth,141,42,1412,3.0,30.0,3.0,5,1553,cycle,13,687,val,0.0383,0.9542,0.9398,0.9901,0.9966,0.9702,mean,1,-1,-1,-1,-1
pneumoniamnist,active,entropy,17,pneumoniamnist-final_active_best-entropy-init3p-batch3pb-epc5-budget30p-17.pth,141,42,1412,3.0,30.0,3.0,5,1553,cycle,14,729,val,0.0453,0.9637,0.9525,0.9918,0.997,0.9763,mean,1,-1,-1,-1,-1
pneumoniamnist,active,entropy,17,pneumoniamnist-final_active_best-entropy-init3p-batch3pb-epc5-budget30p-17.pth,141,42,1412,3.0,30.0,3.0,5,1553,cycle,15,771,val,0.074,0.9198,0.9015,0.9759,0.9895,0.9467,mean,0,-1,-1,-1,-1
pneumoniamnist,active,entropy,17,pneumoniamnist-final_active_best-entropy-init3p-batch3pb-epc5-budget30p-17.pth,141,42,1412,3.0,30.0,3.0,5,1553,cycle,16,813,val,0.0703,0.9504,0.9351,0.9876,0.9957,0.9672,mean,0,-1,-1,-1,-1
pneumoniamnist,active,entropy,17,pneumoniamnist-final_active_best-entropy-init3p-batch3pb-epc5-budget30p-17.pth,141,42,1412,3.0,30.0,3.0,5,1553,cycle,17,855,val,0.0483,0.9618,0.9494,0.982,0.9927,0.9715,mean,0,-1,-1,-1,-1
pneumoniamnist,active,entropy,17,pneumoniamnist-final_active_best-entropy-init3p-batch3pb-epc5-budget30p-17.pth,141,42,1412,3.0,30.0,3.0,5,1553,cycle,18,897,val,0.0627,0.9656,0.9549,0.989,0.9956,0.9763,mean,0,-1,-1,-1,-1
pneumoniamnist,active,entropy,17,pneumoniamnist-final_active_best-entropy-init3p-batch3pb-epc5-budget30p-17.pth,141,42,1412,3.0,30.0,3.0,5,1553,cycle,19,939,val,0.0446,0.9218,0.9059,0.9903,0.9968,0.9537,mean,0,-1,-1,-1,-1
pneumoniamnist,active,entropy,17,pneumoniamnist-final_active_best-entropy-init3p-batch3pb-epc5-budget30p-17.pth,141,42,1412,3.0,30.0,3.0,5,1553,cycle,20,981,val,0.0601,0.9408,0.9269,0.9951,0.9983,0.9653,mean,0,-1,-1,-1,-1
pneumoniamnist,active,entropy,17,pneumoniamnist-final_active_best-entropy-init3p-batch3pb-epc5-budget30p-17.pth,141,42,1412,3.0,30.0,3.0,5,1553,cycle,21,1023,val,0.0215,0.9599,0.947,0.9942,0.998,0.9748,mean,0,-1,-1,-1,-1
pneumoniamnist,active,entropy,17,pneumoniamnist-final_active_best-entropy-init3p-batch3pb-epc5-budget30p-17.pth,141,42,1412,3.0,30.0,3.0,5,1553,cycle,22,1065,val,0.0423,0.9294,0.9124,0.991,0.9968,0.9574,mean,0,-1,-1,-1,-1
pneumoniamnist,active,entropy,17,pneumoniamnist-final_active_best-entropy-init3p-batch3pb-epc5-budget30p-17.pth,141,42,1412,3.0,30.0,3.0,5,1553,cycle,23,1107,val,0.0385,0.9618,0.9491,0.9893,0.9958,0.974,mean,0,-1,-1,-1,-1
pneumoniamnist,active,entropy,17,pneumoniamnist-final_active_best-entropy-init3p-batch3pb-epc5-budget30p-17.pth,141,42,1412,3.0,30.0,3.0,5,1553,cycle,24,1149,val,0.0198,0.9714,0.9632,0.9968,0.9989,0.9826,mean,1,-1,-1,-1,-1
pneumoniamnist,active,entropy,17,pneumoniamnist-final_active_best-entropy-init3p-batch3pb-epc5-budget30p-17.pth,141,42,1412,3.0,30.0,3.0,5,1553,cycle,25,1191,val,0.0419,0.9714,0.9625,0.9965,0.9988,0.9823,mean,0,-1,-1,-1,-1
pneumoniamnist,active,entropy,17,pneumoniamnist-final_active_best-entropy-init3p-batch3pb-epc5-budget30p-17.pth,141,42,1412,3.0,30.0,3.0,5,1553,cycle,26,1233,val,0.0339,0.9771,0.9705,0.9964,0.9988,0.9857,mean,1,-1,-1,-1,-1
pneumoniamnist,active,entropy,17,pneumoniamnist-final_active_best-entropy-init3p-batch3pb-epc5-budget30p-17.pth,141,42,1412,3.0,30.0,3.0,5,1553,cycle,27,1275,val,0.0194,0.9714,0.9623,0.9899,0.9954,0.9797,mean,0,-1,-1,-1,-1
pneumoniamnist,active,entropy,17,pneumoniamnist-final_active_best-entropy-init3p-batch3pb-epc5-budget30p-17.pth,141,42,1412,3.0,30.0,3.0,5,1553,cycle,28,1317,val,0.0349,0.9676,0.9575,0.9885,0.9949,0.9771,mean,0,-1,-1,-1,-1
pneumoniamnist,active,entropy,17,pneumoniamnist-final_active_best-entropy-init3p-batch3pb-epc5-budget30p-17.pth,141,42,1412,3.0,30.0,3.0,5,1553,cycle,29,1359,val,0.0018,0.9771,0.9701,0.9956,0.9985,0.9853,mean,0,-1,-1,-1,-1
pneumoniamnist,active,entropy,17,pneumoniamnist-final_active_best-entropy-init3p-batch3pb-epc5-budget30p-17.pth,141,42,1412,3.0,30.0,3.0,5,1553,cycle,30,1401,val,0.0182,0.9676,0.9579,0.9931,0.9976,0.979,mean,0,-1,-1,-1,-1
pneumoniamnist,active,entropy,17,pneumoniamnist-final_active_best-entropy-init3p-batch3pb-epc5-budget30p-17.pth,141,42,1412,3.0,30.0,3.0,5,1553,cycle,31,1443,val,0.0145,0.9599,0.9459,0.9878,0.9951,0.9722,mean,0,-1,-1,-1,-1
pneumoniamnist,active,entropy,17,pneumoniamnist-final_active_best-entropy-init3p-batch3pb-epc5-budget30p-17.pth,141,42,1412,3.0,30.0,3.0,5,1553,cycle,32,1485,val,0.0158,0.9771,0.9699,0.9968,0.9989,0.9857,mean,0,-1,-1,-1,-1
pneumoniamnist,active,entropy,17,pneumoniamnist-final_active_best-entropy-init3p-batch3pb-epc5-budget30p-17.pth,141,42,1412,3.0,30.0,3.0,5,1553,cycle,33,1553,val,0.018,0.9676,0.9573,0.9932,0.9973,0.9788,mean,0,-1,-1,-1,-1
pneumoniamnist,active,entropy,17,pneumoniamnist-final_active_best-entropy-init3p-batch3pb-epc5-budget30p-17.pth,141,42,1412,3.0,30.0,3.0,5,1553,final,-1,1233,test,-1,0.8814,0.8649,0.9285,0.9281,,mean,-1,384,68,166,6
pneumoniamnist,active,entropy,246,pneumoniamnist-final_active_best-entropy-init3p-batch3pb-epc5-budget30p-246.pth,141,42,1412,3.0,30.0,3.0,5,1553,cycle,0,141,val,0.3037,0.7424,0.4261,0.4856,0.7433,0.5993,mean,1,-1,-1,-1,-1
pneumoniamnist,active,entropy,246,pneumoniamnist-final_active_best-entropy-init3p-batch3pb-epc5-budget30p-246.pth,141,42,1412,3.0,30.0,3.0,5,1553,cycle,1,183,val,0.1751,0.7424,0.4261,0.7138,0.8909,0.6933,mean,1,-1,-1,-1,-1
pneumoniamnist,active,entropy,246,pneumoniamnist-final_active_best-entropy-init3p-batch3pb-epc5-budget30p-246.pth,141,42,1412,3.0,30.0,3.0,5,1553,cycle,2,225,val,0.1004,0.771,0.5383,0.7805,0.9141,0.751,mean,1,-1,-1,-1,-1
pneumoniamnist,active,entropy,246,pneumoniamnist-final_active_best-entropy-init3p-batch3pb-epc5-budget30p-246.pth,141,42,1412,3.0,30.0,3.0,5,1553,cycle,3,267,val,0.0823,0.937,0.9121,0.9577,0.9805,0.9468,mean,1,-1,-1,-1,-1
pneumoniamnist,active,entropy,246,pneumoniamnist-final_active_best-entropy-init3p-batch3pb-epc5-budget30p-246.pth,141,42,1412,3.0,30.0,3.0,5,1553,cycle,4,309,val,0.1655,0.9103,0.8891,0.9645,0.9879,0.938,mean,0,-1,-1,-1,-1
pneumoniamnist,active,entropy,246,pneumoniamnist-final_active_best-entropy-init3p-batch3pb-epc5-budget30p-246.pth,141,42,1412,3.0,30.0,3.0,5,1553,cycle,5,351,val,0.0684,0.9599,0.9492,0.9908,0.9968,0.9742,mean,1,-1,-1,-1,-1
pneumoniamnist,active,entropy,246,pneumoniamnist-final_active_best-entropy-init3p-batch3pb-epc5-budget30p-246.pth,141,42,1412,3.0,30.0,3.0,5,1553,cycle,6,393,val,0.1238,0.9351,0.9206,0.9854,0.9955,0.9591,mean,0,-1,-1,-1,-1
pneumoniamnist,active,entropy,246,pneumoniamnist-final_active_best-entropy-init3p-batch3pb-epc5-budget30p-246.pth,141,42,1412,3.0,30.0,3.0,5,1553,cycle,7,435,val,0.0533,0.813,0.6592,0.9556,0.9751,0.8507,mean,0,-1,-1,-1,-1
pneumoniamnist,active,entropy,246,pneumoniamnist-final_active_best-entropy-init3p-batch3pb-epc5-budget30p-246.pth,141,42,1412,3.0,30.0,3.0,5,1553,cycle,8,477,val,0.0832,0.9027,0.8557,0.9898,0.9967,0.9362,mean,0,-1,-1,-1,-1
pneumoniamnist,active,entropy,246,pneumoniamnist-final_active_best-entropy-init3p-batch3pb-epc5-budget30p-246.pth,141,42,1412,3.0,30.0,3.0,5,1553,cycle,9,519,val,0.0368,0.8702,0.8501,0.9785,0.9919,0.9227,mean,0,-1,-1,-1,-1
pneumoniamnist,active,entropy,246,pneumoniamnist-final_active_best-entropy-init3p-batch3pb-epc5-budget30p-246.pth,141,42,1412,3.0,30.0,3.0,5,1553,cycle,10,561,val,0.0355,0.9485,0.9297,0.9891,0.9963,0.9659,mean,0,-1,-1,-1,-1
pneumoniamnist,active,entropy,246,pneumoniamnist-final_active_best-entropy-init3p-batch3pb-epc5-budget30p-246.pth,141,42,1412,3.0,30.0,3.0,5,1553,cycle,11,603,val,0.0633,0.8397,0.7255,0.9537,0.972,0.8727,mean,0,-1,-1,-1,-1
pneumoniamnist,active,entropy,246,pneumoniamnist-final_active_best-entropy-init3p-batch3pb-epc5-budget30p-246.pth,141,42,1412,3.0,30.0,3.0,5,1553,cycle,12,645,val,0.0561,0.9408,0.9192,0.9826,0.994,0.9592,mean,0,-1,-1,-1,-1
pneumoniamnist,active,entropy,246,pneumoniamnist-final_active_best-entropy-init3p-batch3pb-epc5-budget30p-246.pth,141,42,1412,3.0,30.0,3.0,5,1553,cycle,13,687,val,0.0293,0.9561,0.9404,0.9871,0.9951,0.9697,mean,0,-1,-1,-1,-1
pneumoniamnist,active,entropy,246,pneumoniamnist-final_active_best-entropy-init3p-batch3pb-epc5-budget30p-246.pth,141,42,1412,3.0,30.0,3.0,5,1553,cycle,14,729,val,0.0578,0.8912,0.8355,0.9811,0.9932,0.9253,mean,0,-1,-1,-1,-1
pneumoniamnist,active,entropy,246,pneumoniamnist-final_active_best-entropy-init3p-batch3pb-epc5-budget30p-246.pth,141,42,1412,3.0,30.0,3.0,5,1553,cycle,15,771,val,0.0519,0.9485,0.9289,0.9927,0.9976,0.9669,mean,0,-1,-1,-1,-1
pneumoniamnist,active,entropy,246,pneumoniamnist-final_active_best-entropy-init3p-batch3pb-epc5-budget30p-246.pth,141,42,1412,3.0,30.0,3.0,5,1553,cycle,16,813,val,0.0373,0.958,0.9473,0.99,0.9948,0.9725,mean,0,-1,-1,-1,-1
pneumoniamnist,active,entropy,246,pneumoniamnist-final_active_best-entropy-init3p-batch3pb-epc5-budget30p-246.pth,141,42,1412,3.0,30.0,3.0,5,1553,cycle,17,855,val,0.0443,0.9656,0.9551,0.9944,0.9981,0.9783,mean,1,-1,-1,-1,-1
pneumoniamnist,active,entropy,246,pneumoniamnist-final_active_best-entropy-init3p-batch3pb-epc5-budget30p-246.pth,141,42,1412,3.0,30.0,3.0,5,1553,cycle,18,897,val,0.0542,0.9504,0.9317,0.9815,0.9899,0.9634,mean,0,-1,-1,-1,-1
pneumoniamnist,active,entropy,246,pneumoniamnist-final_active_best-entropy-init3p-batch3pb-epc5-budget30p-246.pth,141,42,1412,3.0,30.0,3.0,5,1553,cycle,19,939,val,0.0413,0.8798,0.858,0.9823,0.9933,0.9284,mean,0,-1,-1,-1,-1
pneumoniamnist,active,entropy,246,pneumoniamnist-final_active_best-entropy-init3p-batch3pb-epc5-budget30p-246.pth,141,42,1412,3.0,30.0,3.0,5,1553,cycle,20,981,val,0.0484,0.958,0.9431,0.9946,0.9982,0.9735,mean,0,-1,-1,-1,-1
pneumoniamnist,active,entropy,246,pneumoniamnist-final_active_best-entropy-init3p-batch3pb-epc5-budget30p-246.pth,141,42,1412,3.0,30.0,3.0,5,1553,cycle,21,1023,val,0.0409,0.9618,0.9515,0.9937,0.9976,0.9762,mean,0,-1,-1,-1,-1
pneumoniamnist,active,entropy,246,pneumoniamnist-final_active_best-entropy-init3p-batch3pb-epc5-budget30p-246.pth,141,42,1412,3.0,30.0,3.0,5,1553,cycle,22,1065,val,0.0306,0.9733,0.9654,0.9953,0.9985,0.9831,mean,1,-1,-1,-1,-1
pneumoniamnist,active,entropy,246,pneumoniamnist-final_active_best-entropy-init3p-batch3pb-epc5-budget30p-246.pth,141,42,1412,3.0,30.0,3.0,5,1553,cycle,23,1107,val,0.047,0.9637,0.9513,0.9899,0.9959,0.9752,mean,0,-1,-1,-1,-1
pneumoniamnist,active,entropy,246,pneumoniamnist-final_active_best-entropy-init3p-batch3pb-epc5-budget30p-246.pth,141,42,1412,3.0,30.0,3.0,5,1553,cycle,24,1149,val,0.0477,0.9714,0.9632,0.9959,0.9986,0.9823,mean,0,-1,-1,-1,-1
pneumoniamnist,active,entropy,246,pneumoniamnist-final_active_best-entropy-init3p-batch3pb-epc5-budget30p-246.pth,141,42,1412,3.0,30.0,3.0,5,1553,cycle,25,1191,val,0.0426,0.979,0.9724,0.9977,0.9992,0.9871,mean,1,-1,-1,-1,-1
pneumoniamnist,active,entropy,246,pneumoniamnist-final_active_best-entropy-init3p-batch3pb-epc5-budget30p-246.pth,141,42,1412,3.0,30.0,3.0,5,1553,cycle,26,1233,val,0.0464,0.9771,0.9704,0.998,0.9993,0.9862,mean,0,-1,-1,-1,-1
pneumoniamnist,active,entropy,246,pneumoniamnist-final_active_best-entropy-init3p-batch3pb-epc5-budget30p-246.pth,141,42,1412,3.0,30.0,3.0,5,1553,cycle,27,1275,val,0.0229,0.9637,0.9534,0.996,0.9986,0.978,mean,0,-1,-1,-1,-1
pneumoniamnist,active,entropy,246,pneumoniamnist-final_active_best-entropy-init3p-batch3pb-epc5-budget30p-246.pth,141,42,1412,3.0,30.0,3.0,5,1553,cycle,28,1317,val,0.0085,0.9733,0.9652,0.9971,0.999,0.9837,mean,0,-1,-1,-1,-1
pneumoniamnist,active,entropy,246,pneumoniamnist-final_active_best-entropy-init3p-batch3pb-epc5-budget30p-246.pth,141,42,1412,3.0,30.0,3.0,5,1553,cycle,29,1359,val,0.0002,0.9695,0.9605,0.9972,0.9991,0.9816,mean,0,-1,-1,-1,-1
pneumoniamnist,active,entropy,246,pneumoniamnist-final_active_best-entropy-init3p-batch3pb-epc5-budget30p-246.pth,141,42,1412,3.0,30.0,3.0,5,1553,cycle,30,1401,val,0.0279,0.9733,0.9651,0.9894,0.9952,0.9807,mean,0,-1,-1,-1,-1
pneumoniamnist,active,entropy,246,pneumoniamnist-final_active_best-entropy-init3p-batch3pb-epc5-budget30p-246.pth,141,42,1412,3.0,30.0,3.0,5,1553,cycle,31,1443,val,0.0253,0.9618,0.9483,0.9954,0.9983,0.976,mean,0,-1,-1,-1,-1
pneumoniamnist,active,entropy,246,pneumoniamnist-final_active_best-entropy-init3p-batch3pb-epc5-budget30p-246.pth,141,42,1412,3.0,30.0,3.0,5,1553,cycle,32,1485,val,0.014,0.9695,0.9601,0.9919,0.9955,0.9792,mean,0,-1,-1,-1,-1
pneumoniamnist,active,entropy,246,pneumoniamnist-final_active_best-entropy-init3p-batch3pb-epc5-budget30p-246.pth,141,42,1412,3.0,30.0,3.0,5,1553,cycle,33,1553,val,0.0232,0.9618,0.9496,0.995,0.9984,0.9762,mean,0,-1,-1,-1,-1
pneumoniamnist,active,entropy,246,pneumoniamnist-final_active_best-entropy-init3p-batch3pb-epc5-budget30p-246.pth,141,42,1412,3.0,30.0,3.0,5,1553,final,-1,1191,test,-1,0.8494,0.8216,0.8855,0.8972,,mean,-1,388,92,142,2
pneumoniamnist,active,entropy,9012,pneumoniamnist-final_active_best-entropy-init3p-batch3pb-epc5-budget30p-9012.pth,141,42,1412,3.0,30.0,3.0,5,1553,cycle,0,141,val,0.2974,0.7424,0.4261,0.6218,0.8146,0.6512,mean,1,-1,-1,-1,-1
pneumoniamnist,active,entropy,9012,pneumoniamnist-final_active_best-entropy-init3p-batch3pb-epc5-budget30p-9012.pth,141,42,1412,3.0,30.0,3.0,5,1553,cycle,1,183,val,0.1299,0.7424,0.4261,0.779,0.909,0.7141,mean,1,-1,-1,-1,-1
pneumoniamnist,active,entropy,9012,pneumoniamnist-final_active_best-entropy-init3p-batch3pb-epc5-budget30p-9012.pth,141,42,1412,3.0,30.0,3.0,5,1553,cycle,2,225,val,0.1472,0.771,0.5332,0.6268,0.8458,0.6942,mean,0,-1,-1,-1,-1
pneumoniamnist,active,entropy,9012,pneumoniamnist-final_active_best-entropy-init3p-batch3pb-epc5-budget30p-9012.pth,141,42,1412,3.0,30.0,3.0,5,1553,cycle,3,267,val,0.0568,0.9256,0.9047,0.9783,0.9925,0.9503,mean,1,-1,-1,-1,-1
pneumoniamnist,active,entropy,9012,pneumoniamnist-final_active_best-entropy-init3p-batch3pb-epc5-budget30p-9012.pth,141,42,1412,3.0,30.0,3.0,5,1553,cycle,4,309,val,0.1411,0.9179,0.8848,0.975,0.9907,0.9421,mean,0,-1,-1,-1,-1
pneumoniamnist,active,entropy,9012,pneumoniamnist-final_active_best-entropy-init3p-batch3pb-epc5-budget30p-9012.pth,141,42,1412,3.0,30.0,3.0,5,1553,cycle,5,351,val,0.0865,0.9332,0.9164,0.9829,0.9942,0.9567,mean,1,-1,-1,-1,-1
pneumoniamnist,active,entropy,9012,pneumoniamnist-final_active_best-entropy-init3p-batch3pb-epc5-budget30p-9012.pth,141,42,1412,3.0,30.0,3.0,5,1553,cycle,6,393,val,0.0776,0.9141,0.8971,0.9792,0.9934,0.946,mean,0,-1,-1,-1,-1
pneumoniamnist,active,entropy,9012,pneumoniamnist-final_active_best-entropy-init3p-batch3pb-epc5-budget30p-9012.pth,141,42,1412,3.0,30.0,3.0,5,1553,cycle,7,435,val,0.1111,0.958,0.9451,0.9864,0.9955,0.9713,mean,1,-1,-1,-1,-1
pneumoniamnist,active,entropy,9012,pneumoniamnist-final_active_best-entropy-init3p-batch3pb-epc5-budget30p-9012.pth,141,42,1412,3.0,30.0,3.0,5,1553,cycle,8,477,val,0.1194,0.9351,0.9087,0.9852,0.9947,0.9559,mean,0,-1,-1,-1,-1
pneumoniamnist,active,entropy,9012,pneumoniamnist-final_active_best-entropy-init3p-batch3pb-epc5-budget30p-9012.pth,141,42,1412,3.0,30.0,3.0,5,1553,cycle,9,519,val,0.0845,0.9523,0.9375,0.9792,0.9919,0.9652,mean,0,-1,-1,-1,-1
pneumoniamnist,active,entropy,9012,pneumoniamnist-final_active_best-entropy-init3p-batch3pb-epc5-budget30p-9012.pth,141,42,1412,3.0,30.0,3.0,5,1553,cycle,10,561,val,0.0708,0.9561,0.943,0.9924,0.9975,0.9723,mean,1,-1,-1,-1,-1
pneumoniamnist,active,entropy,9012,pneumoniamnist-final_active_best-entropy-init3p-batch3pb-epc5-budget30p-9012.pth,141,42,1412,3.0,30.0,3.0,5,1553,cycle,11,603,val,0.1428,0.8931,0.8753,0.9965,0.9989,0.941,mean,0,-1,-1,-1,-1
pneumoniamnist,active,entropy,9012,pneumoniamnist-final_active_best-entropy-init3p-batch3pb-epc5-budget30p-9012.pth,141,42,1412,3.0,30.0,3.0,5,1553,cycle,12,645,val,0.0798,0.9408,0.9253,0.9906,0.9966,0.9633,mean,0,-1,-1,-1,-1
pneumoniamnist,active,entropy,9012,pneumoniamnist-final_active_best-entropy-init3p-batch3pb-epc5-budget30p-9012.pth,141,42,1412,3.0,30.0,3.0,5,1553,cycle,13,687,val,0.058,0.9561,0.9441,0.9822,0.9922,0.9686,mean,0,-1,-1,-1,-1
pneumoniamnist,active,entropy,9012,pneumoniamnist-final_active_best-entropy-init3p-batch3pb-epc5-budget30p-9012.pth,141,42,1412,3.0,30.0,3.0,5,1553,cycle,14,729,val,0.0692,0.9656,0.9553,0.9925,0.9976,0.9778,mean,1,-1,-1,-1,-1
pneumoniamnist,active,entropy,9012,pneumoniamnist-final_active_best-entropy-init3p-batch3pb-epc5-budget30p-9012.pth,141,42,1412,3.0,30.0,3.0,5,1553,cycle,15,771,val,0.0464,0.9447,0.9313,0.9942,0.998,0.967,mean,0,-1,-1,-1,-1
pneumoniamnist,active,entropy,9012,pneumoniamnist-final_active_best-entropy-init3p-batch3pb-epc5-budget30p-9012.pth,141,42,1412,3.0,30.0,3.0,5,1553,cycle,16,813,val,0.0383,0.958,0.9431,0.9939,0.9979,0.9733,mean,0,-1,-1,-1,-1
pneumoniamnist,active,entropy,9012,pneumoniamnist-final_active_best-entropy-init3p-batch3pb-epc5-budget30p-9012.pth,141,42,1412,3.0,30.0,3.0,5,1553,cycle,17,855,val,0.0821,0.9275,0.8961,0.9691,0.9812,0.9435,mean,0,-1,-1,-1,-1
pneumoniamnist,active,entropy,9012,pneumoniamnist-final_active_best-entropy-init3p-batch3pb-epc5-budget30p-9012.pth,141,42,1412,3.0,30.0,3.0,5,1553,cycle,18,897,val,0.1014,0.958,0.9471,0.9931,0.9977,0.974,mean,0,-1,-1,-1,-1
pneumoniamnist,active,entropy,9012,pneumoniamnist-final_active_best-entropy-init3p-batch3pb-epc5-budget30p-9012.pth,141,42,1412,3.0,30.0,3.0,5,1553,cycle,19,939,val,0.0448,0.958,0.9461,0.9893,0.9962,0.9724,mean,0,-1,-1,-1,-1
pneumoniamnist,active,entropy,9012,pneumoniamnist-final_active_best-entropy-init3p-batch3pb-epc5-budget30p-9012.pth,141,42,1412,3.0,30.0,3.0,5,1553,cycle,20,981,val,0.0148,0.9695,0.9601,0.9957,0.9986,0.981,mean,1,-1,-1,-1,-1
pneumoniamnist,active,entropy,9012,pneumoniamnist-final_active_best-entropy-init3p-batch3pb-epc5-budget30p-9012.pth,141,42,1412,3.0,30.0,3.0,5,1553,cycle,21,1023,val,0.0403,0.958,0.9464,0.9951,0.9984,0.9745,mean,0,-1,-1,-1,-1
pneumoniamnist,active,entropy,9012,pneumoniamnist-final_active_best-entropy-init3p-batch3pb-epc5-budget30p-9012.pth,141,42,1412,3.0,30.0,3.0,5,1553,cycle,22,1065,val,0.0303,0.9599,0.9487,0.994,0.998,0.9752,mean,0,-1,-1,-1,-1
pneumoniamnist,active,entropy,9012,pneumoniamnist-final_active_best-entropy-init3p-batch3pb-epc5-budget30p-9012.pth,141,42,1412,3.0,30.0,3.0,5,1553,cycle,23,1107,val,0.0284,0.9656,0.9551,0.9951,0.9984,0.9786,mean,0,-1,-1,-1,-1
pneumoniamnist,active,entropy,9012,pneumoniamnist-final_active_best-entropy-init3p-batch3pb-epc5-budget30p-9012.pth,141,42,1412,3.0,30.0,3.0,5,1553,cycle,24,1149,val,0.0239,0.9733,0.9646,0.993,0.997,0.982,mean,1,-1,-1,-1,-1
pneumoniamnist,active,entropy,9012,pneumoniamnist-final_active_best-entropy-init3p-batch3pb-epc5-budget30p-9012.pth,141,42,1412,3.0,30.0,3.0,5,1553,cycle,25,1191,val,0.0164,0.9656,0.9542,0.9938,0.998,0.9779,mean,0,-1,-1,-1,-1
pneumoniamnist,active,entropy,9012,pneumoniamnist-final_active_best-entropy-init3p-batch3pb-epc5-budget30p-9012.pth,141,42,1412,3.0,30.0,3.0,5,1553,cycle,26,1233,val,0.0405,0.9542,0.9376,0.99,0.996,0.9695,mean,0,-1,-1,-1,-1
pneumoniamnist,active,entropy,9012,pneumoniamnist-final_active_best-entropy-init3p-batch3pb-epc5-budget30p-9012.pth,141,42,1412,3.0,30.0,3.0,5,1553,cycle,27,1275,val,0.0142,0.9714,0.9623,0.9924,0.997,0.9808,mean,0,-1,-1,-1,-1
pneumoniamnist,active,entropy,9012,pneumoniamnist-final_active_best-entropy-init3p-batch3pb-epc5-budget30p-9012.pth,141,42,1412,3.0,30.0,3.0,5,1553,cycle,28,1317,val,0.0183,0.9637,0.954,0.9935,0.9979,0.9773,mean,0,-1,-1,-1,-1
pneumoniamnist,active,entropy,9012,pneumoniamnist-final_active_best-entropy-init3p-batch3pb-epc5-budget30p-9012.pth,141,42,1412,3.0,30.0,3.0,5,1553,cycle,29,1359,val,0.0132,0.9676,0.9573,0.9964,0.9988,0.98,mean,0,-1,-1,-1,-1
pneumoniamnist,active,entropy,9012,pneumoniamnist-final_active_best-entropy-init3p-batch3pb-epc5-budget30p-9012.pth,141,42,1412,3.0,30.0,3.0,5,1553,cycle,30,1401,val,0.0185,0.9695,0.9608,0.993,0.9975,0.9802,mean,0,-1,-1,-1,-1
pneumoniamnist,active,entropy,9012,pneumoniamnist-final_active_best-entropy-init3p-batch3pb-epc5-budget30p-9012.pth,141,42,1412,3.0,30.0,3.0,5,1553,cycle,31,1443,val,0.0208,0.9752,0.9676,0.9959,0.9986,0.9843,mean,1,-1,-1,-1,-1
pneumoniamnist,active,entropy,9012,pneumoniamnist-final_active_best-entropy-init3p-batch3pb-epc5-budget30p-9012.pth,141,42,1412,3.0,30.0,3.0,5,1553,cycle,32,1485,val,0.0015,0.9714,0.9625,0.9967,0.9989,0.9824,mean,0,-1,-1,-1,-1
pneumoniamnist,active,entropy,9012,pneumoniamnist-final_active_best-entropy-init3p-batch3pb-epc5-budget30p-9012.pth,141,42,1412,3.0,30.0,3.0,5,1553,cycle,33,1553,val,0.0001,0.9771,0.9701,0.9974,0.9992,0.9859,mean,1,-1,-1,-1,-1
pneumoniamnist,active,entropy,9012,pneumoniamnist-final_active_best-entropy-init3p-batch3pb-epc5-budget30p-9012.pth,141,42,1412,3.0,30.0,3.0,5,1553,final,-1,1553,test,-1,0.8638,0.8408,0.9336,0.9483,,mean,-1,388,83,151,2
pneumoniamnist,active,entropy,34895,pneumoniamnist-final_active_best-entropy-init3p-batch3pb-epc5-budget30p-34895.pth,141,42,1412,3.0,30.0,3.0,5,1553,cycle,0,141,val,0.4221,0.7424,0.4261,0.3237,0.6798,0.543,mean,1,-1,-1,-1,-1
pneumoniamnist,active,entropy,34895,pneumoniamnist-final_active_best-entropy-init3p-batch3pb-epc5-budget30p-34895.pth,141,42,1412,3.0,30.0,3.0,5,1553,cycle,1,183,val,0.0669,0.1851,0.1826,0.153,0.5692,0.2725,mean,0,-1,-1,-1,-1
pneumoniamnist,active,entropy,34895,pneumoniamnist-final_active_best-entropy-init3p-batch3pb-epc5-budget30p-34895.pth,141,42,1412,3.0,30.0,3.0,5,1553,cycle,2,225,val,0.1607,0.7424,0.4261,0.5149,0.7507,0.6085,mean,1,-1,-1,-1,-1
pneumoniamnist,active,entropy,34895,pneumoniamnist-final_active_best-entropy-init3p-batch3pb-epc5-budget30p-34895.pth,141,42,1412,3.0,30.0,3.0,5,1553,cycle,3,267,val,0.1128,0.8645,0.7893,0.8969,0.9459,0.8741,mean,1,-1,-1,-1,-1
pneumoniamnist,active,entropy,34895,pneumoniamnist-final_active_best-entropy-init3p-batch3pb-epc5-budget30p-34895.pth,141,42,1412,3.0,30.0,3.0,5,1553,cycle,4,309,val,0.0949,0.9313,0.9106,0.9688,0.9888,0.9499,mean,1,-1,-1,-1,-1
pneumoniamnist,active,entropy,34895,pneumoniamnist-final_active_best-entropy-init3p-batch3pb-epc5-budget30p-34895.pth,141,42,1412,3.0,30.0,3.0,5,1553,cycle,5,351,val,0.116,0.8702,0.7915,0.9674,0.9881,0.9043,mean,0,-1,-1,-1,-1
pneumoniamnist,active,entropy,34895,pneumoniamnist-final_active_best-entropy-init3p-batch3pb-epc5-budget30p-34895.pth,141,42,1412,3.0,30.0,3.0,5,1553,cycle,6,393,val,0.0619,0.9179,0.8813,0.9765,0.9915,0.9418,mean,0,-1,-1,-1,-1
pneumoniamnist,active,entropy,34895,pneumoniamnist-final_active_best-entropy-init3p-batch3pb-epc5-budget30p-34895.pth,141,42,1412,3.0,30.0,3.0,5,1553,cycle,7,435,val,0.0579,0.9447,0.9292,0.9892,0.9964,0.9648,mean,1,-1,-1,-1,-1
pneumoniamnist,active,entropy,34895,pneumoniamnist-final_active_best-entropy-init3p-batch3pb-epc5-budget30p-34895.pth,141,42,1412,3.0,30.0,3.0,5,1553,cycle,8,477,val,0.0744,0.8588,0.7714,0.9441,0.9767,0.8878,mean,0,-1,-1,-1,-1
pneumoniamnist,active,entropy,34895,pneumoniamnist-final_active_best-entropy-init3p-batch3pb-epc5-budget30p-34895.pth,141,42,1412,3.0,30.0,3.0,5,1553,cycle,9,519,val,0.0939,0.9599,0.9467,0.9895,0.9964,0.9731,mean,1,-1,-1,-1,-1
pneumoniamnist,active,entropy,34895,pneumoniamnist-final_active_best-entropy-init3p-batch3pb-epc5-budget30p-34895.pth,141,42,1412,3.0,30.0,3.0,5,1553,cycle,10,561,val,0.0808,0.9485,0.9297,0.9777,0.988,0.961,mean,0,-1,-1,-1,-1
pneumoniamnist,active,entropy,34895,pneumoniamnist-final_active_best-entropy-init3p-batch3pb-epc5-budget30p-34895.pth,141,42,1412,3.0,30.0,3.0,5,1553,cycle,11,603,val,0.0515,0.9351,0.9206,0.9923,0.9973,0.9613,mean,0,-1,-1,-1,-1
pneumoniamnist,active,entropy,34895,pneumoniamnist-final_active_best-entropy-init3p-batch3pb-epc5-budget30p-34895.pth,141,42,1412,3.0,30.0,3.0,5,1553,cycle,12,645,val,0.0528,0.9523,0.9381,0.9846,0.9942,0.9673,mean,0,-1,-1,-1,-1
pneumoniamnist,active,entropy,34895,pneumoniamnist-final_active_best-entropy-init3p-batch3pb-epc5-budget30p-34895.pth,141,42,1412,3.0,30.0,3.0,5,1553,cycle,13,687,val,0.0604,0.8893,0.87,0.9744,0.9914,0.9313,mean,0,-1,-1,-1,-1
pneumoniamnist,active,entropy,34895,pneumoniamnist-final_active_best-entropy-init3p-batch3pb-epc5-budget30p-34895.pth,141,42,1412,3.0,30.0,3.0,5,1553,cycle,14,729,val,0.0356,0.9294,0.9003,0.9637,0.9835,0.9442,mean,0,-1,-1,-1,-1
pneumoniamnist,active,entropy,34895,pneumoniamnist-final_active_best-entropy-init3p-batch3pb-epc5-budget30p-34895.pth,141,42,1412,3.0,30.0,3.0,5,1553,cycle,15,771,val,0.0625,0.9351,0.9097,0.9781,0.9912,0.9535,mean,0,-1,-1,-1,-1
pneumoniamnist,active,entropy,34895,pneumoniamnist-final_active_best-entropy-init3p-batch3pb-epc5-budget30p-34895.pth,141,42,1412,3.0,30.0,3.0,5,1553,cycle,16,813,val,0.0208,0.9656,0.9549,0.9898,0.9957,0.9765,mean,1,-1,-1,-1,-1
pneumoniamnist,active,entropy,34895,pneumoniamnist-final_active_best-entropy-init3p-batch3pb-epc5-budget30p-34895.pth,141,42,1412,3.0,30.0,3.0,5,1553,cycle,17,855,val,0.0725,0.9313,0.9021,0.9907,0.9969,0.9553,mean,0,-1,-1,-1,-1
pneumoniamnist,active,entropy,34895,pneumoniamnist-final_active_best-entropy-init3p-batch3pb-epc5-budget30p-34895.pth,141,42,1412,3.0,30.0,3.0,5,1553,cycle,18,897,val,0.042,0.9599,0.9475,0.9892,0.9962,0.9732,mean,0,-1,-1,-1,-1
pneumoniamnist,active,entropy,34895,pneumoniamnist-final_active_best-entropy-init3p-batch3pb-epc5-budget30p-34895.pth,141,42,1412,3.0,30.0,3.0,5,1553,cycle,19,939,val,0.0769,0.9599,0.9467,0.9906,0.9969,0.9735,mean,0,-1,-1,-1,-1
pneumoniamnist,active,entropy,34895,pneumoniamnist-final_active_best-entropy-init3p-batch3pb-epc5-budget30p-34895.pth,141,42,1412,3.0,30.0,3.0,5,1553,cycle,20,981,val,0.0402,0.9542,0.938,0.9736,0.9866,0.9631,mean,0,-1,-1,-1,-1
pneumoniamnist,active,entropy,34895,pneumoniamnist-final_active_best-entropy-init3p-batch3pb-epc5-budget30p-34895.pth,141,42,1412,3.0,30.0,3.0,5,1553,cycle,21,1023,val,0.0358,0.9198,0.9038,0.9903,0.9962,0.9525,mean,0,-1,-1,-1,-1
pneumoniamnist,active,entropy,34895,pneumoniamnist-final_active_best-entropy-init3p-batch3pb-epc5-budget30p-34895.pth,141,42,1412,3.0,30.0,3.0,5,1553,cycle,22,1065,val,0.0377,0.958,0.9461,0.9853,0.9936,0.9708,mean,0,-1,-1,-1,-1
pneumoniamnist,active,entropy,34895,pneumoniamnist-final_active_best-entropy-init3p-batch3pb-epc5-budget30p-34895.pth,141,42,1412,3.0,30.0,3.0,5,1553,cycle,23,1107,val,0.0428,0.9733,0.9656,0.9934,0.9979,0.9825,mean,1,-1,-1,-1,-1
pneumoniamnist,active,entropy,34895,pneumoniamnist-final_active_best-entropy-init3p-batch3pb-epc5-budget30p-34895.pth,141,42,1412,3.0,30.0,3.0,5,1553,cycle,24,1149,val,0.0374,0.9714,0.963,0.993,0.9978,0.9813,mean,0,-1,-1,-1,-1
pneumoniamnist,active,entropy,34895,pneumoniamnist-final_active_best-entropy-init3p-batch3pb-epc5-budget30p-34895.pth,141,42,1412,3.0,30.0,3.0,5,1553,cycle,25,1191,val,0.0303,0.9618,0.9494,0.9899,0.9963,0.9744,mean,0,-1,-1,-1,-1
pneumoniamnist,active,entropy,34895,pneumoniamnist-final_active_best-entropy-init3p-batch3pb-epc5-budget30p-34895.pth,141,42,1412,3.0,30.0,3.0,5,1553,cycle,26,1233,val,0.0219,0.9447,0.924,0.9678,0.9806,0.9543,mean,0,-1,-1,-1,-1
pneumoniamnist,active,entropy,34895,pneumoniamnist-final_active_best-entropy-init3p-batch3pb-epc5-budget30p-34895.pth,141,42,1412,3.0,30.0,3.0,5,1553,cycle,27,1275,val,0.0238,0.9695,0.9607,0.9905,0.9968,0.9794,mean,0,-1,-1,-1,-1
pneumoniamnist,active,entropy,34895,pneumoniamnist-final_active_best-entropy-init3p-batch3pb-epc5-budget30p-34895.pth,141,42,1412,3.0,30.0,3.0,5,1553,cycle,28,1317,val,0.0174,0.9523,0.9398,0.9888,0.9961,0.9692,mean,0,-1,-1,-1,-1
pneumoniamnist,active,entropy,34895,pneumoniamnist-final_active_best-entropy-init3p-batch3pb-epc5-budget30p-34895.pth,141,42,1412,3.0,30.0,3.0,5,1553,cycle,29,1359,val,0.014,0.9714,0.9632,0.9939,0.998,0.9816,mean,0,-1,-1,-1,-1
pneumoniamnist,active,entropy,34895,pneumoniamnist-final_active_best-entropy-init3p-batch3pb-epc5-budget30p-34895.pth,141,42,1412,3.0,30.0,3.0,5,1553,cycle,30,1401,val,0.028,0.9599,0.9489,0.9905,0.9971,0.9741,mean,0,-1,-1,-1,-1
pneumoniamnist,active,entropy,34895,pneumoniamnist-final_active_best-entropy-init3p-batch3pb-epc5-budget30p-34895.pth,141,42,1412,3.0,30.0,3.0,5,1553,cycle,31,1443,val,0.0209,0.9485,0.936,0.993,0.9978,0.9688,mean,0,-1,-1,-1,-1
pneumoniamnist,active,entropy,34895,pneumoniamnist-final_active_best-entropy-init3p-batch3pb-epc5-budget30p-34895.pth,141,42,1412,3.0,30.0,3.0,5,1553,cycle,32,1485,val,0.0188,0.9695,0.961,0.9925,0.9977,0.9802,mean,0,-1,-1,-1,-1
pneumoniamnist,active,entropy,34895,pneumoniamnist-final_active_best-entropy-init3p-batch3pb-epc5-budget30p-34895.pth,141,42,1412,3.0,30.0,3.0,5,1553,cycle,33,1553,val,0.0045,0.9714,0.9629,0.9937,0.998,0.9815,mean,0,-1,-1,-1,-1
pneumoniamnist,active,entropy,34895,pneumoniamnist-final_active_best-entropy-init3p-batch3pb-epc5-budget30p-34895.pth,141,42,1412,3.0,30.0,3.0,5,1553,final,-1,1107,test,-1,0.8622,0.8401,0.9125,0.9174,,mean,-1,385,81,153,5
pneumoniamnist,active,entropy,148932,pneumoniamnist-final_active_best-entropy-init3p-batch3pb-epc5-budget30p-148932.pth,141,42,1412,3.0,30.0,3.0,5,1553,cycle,0,141,val,0.409,0.7424,0.4261,0.5067,0.7738,0.6122,mean,1,-1,-1,-1,-1
pneumoniamnist,active,entropy,148932,pneumoniamnist-final_active_best-entropy-init3p-batch3pb-epc5-budget30p-148932.pth,141,42,1412,3.0,30.0,3.0,5,1553,cycle,1,183,val,0.1518,0.7424,0.4261,0.5,0.7424,0.6027,mean,0,-1,-1,-1,-1
pneumoniamnist,active,entropy,148932,pneumoniamnist-final_active_best-entropy-init3p-batch3pb-epc5-budget30p-148932.pth,141,42,1412,3.0,30.0,3.0,5,1553,cycle,2,225,val,0.0978,0.7424,0.4261,0.6689,0.8137,0.6627,mean,1,-1,-1,-1,-1
pneumoniamnist,active,entropy,148932,pneumoniamnist-final_active_best-entropy-init3p-batch3pb-epc5-budget30p-148932.pth,141,42,1412,3.0,30.0,3.0,5,1553,cycle,3,267,val,0.0693,0.8321,0.7148,0.8516,0.9123,0.8277,mean,1,-1,-1,-1,-1
pneumoniamnist,active,entropy,148932,pneumoniamnist-final_active_best-entropy-init3p-batch3pb-epc5-budget30p-148932.pth,141,42,1412,3.0,30.0,3.0,5,1553,cycle,4,309,val,0.0995,0.9332,0.9078,0.9424,0.9639,0.9368,mean,1,-1,-1,-1,-1
pneumoniamnist,active,entropy,148932,pneumoniamnist-final_active_best-entropy-init3p-batch3pb-epc5-budget30p-148932.pth,141,42,1412,3.0,30.0,3.0,5,1553,cycle,5,351,val,0.1039,0.7863,0.7688,0.9663,0.9889,0.8776,mean,0,-1,-1,-1,-1
pneumoniamnist,active,entropy,148932,pneumoniamnist-final_active_best-entropy-init3p-batch3pb-epc5-budget30p-148932.pth,141,42,1412,3.0,30.0,3.0,5,1553,cycle,6,393,val,0.0876,0.9313,0.9049,0.9475,0.9679,0.9379,mean,1,-1,-1,-1,-1
pneumoniamnist,active,entropy,148932,pneumoniamnist-final_active_best-entropy-init3p-batch3pb-epc5-budget30p-148932.pth,141,42,1412,3.0,30.0,3.0,5,1553,cycle,7,435,val,0.0837,0.9122,0.8858,0.9526,0.981,0.9329,mean,0,-1,-1,-1,-1
pneumoniamnist,active,entropy,148932,pneumoniamnist-final_active_best-entropy-init3p-batch3pb-epc5-budget30p-148932.pth,141,42,1412,3.0,30.0,3.0,5,1553,cycle,8,477,val,0.1002,0.9065,0.8631,0.9806,0.9921,0.9356,mean,0,-1,-1,-1,-1
pneumoniamnist,active,entropy,148932,pneumoniamnist-final_active_best-entropy-init3p-batch3pb-epc5-budget30p-148932.pth,141,42,1412,3.0,30.0,3.0,5,1553,cycle,9,519,val,0.0599,0.9561,0.9407,0.9844,0.9942,0.9689,mean,1,-1,-1,-1,-1
pneumoniamnist,active,entropy,148932,pneumoniamnist-final_active_best-entropy-init3p-batch3pb-epc5-budget30p-148932.pth,141,42,1412,3.0,30.0,3.0,5,1553,cycle,10,561,val,0.0845,0.9599,0.947,0.9889,0.9959,0.9729,mean,1,-1,-1,-1,-1
pneumoniamnist,active,entropy,148932,pneumoniamnist-final_active_best-entropy-init3p-batch3pb-epc5-budget30p-148932.pth,141,42,1412,3.0,30.0,3.0,5,1553,cycle,11,603,val,0.045,0.9542,0.9376,0.9864,0.9951,0.9683,mean,0,-1,-1,-1,-1
pneumoniamnist,active,entropy,148932,pneumoniamnist-final_active_best-entropy-init3p-batch3pb-epc5-budget30p-148932.pth,141,42,1412,3.0,30.0,3.0,5,1553,cycle,12,645,val,0.1092,0.9656,0.9535,0.9928,0.9975,0.9774,mean,1,-1,-1,-1,-1
pneumoniamnist,active,entropy,148932,pneumoniamnist-final_active_best-entropy-init3p-batch3pb-epc5-budget30p-148932.pth,141,42,1412,3.0,30.0,3.0,5,1553,cycle,13,687,val,0.0498,0.916,0.8981,0.9909,0.9968,0.9505,mean,0,-1,-1,-1,-1
pneumoniamnist,active,entropy,148932,pneumoniamnist-final_active_best-entropy-init3p-batch3pb-epc5-budget30p-148932.pth,141,42,1412,3.0,30.0,3.0,5,1553,cycle,14,729,val,0.05,0.9237,0.9066,0.9913,0.9971,0.9547,mean,0,-1,-1,-1,-1
pneumoniamnist,active,entropy,148932,pneumoniamnist-final_active_best-entropy-init3p-batch3pb-epc5-budget30p-148932.pth,141,42,1412,3.0,30.0,3.0,5,1553,cycle,15,771,val,0.0668,0.958,0.9466,0.9916,0.9971,0.9733,mean,0,-1,-1,-1,-1
pneumoniamnist,active,entropy,148932,pneumoniamnist-final_active_best-entropy-init3p-batch3pb-epc5-budget30p-148932.pth,141,42,1412,3.0,30.0,3.0,5,1553,cycle,16,813,val,0.056,0.9427,0.9194,0.9884,0.9956,0.9615,mean,0,-1,-1,-1,-1
pneumoniamnist,active,entropy,148932,pneumoniamnist-final_active_best-entropy-init3p-batch3pb-epc5-budget30p-148932.pth,141,42,1412,3.0,30.0,3.0,5,1553,cycle,17,855,val,0.0305,0.9656,0.9559,0.996,0.9987,0.9791,mean,1,-1,-1,-1,-1
pneumoniamnist,active,entropy,148932,pneumoniamnist-final_active_best-entropy-init3p-batch3pb-epc5-budget30p-148932.pth,141,42,1412,3.0,30.0,3.0,5,1553,cycle,18,897,val,0.0491,0.937,0.9225,0.9945,0.9982,0.963,mean,0,-1,-1,-1,-1
pneumoniamnist,active,entropy,148932,pneumoniamnist-final_active_best-entropy-init3p-batch3pb-epc5-budget30p-148932.pth,141,42,1412,3.0,30.0,3.0,5,1553,cycle,19,939,val,0.0783,0.9561,0.9443,0.9926,0.9975,0.9726,mean,0,-1,-1,-1,-1
pneumoniamnist,active,entropy,148932,pneumoniamnist-final_active_best-entropy-init3p-batch3pb-epc5-budget30p-148932.pth,141,42,1412,3.0,30.0,3.0,5,1553,cycle,20,981,val,0.0471,0.9618,0.9503,0.9925,0.9973,0.9755,mean,0,-1,-1,-1,-1
pneumoniamnist,active,entropy,148932,pneumoniamnist-final_active_best-entropy-init3p-batch3pb-epc5-budget30p-148932.pth,141,42,1412,3.0,30.0,3.0,5,1553,cycle,21,1023,val,0.0494,0.9637,0.951,0.9918,0.997,0.9759,mean,0,-1,-1,-1,-1
pneumoniamnist,active,entropy,148932,pneumoniamnist-final_active_best-entropy-init3p-batch3pb-epc5-budget30p-148932.pth,141,42,1412,3.0,30.0,3.0,5,1553,cycle,22,1065,val,0.0349,0.9389,0.9135,0.9906,0.9966,0.9599,mean,0,-1,-1,-1,-1
pneumoniamnist,active,entropy,148932,pneumoniamnist-final_active_best-entropy-init3p-batch3pb-epc5-budget30p-148932.pth,141,42,1412,3.0,30.0,3.0,5,1553,cycle,23,1107,val,0.0454,0.9771,0.9704,0.9958,0.9986,0.9855,mean,1,-1,-1,-1,-1
pneumoniamnist,active,entropy,148932,pneumoniamnist-final_active_best-entropy-init3p-batch3pb-epc5-budget30p-148932.pth,141,42,1412,3.0,30.0,3.0,5,1553,cycle,24,1149,val,0.0405,0.9656,0.9553,0.9951,0.9983,0.9786,mean,0,-1,-1,-1,-1
pneumoniamnist,active,entropy,148932,pneumoniamnist-final_active_best-entropy-init3p-batch3pb-epc5-budget30p-148932.pth,141,42,1412,3.0,30.0,3.0,5,1553,cycle,25,1191,val,0.0311,0.9676,0.9583,0.9955,0.9985,0.98,mean,0,-1,-1,-1,-1
pneumoniamnist,active,entropy,148932,pneumoniamnist-final_active_best-entropy-init3p-batch3pb-epc5-budget30p-148932.pth,141,42,1412,3.0,30.0,3.0,5,1553,cycle,26,1233,val,0.016,0.9676,0.9583,0.9961,0.9986,0.9801,mean,0,-1,-1,-1,-1
pneumoniamnist,active,entropy,148932,pneumoniamnist-final_active_best-entropy-init3p-batch3pb-epc5-budget30p-148932.pth,141,42,1412,3.0,30.0,3.0,5,1553,cycle,27,1275,val,0.0174,0.9656,0.9537,0.9901,0.9946,0.976,mean,0,-1,-1,-1,-1
pneumoniamnist,active,entropy,148932,pneumoniamnist-final_active_best-entropy-init3p-batch3pb-epc5-budget30p-148932.pth,141,42,1412,3.0,30.0,3.0,5,1553,cycle,28,1317,val,0.025,0.9427,0.9272,0.9902,0.9964,0.9641,mean,0,-1,-1,-1,-1
pneumoniamnist,active,entropy,148932,pneumoniamnist-final_active_best-entropy-init3p-batch3pb-epc5-budget30p-148932.pth,141,42,1412,3.0,30.0,3.0,5,1553,cycle,29,1359,val,0.0069,0.9676,0.9566,0.9913,0.9966,0.978,mean,0,-1,-1,-1,-1
pneumoniamnist,active,entropy,148932,pneumoniamnist-final_active_best-entropy-init3p-batch3pb-epc5-budget30p-148932.pth,141,42,1412,3.0,30.0,3.0,5,1553,cycle,30,1401,val,0.0287,0.9637,0.9525,0.9933,0.9977,0.9768,mean,0,-1,-1,-1,-1
pneumoniamnist,active,entropy,148932,pneumoniamnist-final_active_best-entropy-init3p-batch3pb-epc5-budget30p-148932.pth,141,42,1412,3.0,30.0,3.0,5,1553,cycle,31,1443,val,0.0139,0.9714,0.963,0.9965,0.9988,0.9824,mean,0,-1,-1,-1,-1
pneumoniamnist,active,entropy,148932,pneumoniamnist-final_active_best-entropy-init3p-batch3pb-epc5-budget30p-148932.pth,141,42,1412,3.0,30.0,3.0,5,1553,cycle,32,1485,val,0.0114,0.9561,0.9401,0.9911,0.9968,0.971,mean,0,-1,-1,-1,-1
pneumoniamnist,active,entropy,148932,pneumoniamnist-final_active_best-entropy-init3p-batch3pb-epc5-budget30p-148932.pth,141,42,1412,3.0,30.0,3.0,5,1553,cycle,33,1553,val,0.0362,0.9656,0.9542,0.9963,0.9988,0.9787,mean,0,-1,-1,-1,-1
pneumoniamnist,active,entropy,148932,pneumoniamnist-final_active_best-entropy-init3p-batch3pb-epc5-budget30p-148932.pth,141,42,1412,3.0,30.0,3.0,5,1553,final,-1,1107,test,-1,0.8638,0.8421,0.953,0.9586,,mean,-1,385,80,154,5
pneumoniamnist,active,mc_bald,17,pneumoniamnist-final_active_best-mc_bald-init3p-batch3pb-epc5-budget30p-17.pth,141,42,1412,3.0,30.0,3.0,5,1553,cycle,0,141,val,0.2704,0.7424,0.4261,0.7885,0.912,0.7172,mean,1,-1,-1,-1,-1
pneumoniamnist,active,mc_bald,17,pneumoniamnist-final_active_best-mc_bald-init3p-batch3pb-epc5-budget30p-17.pth,141,42,1412,3.0,30.0,3.0,5,1553,cycle,1,183,val,0.21,0.7424,0.4261,0.5793,0.8086,0.6391,mean,0,-1,-1,-1,-1
pneumoniamnist,active,mc_bald,17,pneumoniamnist-final_active_best-mc_bald-init3p-batch3pb-epc5-budget30p-17.pth,141,42,1412,3.0,30.0,3.0,5,1553,cycle,2,225,val,0.12,0.7424,0.4261,0.878,0.9533,0.7499,mean,1,-1,-1,-1,-1
pneumoniamnist,active,mc_bald,17,pneumoniamnist-final_active_best-mc_bald-init3p-batch3pb-epc5-budget30p-17.pth,141,42,1412,3.0,30.0,3.0,5,1553,cycle,3,267,val,0.1072,0.8435,0.7407,0.9496,0.9806,0.8786,mean,1,-1,-1,-1,-1
pneumoniamnist,active,mc_bald,17,pneumoniamnist-final_active_best-mc_bald-init3p-batch3pb-epc5-budget30p-17.pth,141,42,1412,3.0,30.0,3.0,5,1553,cycle,4,309,val,0.0931,0.9256,0.902,0.9758,0.9913,0.9487,mean,1,-1,-1,-1,-1
pneumoniamnist,active,mc_bald,17,pneumoniamnist-final_active_best-mc_bald-init3p-batch3pb-epc5-budget30p-17.pth,141,42,1412,3.0,30.0,3.0,5,1553,cycle,5,351,val,0.1199,0.9389,0.9237,0.9834,0.9946,0.9602,mean,1,-1,-1,-1,-1
pneumoniamnist,active,mc_bald,17,pneumoniamnist-final_active_best-mc_bald-init3p-batch3pb-epc5-budget30p-17.pth,141,42,1412,3.0,30.0,3.0,5,1553,cycle,6,393,val,0.0988,0.9389,0.9159,0.9808,0.9931,0.9572,mean,0,-1,-1,-1,-1
pneumoniamnist,active,mc_bald,17,pneumoniamnist-final_active_best-mc_bald-init3p-batch3pb-epc5-budget30p-17.pth,141,42,1412,3.0,30.0,3.0,5,1553,cycle,7,435,val,0.0395,0.937,0.914,0.9731,0.9899,0.9535,mean,0,-1,-1,-1,-1
pneumoniamnist,active,mc_bald,17,pneumoniamnist-final_active_best-mc_bald-init3p-batch3pb-epc5-budget30p-17.pth,141,42,1412,3.0,30.0,3.0,5,1553,cycle,8,477,val,0.1339,0.9065,0.8896,0.9862,0.9957,0.9445,mean,0,-1,-1,-1,-1
pneumoniamnist,active,mc_bald,17,pneumoniamnist-final_active_best-mc_bald-init3p-batch3pb-epc5-budget30p-17.pth,141,42,1412,3.0,30.0,3.0,5,1553,cycle,9,519,val,0.0569,0.9313,0.9038,0.9871,0.9955,0.9544,mean,0,-1,-1,-1,-1
pneumoniamnist,active,mc_bald,17,pneumoniamnist-final_active_best-mc_bald-init3p-batch3pb-epc5-budget30p-17.pth,141,42,1412,3.0,30.0,3.0,5,1553,cycle,10,561,val,0.0614,0.9485,0.9352,0.9905,0.9969,0.9678,mean,1,-1,-1,-1,-1
pneumoniamnist,active,mc_bald,17,pneumoniamnist-final_active_best-mc_bald-init3p-batch3pb-epc5-budget30p-17.pth,141,42,1412,3.0,30.0,3.0,5,1553,cycle,11,603,val,0.08,0.937,0.9225,0.9895,0.9966,0.9614,mean,0,-1,-1,-1,-1
pneumoniamnist,active,mc_bald,17,pneumoniamnist-final_active_best-mc_bald-init3p-batch3pb-epc5-budget30p-17.pth,141,42,1412,3.0,30.0,3.0,5,1553,cycle,12,645,val,0.0162,0.8702,0.7915,0.9799,0.9927,0.9086,mean,0,-1,-1,-1,-1
pneumoniamnist,active,mc_bald,17,pneumoniamnist-final_active_best-mc_bald-init3p-batch3pb-epc5-budget30p-17.pth,141,42,1412,3.0,30.0,3.0,5,1553,cycle,13,687,val,0.0341,0.9637,0.9529,0.9926,0.9975,0.9767,mean,1,-1,-1,-1,-1
pneumoniamnist,active,mc_bald,17,pneumoniamnist-final_active_best-mc_bald-init3p-batch3pb-epc5-budget30p-17.pth,141,42,1412,3.0,30.0,3.0,5,1553,cycle,14,729,val,0.0618,0.9294,0.9127,0.9882,0.9959,0.9566,mean,0,-1,-1,-1,-1
pneumoniamnist,active,mc_bald,17,pneumoniamnist-final_active_best-mc_bald-init3p-batch3pb-epc5-budget30p-17.pth,141,42,1412,3.0,30.0,3.0,5,1553,cycle,15,771,val,0.047,0.9485,0.93,0.9836,0.9933,0.9639,mean,0,-1,-1,-1,-1
pneumoniamnist,active,mc_bald,17,pneumoniamnist-final_active_best-mc_bald-init3p-batch3pb-epc5-budget30p-17.pth,141,42,1412,3.0,30.0,3.0,5,1553,cycle,16,813,val,0.0536,0.9618,0.9494,0.995,0.9983,0.9761,mean,0,-1,-1,-1,-1
pneumoniamnist,active,mc_bald,17,pneumoniamnist-final_active_best-mc_bald-init3p-batch3pb-epc5-budget30p-17.pth,141,42,1412,3.0,30.0,3.0,5,1553,cycle,17,855,val,0.0534,0.9389,0.9231,0.9873,0.9957,0.9612,mean,0,-1,-1,-1,-1
pneumoniamnist,active,mc_bald,17,pneumoniamnist-final_active_best-mc_bald-init3p-batch3pb-epc5-budget30p-17.pth,141,42,1412,3.0,30.0,3.0,5,1553,cycle,18,897,val,0.0398,0.9504,0.9313,0.9754,0.9896,0.9617,mean,0,-1,-1,-1,-1
pneumoniamnist,active,mc_bald,17,pneumoniamnist-final_active_best-mc_bald-init3p-batch3pb-epc5-budget30p-17.pth,141,42,1412,3.0,30.0,3.0,5,1553,cycle,19,939,val,0.0399,0.9656,0.9553,0.9947,0.9982,0.9785,mean,1,-1,-1,-1,-1
pneumoniamnist,active,mc_bald,17,pneumoniamnist-final_active_best-mc_bald-init3p-batch3pb-epc5-budget30p-17.pth,141,42,1412,3.0,30.0,3.0,5,1553,cycle,20,981,val,0.0427,0.9676,0.9581,0.9947,0.998,0.9796,mean,1,-1,-1,-1,-1
pneumoniamnist,active,mc_bald,17,pneumoniamnist-final_active_best-mc_bald-init3p-batch3pb-epc5-budget30p-17.pth,141,42,1412,3.0,30.0,3.0,5,1553,cycle,21,1023,val,0.0721,0.9275,0.8967,0.9844,0.9943,0.9507,mean,0,-1,-1,-1,-1
pneumoniamnist,active,mc_bald,17,pneumoniamnist-final_active_best-mc_bald-init3p-batch3pb-epc5-budget30p-17.pth,141,42,1412,3.0,30.0,3.0,5,1553,cycle,22,1065,val,0.0242,0.9523,0.9398,0.9936,0.9979,0.9709,mean,0,-1,-1,-1,-1
pneumoniamnist,active,mc_bald,17,pneumoniamnist-final_active_best-mc_bald-init3p-batch3pb-epc5-budget30p-17.pth,141,42,1412,3.0,30.0,3.0,5,1553,cycle,23,1107,val,0.0229,0.9637,0.9527,0.9928,0.9978,0.9768,mean,0,-1,-1,-1,-1
pneumoniamnist,active,mc_bald,17,pneumoniamnist-final_active_best-mc_bald-init3p-batch3pb-epc5-budget30p-17.pth,141,42,1412,3.0,30.0,3.0,5,1553,cycle,24,1149,val,0.0411,0.9523,0.9356,0.9937,0.9979,0.9699,mean,0,-1,-1,-1,-1
pneumoniamnist,active,mc_bald,17,pneumoniamnist-final_active_best-mc_bald-init3p-batch3pb-epc5-budget30p-17.pth,141,42,1412,3.0,30.0,3.0,5,1553,cycle,25,1191,val,0.0361,0.9599,0.9462,0.9845,0.9943,0.9712,mean,0,-1,-1,-1,-1
pneumoniamnist,active,mc_bald,17,pneumoniamnist-final_active_best-mc_bald-init3p-batch3pb-epc5-budget30p-17.pth,141,42,1412,3.0,30.0,3.0,5,1553,cycle,26,1233,val,0.0204,0.9714,0.9629,0.9936,0.9978,0.9814,mean,1,-1,-1,-1,-1
pneumoniamnist,active,mc_bald,17,pneumoniamnist-final_active_best-mc_bald-init3p-batch3pb-epc5-budget30p-17.pth,141,42,1412,3.0,30.0,3.0,5,1553,cycle,27,1275,val,0.042,0.9695,0.9603,0.9948,0.9983,0.9807,mean,0,-1,-1,-1,-1
pneumoniamnist,active,mc_bald,17,pneumoniamnist-final_active_best-mc_bald-init3p-batch3pb-epc5-budget30p-17.pth,141,42,1412,3.0,30.0,3.0,5,1553,cycle,28,1317,val,0.0062,0.979,0.9725,0.9949,0.9983,0.9862,mean,1,-1,-1,-1,-1
pneumoniamnist,active,mc_bald,17,pneumoniamnist-final_active_best-mc_bald-init3p-batch3pb-epc5-budget30p-17.pth,141,42,1412,3.0,30.0,3.0,5,1553,cycle,29,1359,val,0.0216,0.9771,0.9696,0.9964,0.9988,0.9855,mean,0,-1,-1,-1,-1
pneumoniamnist,active,mc_bald,17,pneumoniamnist-final_active_best-mc_bald-init3p-batch3pb-epc5-budget30p-17.pth,141,42,1412,3.0,30.0,3.0,5,1553,cycle,30,1401,val,0.0097,0.9752,0.9675,0.9963,0.9987,0.9844,mean,0,-1,-1,-1,-1
pneumoniamnist,active,mc_bald,17,pneumoniamnist-final_active_best-mc_bald-init3p-batch3pb-epc5-budget30p-17.pth,141,42,1412,3.0,30.0,3.0,5,1553,cycle,31,1443,val,0.0213,0.9542,0.9373,0.9839,0.9912,0.9666,mean,0,-1,-1,-1,-1
pneumoniamnist,active,mc_bald,17,pneumoniamnist-final_active_best-mc_bald-init3p-batch3pb-epc5-budget30p-17.pth,141,42,1412,3.0,30.0,3.0,5,1553,cycle,32,1485,val,0.0093,0.9637,0.9527,0.9904,0.9961,0.9758,mean,0,-1,-1,-1,-1
pneumoniamnist,active,mc_bald,17,pneumoniamnist-final_active_best-mc_bald-init3p-batch3pb-epc5-budget30p-17.pth,141,42,1412,3.0,30.0,3.0,5,1553,cycle,33,1553,val,0.0139,0.9771,0.9702,0.9966,0.9989,0.9857,mean,0,-1,-1,-1,-1
pneumoniamnist,active,mc_bald,17,pneumoniamnist-final_active_best-mc_bald-init3p-batch3pb-epc5-budget30p-17.pth,141,42,1412,3.0,30.0,3.0,5,1553,final,-1,1317,test,-1,0.8654,0.8438,0.8613,0.8488,,mean,-1,386,80,154,4
pneumoniamnist,active,mc_bald,246,pneumoniamnist-final_active_best-mc_bald-init3p-batch3pb-epc5-budget30p-246.pth,141,42,1412,3.0,30.0,3.0,5,1553,cycle,0,141,val,0.3037,0.7424,0.4261,0.4856,0.7433,0.5993,mean,1,-1,-1,-1,-1
pneumoniamnist,active,mc_bald,246,pneumoniamnist-final_active_best-mc_bald-init3p-batch3pb-epc5-budget30p-246.pth,141,42,1412,3.0,30.0,3.0,5,1553,cycle,1,183,val,0.1501,0.7424,0.4261,0.1946,0.5944,0.4894,mean,0,-1,-1,-1,-1
pneumoniamnist,active,mc_bald,246,pneumoniamnist-final_active_best-mc_bald-init3p-batch3pb-epc5-budget30p-246.pth,141,42,1412,3.0,30.0,3.0,5,1553,cycle,2,225,val,0.1078,0.7424,0.4261,0.8105,0.9291,0.727,mean,1,-1,-1,-1,-1
pneumoniamnist,active,mc_bald,246,pneumoniamnist-final_active_best-mc_bald-init3p-batch3pb-epc5-budget30p-246.pth,141,42,1412,3.0,30.0,3.0,5,1553,cycle,3,267,val,0.0565,0.8721,0.7983,0.9373,0.9762,0.896,mean,1,-1,-1,-1,-1
pneumoniamnist,active,mc_bald,246,pneumoniamnist-final_active_best-mc_bald-init3p-batch3pb-epc5-budget30p-246.pth,141,42,1412,3.0,30.0,3.0,5,1553,cycle,4,309,val,0.1204,0.8855,0.8551,0.9494,0.9841,0.9185,mean,1,-1,-1,-1,-1
pneumoniamnist,active,mc_bald,246,pneumoniamnist-final_active_best-mc_bald-init3p-batch3pb-epc5-budget30p-246.pth,141,42,1412,3.0,30.0,3.0,5,1553,cycle,5,351,val,0.0506,0.9351,0.9186,0.9786,0.9923,0.9562,mean,1,-1,-1,-1,-1
pneumoniamnist,active,mc_bald,246,pneumoniamnist-final_active_best-mc_bald-init3p-batch3pb-epc5-budget30p-246.pth,141,42,1412,3.0,30.0,3.0,5,1553,cycle,6,393,val,0.0539,0.9542,0.9389,0.9823,0.9928,0.9671,mean,1,-1,-1,-1,-1
pneumoniamnist,active,mc_bald,246,pneumoniamnist-final_active_best-mc_bald-init3p-batch3pb-epc5-budget30p-246.pth,141,42,1412,3.0,30.0,3.0,5,1553,cycle,7,435,val,0.0873,0.876,0.8555,0.9548,0.9863,0.9181,mean,0,-1,-1,-1,-1
pneumoniamnist,active,mc_bald,246,pneumoniamnist-final_active_best-mc_bald-init3p-batch3pb-epc5-budget30p-246.pth,141,42,1412,3.0,30.0,3.0,5,1553,cycle,8,477,val,0.0739,0.9542,0.9404,0.9913,0.997,0.9707,mean,1,-1,-1,-1,-1
pneumoniamnist,active,mc_bald,246,pneumoniamnist-final_active_best-mc_bald-init3p-batch3pb-epc5-budget30p-246.pth,141,42,1412,3.0,30.0,3.0,5,1553,cycle,9,519,val,0.0747,0.8168,0.6692,0.9344,0.9747,0.8488,mean,0,-1,-1,-1,-1
pneumoniamnist,active,mc_bald,246,pneumoniamnist-final_active_best-mc_bald-init3p-batch3pb-epc5-budget30p-246.pth,141,42,1412,3.0,30.0,3.0,5,1553,cycle,10,561,val,0.0281,0.9389,0.9234,0.9876,0.9958,0.9614,mean,0,-1,-1,-1,-1
pneumoniamnist,active,mc_bald,246,pneumoniamnist-final_active_best-mc_bald-init3p-batch3pb-epc5-budget30p-246.pth,141,42,1412,3.0,30.0,3.0,5,1553,cycle,11,603,val,0.0584,0.9599,0.9472,0.9933,0.9977,0.9746,mean,1,-1,-1,-1,-1
pneumoniamnist,active,mc_bald,246,pneumoniamnist-final_active_best-mc_bald-init3p-batch3pb-epc5-budget30p-246.pth,141,42,1412,3.0,30.0,3.0,5,1553,cycle,12,645,val,0.1,0.8931,0.8378,0.9865,0.9948,0.928,mean,0,-1,-1,-1,-1
pneumoniamnist,active,mc_bald,246,pneumoniamnist-final_active_best-mc_bald-init3p-batch3pb-epc5-budget30p-246.pth,141,42,1412,3.0,30.0,3.0,5,1553,cycle,13,687,val,0.0289,0.937,0.9228,0.9926,0.9975,0.9625,mean,0,-1,-1,-1,-1
pneumoniamnist,active,mc_bald,246,pneumoniamnist-final_active_best-mc_bald-init3p-batch3pb-epc5-budget30p-246.pth,141,42,1412,3.0,30.0,3.0,5,1553,cycle,14,729,val,0.0429,0.9771,0.9702,0.9925,0.9977,0.9844,mean,1,-1,-1,-1,-1
pneumoniamnist,active,mc_bald,246,pneumoniamnist-final_active_best-mc_bald-init3p-batch3pb-epc5-budget30p-246.pth,141,42,1412,3.0,30.0,3.0,5,1553,cycle,15,771,val,0.0608,0.9599,0.947,0.9898,0.9966,0.9733,mean,0,-1,-1,-1,-1
pneumoniamnist,active,mc_bald,246,pneumoniamnist-final_active_best-mc_bald-init3p-batch3pb-epc5-budget30p-246.pth,141,42,1412,3.0,30.0,3.0,5,1553,cycle,16,813,val,0.0591,0.9447,0.9288,0.9912,0.997,0.9654,mean,0,-1,-1,-1,-1
pneumoniamnist,active,mc_bald,246,pneumoniamnist-final_active_best-mc_bald-init3p-batch3pb-epc5-budget30p-246.pth,141,42,1412,3.0,30.0,3.0,5,1553,cycle,17,855,val,0.035,0.9351,0.9203,0.994,0.9979,0.9618,mean,0,-1,-1,-1,-1
pneumoniamnist,active,mc_bald,246,pneumoniamnist-final_active_best-mc_bald-init3p-batch3pb-epc5-budget30p-246.pth,141,42,1412,3.0,30.0,3.0,5,1553,cycle,18,897,val,0.0579,0.9504,0.9361,0.9868,0.9954,0.9672,mean,0,-1,-1,-1,-1
pneumoniamnist,active,mc_bald,246,pneumoniamnist-final_active_best-mc_bald-init3p-batch3pb-epc5-budget30p-246.pth,141,42,1412,3.0,30.0,3.0,5,1553,cycle,19,939,val,0.0661,0.9637,0.9536,0.9934,0.9977,0.9771,mean,0,-1,-1,-1,-1
pneumoniamnist,active,mc_bald,246,pneumoniamnist-final_active_best-mc_bald-init3p-batch3pb-epc5-budget30p-246.pth,141,42,1412,3.0,30.0,3.0,5,1553,cycle,20,981,val,0.0486,0.9466,0.9341,0.9956,0.9985,0.9687,mean,0,-1,-1,-1,-1
pneumoniamnist,active,mc_bald,246,pneumoniamnist-final_active_best-mc_bald-init3p-batch3pb-epc5-budget30p-246.pth,141,42,1412,3.0,30.0,3.0,5,1553,cycle,21,1023,val,0.0359,0.9542,0.9366,0.9888,0.9955,0.9688,mean,0,-1,-1,-1,-1
pneumoniamnist,active,mc_bald,246,pneumoniamnist-final_active_best-mc_bald-init3p-batch3pb-epc5-budget30p-246.pth,141,42,1412,3.0,30.0,3.0,5,1553,cycle,22,1065,val,0.0192,0.9637,0.9534,0.9942,0.998,0.9773,mean,0,-1,-1,-1,-1
pneumoniamnist,active,mc_bald,246,pneumoniamnist-final_active_best-mc_bald-init3p-batch3pb-epc5-budget30p-246.pth,141,42,1412,3.0,30.0,3.0,5,1553,cycle,23,1107,val,0.0649,0.9714,0.9625,0.9951,0.9983,0.9818,mean,0,-1,-1,-1,-1
pneumoniamnist,active,mc_bald,246,pneumoniamnist-final_active_best-mc_bald-init3p-batch3pb-epc5-budget30p-246.pth,141,42,1412,3.0,30.0,3.0,5,1553,cycle,24,1149,val,0.0353,0.9771,0.9699,0.9968,0.9989,0.9857,mean,1,-1,-1,-1,-1
pneumoniamnist,active,mc_bald,246,pneumoniamnist-final_active_best-mc_bald-init3p-batch3pb-epc5-budget30p-246.pth,141,42,1412,3.0,30.0,3.0,5,1553,cycle,25,1191,val,0.0435,0.916,0.8992,0.9918,0.9973,0.9511,mean,0,-1,-1,-1,-1
pneumoniamnist,active,mc_bald,246,pneumoniamnist-final_active_best-mc_bald-init3p-batch3pb-epc5-budget30p-246.pth,141,42,1412,3.0,30.0,3.0,5,1553,cycle,26,1233,val,0.0352,0.9504,0.9385,0.9961,0.9987,0.9709,mean,0,-1,-1,-1,-1
pneumoniamnist,active,mc_bald,246,pneumoniamnist-final_active_best-mc_bald-init3p-batch3pb-epc5-budget30p-246.pth,141,42,1412,3.0,30.0,3.0,5,1553,cycle,27,1275,val,0.0103,0.9676,0.9575,0.9966,0.9988,0.9801,mean,0,-1,-1,-1,-1
pneumoniamnist,active,mc_bald,246,pneumoniamnist-final_active_best-mc_bald-init3p-batch3pb-epc5-budget30p-246.pth,141,42,1412,3.0,30.0,3.0,5,1553,cycle,28,1317,val,0.0088,0.9714,0.9623,0.9957,0.9985,0.982,mean,0,-1,-1,-1,-1
pneumoniamnist,active,mc_bald,246,pneumoniamnist-final_active_best-mc_bald-init3p-batch3pb-epc5-budget30p-246.pth,141,42,1412,3.0,30.0,3.0,5,1553,cycle,29,1359,val,0.0302,0.9676,0.9581,0.9946,0.9982,0.9796,mean,0,-1,-1,-1,-1
pneumoniamnist,active,mc_bald,246,pneumoniamnist-final_active_best-mc_bald-init3p-batch3pb-epc5-budget30p-246.pth,141,42,1412,3.0,30.0,3.0,5,1553,cycle,30,1401,val,0.0202,0.9618,0.951,0.9953,0.9984,0.9766,mean,0,-1,-1,-1,-1
pneumoniamnist,active,mc_bald,246,pneumoniamnist-final_active_best-mc_bald-init3p-batch3pb-epc5-budget30p-246.pth,141,42,1412,3.0,30.0,3.0,5,1553,cycle,31,1443,val,0.0041,0.9695,0.9605,0.996,0.9987,0.9812,mean,0,-1,-1,-1,-1
pneumoniamnist,active,mc_bald,246,pneumoniamnist-final_active_best-mc_bald-init3p-batch3pb-epc5-budget30p-246.pth,141,42,1412,3.0,30.0,3.0,5,1553,cycle,32,1485,val,0.0036,0.9752,0.9678,0.9951,0.9984,0.9841,mean,0,-1,-1,-1,-1
pneumoniamnist,active,mc_bald,246,pneumoniamnist-final_active_best-mc_bald-init3p-batch3pb-epc5-budget30p-246.pth,141,42,1412,3.0,30.0,3.0,5,1553,cycle,33,1553,val,0.0081,0.9733,0.9649,0.989,0.9951,0.9806,mean,0,-1,-1,-1,-1
pneumoniamnist,active,mc_bald,246,pneumoniamnist-final_active_best-mc_bald-init3p-batch3pb-epc5-budget30p-246.pth,141,42,1412,3.0,30.0,3.0,5,1553,final,-1,1149,test,-1,0.851,0.8233,0.9338,0.9404,,mean,-1,389,92,142,1
pneumoniamnist,active,mc_bald,9012,pneumoniamnist-final_active_best-mc_bald-init3p-batch3pb-epc5-budget30p-9012.pth,141,42,1412,3.0,30.0,3.0,5,1553,cycle,0,141,val,0.2974,0.7424,0.4261,0.6218,0.8146,0.6512,mean,1,-1,-1,-1,-1
pneumoniamnist,active,mc_bald,9012,pneumoniamnist-final_active_best-mc_bald-init3p-batch3pb-epc5-budget30p-9012.pth,141,42,1412,3.0,30.0,3.0,5,1553,cycle,1,183,val,0.1147,0.7424,0.4261,0.7468,0.8753,0.6976,mean,1,-1,-1,-1,-1
pneumoniamnist,active,mc_bald,9012,pneumoniamnist-final_active_best-mc_bald-init3p-batch3pb-epc5-budget30p-9012.pth,141,42,1412,3.0,30.0,3.0,5,1553,cycle,2,225,val,0.0983,0.771,0.5332,0.8972,0.9585,0.79,mean,1,-1,-1,-1,-1
pneumoniamnist,active,mc_bald,9012,pneumoniamnist-final_active_best-mc_bald-init3p-batch3pb-epc5-budget30p-9012.pth,141,42,1412,3.0,30.0,3.0,5,1553,cycle,3,267,val,0.0831,0.9447,0.926,0.98,0.9928,0.9609,mean,1,-1,-1,-1,-1
pneumoniamnist,active,mc_bald,9012,pneumoniamnist-final_active_best-mc_bald-init3p-batch3pb-epc5-budget30p-9012.pth,141,42,1412,3.0,30.0,3.0,5,1553,cycle,4,309,val,0.1169,0.9485,0.9318,0.9794,0.9926,0.9631,mean,1,-1,-1,-1,-1
pneumoniamnist,active,mc_bald,9012,pneumoniamnist-final_active_best-mc_bald-init3p-batch3pb-epc5-budget30p-9012.pth,141,42,1412,3.0,30.0,3.0,5,1553,cycle,5,351,val,0.1127,0.8721,0.853,0.9866,0.9954,0.9268,mean,0,-1,-1,-1,-1
pneumoniamnist,active,mc_bald,9012,pneumoniamnist-final_active_best-mc_bald-init3p-batch3pb-epc5-budget30p-9012.pth,141,42,1412,3.0,30.0,3.0,5,1553,cycle,6,393,val,0.0943,0.916,0.8782,0.9627,0.9852,0.9355,mean,0,-1,-1,-1,-1
pneumoniamnist,active,mc_bald,9012,pneumoniamnist-final_active_best-mc_bald-init3p-batch3pb-epc5-budget30p-9012.pth,141,42,1412,3.0,30.0,3.0,5,1553,cycle,7,435,val,0.0687,0.9427,0.9288,0.9893,0.9963,0.9643,mean,1,-1,-1,-1,-1
pneumoniamnist,active,mc_bald,9012,pneumoniamnist-final_active_best-mc_bald-init3p-batch3pb-epc5-budget30p-9012.pth,141,42,1412,3.0,30.0,3.0,5,1553,cycle,8,477,val,0.0753,0.9561,0.943,0.9891,0.9965,0.9712,mean,1,-1,-1,-1,-1
pneumoniamnist,active,mc_bald,9012,pneumoniamnist-final_active_best-mc_bald-init3p-batch3pb-epc5-budget30p-9012.pth,141,42,1412,3.0,30.0,3.0,5,1553,cycle,9,519,val,0.076,0.9561,0.9441,0.9942,0.9981,0.9731,mean,1,-1,-1,-1,-1
pneumoniamnist,active,mc_bald,9012,pneumoniamnist-final_active_best-mc_bald-init3p-batch3pb-epc5-budget30p-9012.pth,141,42,1412,3.0,30.0,3.0,5,1553,cycle,10,561,val,0.0935,0.9485,0.9322,0.982,0.9941,0.9642,mean,0,-1,-1,-1,-1
pneumoniamnist,active,mc_bald,9012,pneumoniamnist-final_active_best-mc_bald-init3p-batch3pb-epc5-budget30p-9012.pth,141,42,1412,3.0,30.0,3.0,5,1553,cycle,11,603,val,0.0551,0.9542,0.9404,0.9889,0.996,0.9699,mean,0,-1,-1,-1,-1
pneumoniamnist,active,mc_bald,9012,pneumoniamnist-final_active_best-mc_bald-init3p-batch3pb-epc5-budget30p-9012.pth,141,42,1412,3.0,30.0,3.0,5,1553,cycle,12,645,val,0.0805,0.9504,0.9351,0.9911,0.997,0.9684,mean,0,-1,-1,-1,-1
pneumoniamnist,active,mc_bald,9012,pneumoniamnist-final_active_best-mc_bald-init3p-batch3pb-epc5-budget30p-9012.pth,141,42,1412,3.0,30.0,3.0,5,1553,cycle,13,687,val,0.0629,0.9237,0.908,0.9908,0.997,0.9549,mean,0,-1,-1,-1,-1
pneumoniamnist,active,mc_bald,9012,pneumoniamnist-final_active_best-mc_bald-init3p-batch3pb-epc5-budget30p-9012.pth,141,42,1412,3.0,30.0,3.0,5,1553,cycle,14,729,val,0.0448,0.958,0.9456,0.992,0.9973,0.9732,mean,1,-1,-1,-1,-1
pneumoniamnist,active,mc_bald,9012,pneumoniamnist-final_active_best-mc_bald-init3p-batch3pb-epc5-budget30p-9012.pth,141,42,1412,3.0,30.0,3.0,5,1553,cycle,15,771,val,0.0579,0.9504,0.938,0.9947,0.9982,0.9703,mean,0,-1,-1,-1,-1
pneumoniamnist,active,mc_bald,9012,pneumoniamnist-final_active_best-mc_bald-init3p-batch3pb-epc5-budget30p-9012.pth,141,42,1412,3.0,30.0,3.0,5,1553,cycle,16,813,val,0.039,0.9504,0.9375,0.9918,0.9972,0.9692,mean,0,-1,-1,-1,-1
pneumoniamnist,active,mc_bald,9012,pneumoniamnist-final_active_best-mc_bald-init3p-batch3pb-epc5-budget30p-9012.pth,141,42,1412,3.0,30.0,3.0,5,1553,cycle,17,855,val,0.0758,0.9599,0.9453,0.989,0.9948,0.9722,mean,0,-1,-1,-1,-1
pneumoniamnist,active,mc_bald,9012,pneumoniamnist-final_active_best-mc_bald-init3p-batch3pb-epc5-budget30p-9012.pth,141,42,1412,3.0,30.0,3.0,5,1553,cycle,18,897,val,0.0332,0.9618,0.9483,0.9835,0.9921,0.9714,mean,0,-1,-1,-1,-1
pneumoniamnist,active,mc_bald,9012,pneumoniamnist-final_active_best-mc_bald-init3p-batch3pb-epc5-budget30p-9012.pth,141,42,1412,3.0,30.0,3.0,5,1553,cycle,19,939,val,0.0332,0.9637,0.9513,0.9821,0.9913,0.9721,mean,0,-1,-1,-1,-1
pneumoniamnist,active,mc_bald,9012,pneumoniamnist-final_active_best-mc_bald-init3p-batch3pb-epc5-budget30p-9012.pth,141,42,1412,3.0,30.0,3.0,5,1553,cycle,20,981,val,0.0509,0.9294,0.8991,0.9674,0.9827,0.9447,mean,0,-1,-1,-1,-1
pneumoniamnist,active,mc_bald,9012,pneumoniamnist-final_active_best-mc_bald-init3p-batch3pb-epc5-budget30p-9012.pth,141,42,1412,3.0,30.0,3.0,5,1553,cycle,21,1023,val,0.0188,0.9561,0.9446,0.9956,0.9985,0.9737,mean,1,-1,-1,-1,-1
pneumoniamnist,active,mc_bald,9012,pneumoniamnist-final_active_best-mc_bald-init3p-batch3pb-epc5-budget30p-9012.pth,141,42,1412,3.0,30.0,3.0,5,1553,cycle,22,1065,val,0.045,0.9676,0.9575,0.9931,0.9976,0.9789,mean,1,-1,-1,-1,-1
pneumoniamnist,active,mc_bald,9012,pneumoniamnist-final_active_best-mc_bald-init3p-batch3pb-epc5-budget30p-9012.pth,141,42,1412,3.0,30.0,3.0,5,1553,cycle,23,1107,val,0.0352,0.9695,0.9593,0.9931,0.9973,0.9798,mean,1,-1,-1,-1,-1
pneumoniamnist,active,mc_bald,9012,pneumoniamnist-final_active_best-mc_bald-init3p-batch3pb-epc5-budget30p-9012.pth,141,42,1412,3.0,30.0,3.0,5,1553,cycle,24,1149,val,0.0192,0.9676,0.9581,0.9941,0.998,0.9795,mean,0,-1,-1,-1,-1
pneumoniamnist,active,mc_bald,9012,pneumoniamnist-final_active_best-mc_bald-init3p-batch3pb-epc5-budget30p-9012.pth,141,42,1412,3.0,30.0,3.0,5,1553,cycle,25,1191,val,0.0318,0.9656,0.9557,0.9897,0.9948,0.9765,mean,0,-1,-1,-1,-1
pneumoniamnist,active,mc_bald,9012,pneumoniamnist-final_active_best-mc_bald-init3p-batch3pb-epc5-budget30p-9012.pth,141,42,1412,3.0,30.0,3.0,5,1553,cycle,26,1233,val,0.0142,0.9752,0.967,0.9852,0.9908,0.9795,mean,0,-1,-1,-1,-1
pneumoniamnist,active,mc_bald,9012,pneumoniamnist-final_active_best-mc_bald-init3p-batch3pb-epc5-budget30p-9012.pth,141,42,1412,3.0,30.0,3.0,5,1553,cycle,27,1275,val,0.0239,0.9714,0.9621,0.9911,0.9966,0.9803,mean,1,-1,-1,-1,-1
pneumoniamnist,active,mc_bald,9012,pneumoniamnist-final_active_best-mc_bald-init3p-batch3pb-epc5-budget30p-9012.pth,141,42,1412,3.0,30.0,3.0,5,1553,cycle,28,1317,val,0.0122,0.9695,0.9599,0.9898,0.9948,0.9785,mean,0,-1,-1,-1,-1
pneumoniamnist,active,mc_bald,9012,pneumoniamnist-final_active_best-mc_bald-init3p-batch3pb-epc5-budget30p-9012.pth,141,42,1412,3.0,30.0,3.0,5,1553,cycle,29,1359,val,0.0084,0.9656,0.9547,0.9883,0.9916,0.975,mean,0,-1,-1,-1,-1
pneumoniamnist,active,mc_bald,9012,pneumoniamnist-final_active_best-mc_bald-init3p-batch3pb-epc5-budget30p-9012.pth,141,42,1412,3.0,30.0,3.0,5,1553,cycle,30,1401,val,0.0211,0.9637,0.9538,0.9949,0.9983,0.9777,mean,0,-1,-1,-1,-1
pneumoniamnist,active,mc_bald,9012,pneumoniamnist-final_active_best-mc_bald-init3p-batch3pb-epc5-budget30p-9012.pth,141,42,1412,3.0,30.0,3.0,5,1553,cycle,31,1443,val,0.0224,0.9714,0.9623,0.989,0.9931,0.9789,mean,0,-1,-1,-1,-1
pneumoniamnist,active,mc_bald,9012,pneumoniamnist-final_active_best-mc_bald-init3p-batch3pb-epc5-budget30p-9012.pth,141,42,1412,3.0,30.0,3.0,5,1553,cycle,32,1485,val,0.012,0.9714,0.9627,0.9932,0.9974,0.9811,mean,1,-1,-1,-1,-1
pneumoniamnist,active,mc_bald,9012,pneumoniamnist-final_active_best-mc_bald-init3p-batch3pb-epc5-budget30p-9012.pth,141,42,1412,3.0,30.0,3.0,5,1553,cycle,33,1553,val,0.0185,0.9714,0.9627,0.9958,0.9986,0.9821,mean,1,-1,-1,-1,-1
pneumoniamnist,active,mc_bald,9012,pneumoniamnist-final_active_best-mc_bald-init3p-batch3pb-epc5-budget30p-9012.pth,141,42,1412,3.0,30.0,3.0,5,1553,final,-1,1553,test,-1,0.8494,0.8227,0.9437,0.9463,,mean,-1,386,90,144,4
pneumoniamnist,active,mc_bald,34895,pneumoniamnist-final_active_best-mc_bald-init3p-batch3pb-epc5-budget30p-34895.pth,141,42,1412,3.0,30.0,3.0,5,1553,cycle,0,141,val,0.4221,0.7424,0.4261,0.3237,0.6798,0.543,mean,1,-1,-1,-1,-1
pneumoniamnist,active,mc_bald,34895,pneumoniamnist-final_active_best-mc_bald-init3p-batch3pb-epc5-budget30p-34895.pth,141,42,1412,3.0,30.0,3.0,5,1553,cycle,1,183,val,0.1398,0.7424,0.4261,0.3421,0.7158,0.5566,mean,1,-1,-1,-1,-1
pneumoniamnist,active,mc_bald,34895,pneumoniamnist-final_active_best-mc_bald-init3p-batch3pb-epc5-budget30p-34895.pth,141,42,1412,3.0,30.0,3.0,5,1553,cycle,2,225,val,0.1224,0.7424,0.4261,0.393,0.6945,0.564,mean,1,-1,-1,-1,-1
pneumoniamnist,active,mc_bald,34895,pneumoniamnist-final_active_best-mc_bald-init3p-batch3pb-epc5-budget30p-34895.pth,141,42,1412,3.0,30.0,3.0,5,1553,cycle,3,267,val,0.1034,0.9122,0.8735,0.9526,0.9753,0.9284,mean,1,-1,-1,-1,-1
pneumoniamnist,active,mc_bald,34895,pneumoniamnist-final_active_best-mc_bald-init3p-batch3pb-epc5-budget30p-34895.pth,141,42,1412,3.0,30.0,3.0,5,1553,cycle,4,309,val,0.1023,0.9389,0.9213,0.9793,0.9922,0.9579,mean,1,-1,-1,-1,-1
pneumoniamnist,active,mc_bald,34895,pneumoniamnist-final_active_best-mc_bald-init3p-batch3pb-epc5-budget30p-34895.pth,141,42,1412,3.0,30.0,3.0,5,1553,cycle,5,351,val,0.1457,0.9179,0.8855,0.9651,0.9869,0.9388,mean,0,-1,-1,-1,-1
pneumoniamnist,active,mc_bald,34895,pneumoniamnist-final_active_best-mc_bald-init3p-batch3pb-epc5-budget30p-34895.pth,141,42,1412,3.0,30.0,3.0,5,1553,cycle,6,393,val,0.0775,0.9027,0.8547,0.9604,0.9829,0.9252,mean,0,-1,-1,-1,-1
pneumoniamnist,active,mc_bald,34895,pneumoniamnist-final_active_best-mc_bald-init3p-batch3pb-epc5-budget30p-34895.pth,141,42,1412,3.0,30.0,3.0,5,1553,cycle,7,435,val,0.0893,0.9332,0.9157,0.9721,0.9887,0.9524,mean,0,-1,-1,-1,-1
pneumoniamnist,active,mc_bald,34895,pneumoniamnist-final_active_best-mc_bald-init3p-batch3pb-epc5-budget30p-34895.pth,141,42,1412,3.0,30.0,3.0,5,1553,cycle,8,477,val,0.0474,0.9466,0.9324,0.983,0.9914,0.9633,mean,1,-1,-1,-1,-1
pneumoniamnist,active,mc_bald,34895,pneumoniamnist-final_active_best-mc_bald-init3p-batch3pb-epc5-budget30p-34895.pth,141,42,1412,3.0,30.0,3.0,5,1553,cycle,9,519,val,0.06,0.9523,0.9345,0.9872,0.9948,0.9672,mean,1,-1,-1,-1,-1
pneumoniamnist,active,mc_bald,34895,pneumoniamnist-final_active_best-mc_bald-init3p-batch3pb-epc5-budget30p-34895.pth,141,42,1412,3.0,30.0,3.0,5,1553,cycle,10,561,val,0.0473,0.9447,0.9307,0.9867,0.9947,0.9642,mean,0,-1,-1,-1,-1
pneumoniamnist,active,mc_bald,34895,pneumoniamnist-final_active_best-mc_bald-init3p-batch3pb-epc5-budget30p-34895.pth,141,42,1412,3.0,30.0,3.0,5,1553,cycle,11,603,val,0.0613,0.9523,0.9369,0.9855,0.9947,0.9673,mean,1,-1,-1,-1,-1
pneumoniamnist,active,mc_bald,34895,pneumoniamnist-final_active_best-mc_bald-init3p-batch3pb-epc5-budget30p-34895.pth,141,42,1412,3.0,30.0,3.0,5,1553,cycle,12,645,val,0.0645,0.9485,0.9355,0.9919,0.9972,0.9683,mean,1,-1,-1,-1,-1
pneumoniamnist,active,mc_bald,34895,pneumoniamnist-final_active_best-mc_bald-init3p-batch3pb-epc5-budget30p-34895.pth,141,42,1412,3.0,30.0,3.0,5,1553,cycle,13,687,val,0.071,0.8931,0.874,0.9841,0.992,0.9358,mean,0,-1,-1,-1,-1
pneumoniamnist,active,mc_bald,34895,pneumoniamnist-final_active_best-mc_bald-init3p-batch3pb-epc5-budget30p-34895.pth,141,42,1412,3.0,30.0,3.0,5,1553,cycle,14,729,val,0.0561,0.9141,0.8975,0.9913,0.9972,0.95,mean,0,-1,-1,-1,-1
pneumoniamnist,active,mc_bald,34895,pneumoniamnist-final_active_best-mc_bald-init3p-batch3pb-epc5-budget30p-34895.pth,141,42,1412,3.0,30.0,3.0,5,1553,cycle,15,771,val,0.0309,0.9676,0.9564,0.9844,0.993,0.9754,mean,1,-1,-1,-1,-1
pneumoniamnist,active,mc_bald,34895,pneumoniamnist-final_active_best-mc_bald-init3p-batch3pb-epc5-budget30p-34895.pth,141,42,1412,3.0,30.0,3.0,5,1553,cycle,16,813,val,0.055,0.9618,0.9486,0.9888,0.9951,0.9736,mean,0,-1,-1,-1,-1
pneumoniamnist,active,mc_bald,34895,pneumoniamnist-final_active_best-mc_bald-init3p-batch3pb-epc5-budget30p-34895.pth,141,42,1412,3.0,30.0,3.0,5,1553,cycle,17,855,val,0.0639,0.9198,0.8837,0.9854,0.9949,0.946,mean,0,-1,-1,-1,-1
pneumoniamnist,active,mc_bald,34895,pneumoniamnist-final_active_best-mc_bald-init3p-batch3pb-epc5-budget30p-34895.pth,141,42,1412,3.0,30.0,3.0,5,1553,cycle,18,897,val,0.0711,0.9427,0.9291,0.9922,0.9975,0.9654,mean,0,-1,-1,-1,-1
pneumoniamnist,active,mc_bald,34895,pneumoniamnist-final_active_best-mc_bald-init3p-batch3pb-epc5-budget30p-34895.pth,141,42,1412,3.0,30.0,3.0,5,1553,cycle,19,939,val,0.0299,0.958,0.9446,0.9886,0.9958,0.9717,mean,0,-1,-1,-1,-1
pneumoniamnist,active,mc_bald,34895,pneumoniamnist-final_active_best-mc_bald-init3p-batch3pb-epc5-budget30p-34895.pth,141,42,1412,3.0,30.0,3.0,5,1553,cycle,20,981,val,0.0472,0.9676,0.9573,0.9917,0.9972,0.9784,mean,1,-1,-1,-1,-1
pneumoniamnist,active,mc_bald,34895,pneumoniamnist-final_active_best-mc_bald-init3p-batch3pb-epc5-budget30p-34895.pth,141,42,1412,3.0,30.0,3.0,5,1553,cycle,21,1023,val,0.0397,0.9695,0.9601,0.9946,0.9983,0.9806,mean,1,-1,-1,-1,-1
pneumoniamnist,active,mc_bald,34895,pneumoniamnist-final_active_best-mc_bald-init3p-batch3pb-epc5-budget30p-34895.pth,141,42,1412,3.0,30.0,3.0,5,1553,cycle,22,1065,val,0.0436,0.9389,0.9159,0.9726,0.9867,0.9535,mean,0,-1,-1,-1,-1
pneumoniamnist,active,mc_bald,34895,pneumoniamnist-final_active_best-mc_bald-init3p-batch3pb-epc5-budget30p-34895.pth,141,42,1412,3.0,30.0,3.0,5,1553,cycle,23,1107,val,0.0355,0.8931,0.8745,0.9919,0.9972,0.9392,mean,0,-1,-1,-1,-1
pneumoniamnist,active,mc_bald,34895,pneumoniamnist-final_active_best-mc_bald-init3p-batch3pb-epc5-budget30p-34895.pth,141,42,1412,3.0,30.0,3.0,5,1553,cycle,24,1149,val,0.0177,0.937,0.9121,0.9822,0.9932,0.9561,mean,0,-1,-1,-1,-1
pneumoniamnist,active,mc_bald,34895,pneumoniamnist-final_active_best-mc_bald-init3p-batch3pb-epc5-budget30p-34895.pth,141,42,1412,3.0,30.0,3.0,5,1553,cycle,25,1191,val,0.0301,0.9676,0.9571,0.9862,0.9939,0.9762,mean,0,-1,-1,-1,-1
pneumoniamnist,active,mc_bald,34895,pneumoniamnist-final_active_best-mc_bald-init3p-batch3pb-epc5-budget30p-34895.pth,141,42,1412,3.0,30.0,3.0,5,1553,cycle,26,1233,val,0.0255,0.9523,0.9387,0.9906,0.997,0.9696,mean,0,-1,-1,-1,-1
pneumoniamnist,active,mc_bald,34895,pneumoniamnist-final_active_best-mc_bald-init3p-batch3pb-epc5-budget30p-34895.pth,141,42,1412,3.0,30.0,3.0,5,1553,cycle,27,1275,val,0.0209,0.9771,0.9701,0.9898,0.9958,0.9832,mean,1,-1,-1,-1,-1
pneumoniamnist,active,mc_bald,34895,pneumoniamnist-final_active_best-mc_bald-init3p-batch3pb-epc5-budget30p-34895.pth,141,42,1412,3.0,30.0,3.0,5,1553,cycle,28,1317,val,0.0292,0.9389,0.9253,0.993,0.9979,0.9638,mean,0,-1,-1,-1,-1
pneumoniamnist,active,mc_bald,34895,pneumoniamnist-final_active_best-mc_bald-init3p-batch3pb-epc5-budget30p-34895.pth,141,42,1412,3.0,30.0,3.0,5,1553,cycle,29,1359,val,0.0218,0.9485,0.9363,0.9939,0.9981,0.9692,mean,0,-1,-1,-1,-1
pneumoniamnist,active,mc_bald,34895,pneumoniamnist-final_active_best-mc_bald-init3p-batch3pb-epc5-budget30p-34895.pth,141,42,1412,3.0,30.0,3.0,5,1553,cycle,30,1401,val,0.0131,0.9676,0.9571,0.9922,0.9973,0.9785,mean,0,-1,-1,-1,-1
pneumoniamnist,active,mc_bald,34895,pneumoniamnist-final_active_best-mc_bald-init3p-batch3pb-epc5-budget30p-34895.pth,141,42,1412,3.0,30.0,3.0,5,1553,cycle,31,1443,val,0.0121,0.9618,0.951,0.9943,0.9982,0.9763,mean,0,-1,-1,-1,-1
pneumoniamnist,active,mc_bald,34895,pneumoniamnist-final_active_best-mc_bald-init3p-batch3pb-epc5-budget30p-34895.pth,141,42,1412,3.0,30.0,3.0,5,1553,cycle,32,1485,val,0.0184,0.9695,0.9605,0.996,0.9987,0.9812,mean,0,-1,-1,-1,-1
pneumoniamnist,active,mc_bald,34895,pneumoniamnist-final_active_best-mc_bald-init3p-batch3pb-epc5-budget30p-34895.pth,141,42,1412,3.0,30.0,3.0,5,1553,cycle,33,1553,val,0.0251,0.937,0.9121,0.9652,0.9853,0.9499,mean,0,-1,-1,-1,-1
pneumoniamnist,active,mc_bald,34895,pneumoniamnist-final_active_best-mc_bald-init3p-batch3pb-epc5-budget30p-34895.pth,141,42,1412,3.0,30.0,3.0,5,1553,final,-1,1275,test,-1,0.8558,0.8312,0.8995,0.9029,,mean,-1,386,86,148,4
pneumoniamnist,active,mc_bald,148932,pneumoniamnist-final_active_best-mc_bald-init3p-batch3pb-epc5-budget30p-148932.pth,141,42,1412,3.0,30.0,3.0,5,1553,cycle,0,141,val,0.409,0.7424,0.4261,0.5067,0.7738,0.6122,mean,1,-1,-1,-1,-1
pneumoniamnist,active,mc_bald,148932,pneumoniamnist-final_active_best-mc_bald-init3p-batch3pb-epc5-budget30p-148932.pth,141,42,1412,3.0,30.0,3.0,5,1553,cycle,1,183,val,0.1089,0.7424,0.4261,0.3874,0.6957,0.5629,mean,0,-1,-1,-1,-1
pneumoniamnist,active,mc_bald,148932,pneumoniamnist-final_active_best-mc_bald-init3p-batch3pb-epc5-budget30p-148932.pth,141,42,1412,3.0,30.0,3.0,5,1553,cycle,2,225,val,0.1086,0.7424,0.4261,0.5029,0.7454,0.6042,mean,0,-1,-1,-1,-1
pneumoniamnist,active,mc_bald,148932,pneumoniamnist-final_active_best-mc_bald-init3p-batch3pb-epc5-budget30p-148932.pth,141,42,1412,3.0,30.0,3.0,5,1553,cycle,3,267,val,0.0337,0.7729,0.5396,0.7853,0.8813,0.7448,mean,1,-1,-1,-1,-1
pneumoniamnist,active,mc_bald,148932,pneumoniamnist-final_active_best-mc_bald-init3p-batch3pb-epc5-budget30p-148932.pth,141,42,1412,3.0,30.0,3.0,5,1553,cycle,4,309,val,0.0444,0.8664,0.787,0.9178,0.9516,0.8807,mean,1,-1,-1,-1,-1
pneumoniamnist,active,mc_bald,148932,pneumoniamnist-final_active_best-mc_bald-init3p-batch3pb-epc5-budget30p-148932.pth,141,42,1412,3.0,30.0,3.0,5,1553,cycle,5,351,val,0.0814,0.8912,0.8672,0.9631,0.986,0.9269,mean,1,-1,-1,-1,-1
pneumoniamnist,active,mc_bald,148932,pneumoniamnist-final_active_best-mc_bald-init3p-batch3pb-epc5-budget30p-148932.pth,141,42,1412,3.0,30.0,3.0,5,1553,cycle,6,393,val,0.068,0.8378,0.8158,0.9711,0.9896,0.9036,mean,0,-1,-1,-1,-1
pneumoniamnist,active,mc_bald,148932,pneumoniamnist-final_active_best-mc_bald-init3p-batch3pb-epc5-budget30p-148932.pth,141,42,1412,3.0,30.0,3.0,5,1553,cycle,7,435,val,0.0908,0.9141,0.8951,0.9788,0.9923,0.9451,mean,1,-1,-1,-1,-1
pneumoniamnist,active,mc_bald,148932,pneumoniamnist-final_active_best-mc_bald-init3p-batch3pb-epc5-budget30p-148932.pth,141,42,1412,3.0,30.0,3.0,5,1553,cycle,8,477,val,0.0547,0.7214,0.7085,0.9773,0.9919,0.8498,mean,0,-1,-1,-1,-1
pneumoniamnist,active,mc_bald,148932,pneumoniamnist-final_active_best-mc_bald-init3p-batch3pb-epc5-budget30p-148932.pth,141,42,1412,3.0,30.0,3.0,5,1553,cycle,9,519,val,0.0282,0.9408,0.9188,0.9749,0.99,0.9561,mean,1,-1,-1,-1,-1
pneumoniamnist,active,mc_bald,148932,pneumoniamnist-final_active_best-mc_bald-init3p-batch3pb-epc5-budget30p-148932.pth,141,42,1412,3.0,30.0,3.0,5,1553,cycle,10,561,val,0.1127,0.9237,0.8893,0.9825,0.993,0.9471,mean,0,-1,-1,-1,-1
pneumoniamnist,active,mc_bald,148932,pneumoniamnist-final_active_best-mc_bald-init3p-batch3pb-epc5-budget30p-148932.pth,141,42,1412,3.0,30.0,3.0,5,1553,cycle,11,603,val,0.0331,0.9122,0.8938,0.9843,0.9946,0.9462,mean,0,-1,-1,-1,-1
pneumoniamnist,active,mc_bald,148932,pneumoniamnist-final_active_best-mc_bald-init3p-batch3pb-epc5-budget30p-148932.pth,141,42,1412,3.0,30.0,3.0,5,1553,cycle,12,645,val,0.0584,0.9218,0.8869,0.9738,0.9899,0.9431,mean,0,-1,-1,-1,-1
pneumoniamnist,active,mc_bald,148932,pneumoniamnist-final_active_best-mc_bald-init3p-batch3pb-epc5-budget30p-148932.pth,141,42,1412,3.0,30.0,3.0,5,1553,cycle,13,687,val,0.0464,0.9542,0.9373,0.9899,0.9966,0.9695,mean,1,-1,-1,-1,-1
pneumoniamnist,active,mc_bald,148932,pneumoniamnist-final_active_best-mc_bald-init3p-batch3pb-epc5-budget30p-148932.pth,141,42,1412,3.0,30.0,3.0,5,1553,cycle,14,729,val,0.0534,0.9676,0.9571,0.981,0.9923,0.9745,mean,1,-1,-1,-1,-1
pneumoniamnist,active,mc_bald,148932,pneumoniamnist-final_active_best-mc_bald-init3p-batch3pb-epc5-budget30p-148932.pth,141,42,1412,3.0,30.0,3.0,5,1553,cycle,15,771,val,0.0342,0.9447,0.9264,0.9815,0.9911,0.9609,mean,0,-1,-1,-1,-1
pneumoniamnist,active,mc_bald,148932,pneumoniamnist-final_active_best-mc_bald-init3p-batch3pb-epc5-budget30p-148932.pth,141,42,1412,3.0,30.0,3.0,5,1553,cycle,16,813,val,0.0525,0.9275,0.8973,0.9798,0.9925,0.9493,mean,0,-1,-1,-1,-1
pneumoniamnist,active,mc_bald,148932,pneumoniamnist-final_active_best-mc_bald-init3p-batch3pb-epc5-budget30p-148932.pth,141,42,1412,3.0,30.0,3.0,5,1553,cycle,17,855,val,0.0398,0.9313,0.9156,0.9906,0.9968,0.9586,mean,0,-1,-1,-1,-1
pneumoniamnist,active,mc_bald,148932,pneumoniamnist-final_active_best-mc_bald-init3p-batch3pb-epc5-budget30p-148932.pth,141,42,1412,3.0,30.0,3.0,5,1553,cycle,18,897,val,0.0378,0.958,0.9446,0.9822,0.9919,0.9692,mean,0,-1,-1,-1,-1
pneumoniamnist,active,mc_bald,148932,pneumoniamnist-final_active_best-mc_bald-init3p-batch3pb-epc5-budget30p-148932.pth,141,42,1412,3.0,30.0,3.0,5,1553,cycle,19,939,val,0.0834,0.9618,0.9488,0.9922,0.9972,0.975,mean,1,-1,-1,-1,-1
pneumoniamnist,active,mc_bald,148932,pneumoniamnist-final_active_best-mc_bald-init3p-batch3pb-epc5-budget30p-148932.pth,141,42,1412,3.0,30.0,3.0,5,1553,cycle,20,981,val,0.0567,0.9637,0.9536,0.9936,0.9978,0.9772,mean,1,-1,-1,-1,-1
pneumoniamnist,active,mc_bald,148932,pneumoniamnist-final_active_best-mc_bald-init3p-batch3pb-epc5-budget30p-148932.pth,141,42,1412,3.0,30.0,3.0,5,1553,cycle,21,1023,val,0.0678,0.9618,0.9491,0.9931,0.9976,0.9754,mean,0,-1,-1,-1,-1
pneumoniamnist,active,mc_bald,148932,pneumoniamnist-final_active_best-mc_bald-init3p-batch3pb-epc5-budget30p-148932.pth,141,42,1412,3.0,30.0,3.0,5,1553,cycle,22,1065,val,0.0494,0.9676,0.9579,0.9934,0.9977,0.9791,mean,1,-1,-1,-1,-1
pneumoniamnist,active,mc_bald,148932,pneumoniamnist-final_active_best-mc_bald-init3p-batch3pb-epc5-budget30p-148932.pth,141,42,1412,3.0,30.0,3.0,5,1553,cycle,23,1107,val,0.0347,0.9695,0.9599,0.9923,0.9973,0.9798,mean,1,-1,-1,-1,-1
pneumoniamnist,active,mc_bald,148932,pneumoniamnist-final_active_best-mc_bald-init3p-batch3pb-epc5-budget30p-148932.pth,141,42,1412,3.0,30.0,3.0,5,1553,cycle,24,1149,val,0.0362,0.9695,0.9601,0.9951,0.9982,0.9807,mean,1,-1,-1,-1,-1
pneumoniamnist,active,mc_bald,148932,pneumoniamnist-final_active_best-mc_bald-init3p-batch3pb-epc5-budget30p-148932.pth,141,42,1412,3.0,30.0,3.0,5,1553,cycle,25,1191,val,0.0282,0.9752,0.9676,0.997,0.999,0.9847,mean,1,-1,-1,-1,-1
pneumoniamnist,active,mc_bald,148932,pneumoniamnist-final_active_best-mc_bald-init3p-batch3pb-epc5-budget30p-148932.pth,141,42,1412,3.0,30.0,3.0,5,1553,cycle,26,1233,val,0.0315,0.9542,0.942,0.9925,0.9973,0.9715,mean,0,-1,-1,-1,-1
pneumoniamnist,active,mc_bald,148932,pneumoniamnist-final_active_best-mc_bald-init3p-batch3pb-epc5-budget30p-148932.pth,141,42,1412,3.0,30.0,3.0,5,1553,cycle,27,1275,val,0.0196,0.9561,0.9446,0.9948,0.9982,0.9734,mean,0,-1,-1,-1,-1
pneumoniamnist,active,mc_bald,148932,pneumoniamnist-final_active_best-mc_bald-init3p-batch3pb-epc5-budget30p-148932.pth,141,42,1412,3.0,30.0,3.0,5,1553,cycle,28,1317,val,0.023,0.9771,0.9705,0.9977,0.9992,0.9861,mean,1,-1,-1,-1,-1
pneumoniamnist,active,mc_bald,148932,pneumoniamnist-final_active_best-mc_bald-init3p-batch3pb-epc5-budget30p-148932.pth,141,42,1412,3.0,30.0,3.0,5,1553,cycle,29,1359,val,0.0115,0.9695,0.9589,0.991,0.9956,0.9787,mean,0,-1,-1,-1,-1
pneumoniamnist,active,mc_bald,148932,pneumoniamnist-final_active_best-mc_bald-init3p-batch3pb-epc5-budget30p-148932.pth,141,42,1412,3.0,30.0,3.0,5,1553,cycle,30,1401,val,0.0142,0.9695,0.9597,0.9915,0.9966,0.9793,mean,0,-1,-1,-1,-1
pneumoniamnist,active,mc_bald,148932,pneumoniamnist-final_active_best-mc_bald-init3p-batch3pb-epc5-budget30p-148932.pth,141,42,1412,3.0,30.0,3.0,5,1553,cycle,31,1443,val,0.0202,0.9618,0.951,0.9946,0.9981,0.9764,mean,0,-1,-1,-1,-1
pneumoniamnist,active,mc_bald,148932,pneumoniamnist-final_active_best-mc_bald-init3p-batch3pb-epc5-budget30p-148932.pth,141,42,1412,3.0,30.0,3.0,5,1553,cycle,32,1485,val,0.0187,0.9733,0.9656,0.9966,0.9988,0.9836,mean,0,-1,-1,-1,-1
pneumoniamnist,active,mc_bald,148932,pneumoniamnist-final_active_best-mc_bald-init3p-batch3pb-epc5-budget30p-148932.pth,141,42,1412,3.0,30.0,3.0,5,1553,cycle,33,1553,val,0.013,0.9771,0.9705,0.9969,0.999,0.9859,mean,0,-1,-1,-1,-1
pneumoniamnist,active,mc_bald,148932,pneumoniamnist-final_active_best-mc_bald-init3p-batch3pb-epc5-budget30p-148932.pth,141,42,1412,3.0,30.0,3.0,5,1553,final,-1,1317,test,-1,0.8814,0.8639,0.9343,0.9473,,mean,-1,387,71,163,3
pneumoniamnist,active,entropy_diverse,17,pneumoniamnist-final_active_best-entropy_diverse-init3p-batch3pb-epc5-budget30p-17.pth,141,42,1412,3.0,30.0,3.0,5,1553,cycle,0,141,val,0.2704,0.7424,0.4261,0.7885,0.912,0.7172,mean,1,-1,-1,-1,-1
pneumoniamnist,active,entropy_diverse,17,pneumoniamnist-final_active_best-entropy_diverse-init3p-batch3pb-epc5-budget30p-17.pth,141,42,1412,3.0,30.0,3.0,5,1553,cycle,1,183,val,0.2503,0.7424,0.4261,0.8291,0.9324,0.7325,mean,1,-1,-1,-1,-1
pneumoniamnist,active,entropy_diverse,17,pneumoniamnist-final_active_best-entropy_diverse-init3p-batch3pb-epc5-budget30p-17.pth,141,42,1412,3.0,30.0,3.0,5,1553,cycle,2,225,val,0.0946,0.7424,0.4261,0.9119,0.9564,0.7592,mean,1,-1,-1,-1,-1
pneumoniamnist,active,entropy_diverse,17,pneumoniamnist-final_active_best-entropy_diverse-init3p-batch3pb-epc5-budget30p-17.pth,141,42,1412,3.0,30.0,3.0,5,1553,cycle,3,267,val,0.0923,0.7595,0.4928,0.9412,0.9778,0.7928,mean,1,-1,-1,-1,-1
pneumoniamnist,active,entropy_diverse,17,pneumoniamnist-final_active_best-entropy_diverse-init3p-batch3pb-epc5-budget30p-17.pth,141,42,1412,3.0,30.0,3.0,5,1553,cycle,4,309,val,0.0607,0.9084,0.8663,0.946,0.9771,0.9244,mean,1,-1,-1,-1,-1
pneumoniamnist,active,entropy_diverse,17,pneumoniamnist-final_active_best-entropy_diverse-init3p-batch3pb-epc5-budget30p-17.pth,141,42,1412,3.0,30.0,3.0,5,1553,cycle,5,351,val,0.1222,0.9141,0.8869,0.958,0.98,0.9348,mean,1,-1,-1,-1,-1
pneumoniamnist,active,entropy_diverse,17,pneumoniamnist-final_active_best-entropy_diverse-init3p-batch3pb-epc5-budget30p-17.pth,141,42,1412,3.0,30.0,3.0,5,1553,cycle,6,393,val,0.0882,0.9504,0.9335,0.9744,0.9879,0.9615,mean,1,-1,-1,-1,-1
pneumoniamnist,active,entropy_diverse,17,pneumoniamnist-final_active_best-entropy_diverse-init3p-batch3pb-epc5-budget30p-17.pth,141,42,1412,3.0,30.0,3.0,5,1553,cycle,7,435,val,0.0737,0.9141,0.8743,0.9689,0.9842,0.9354,mean,0,-1,-1,-1,-1
pneumoniamnist,active,entropy_diverse,17,pneumoniamnist-final_active_best-entropy_diverse-init3p-batch3pb-epc5-budget30p-17.pth,141,42,1412,3.0,30.0,3.0,5,1553,cycle,8,477,val,0.0557,0.9542,0.9415,0.9857,0.9903,0.9679,mean,1,-1,-1,-1,-1
pneumoniamnist,active,entropy_diverse,17,pneumoniamnist-final_active_best-entropy_diverse-init3p-batch3pb-epc5-budget30p-17.pth,141,42,1412,3.0,30.0,3.0,5,1553,cycle,9,519,val,0.074,0.9618,0.9501,0.9878,0.9922,0.973,mean,1,-1,-1,-1,-1
pneumoniamnist,active,entropy_diverse,17,pneumoniamnist-final_active_best-entropy_diverse-init3p-batch3pb-epc5-budget30p-17.pth,141,42,1412,3.0,30.0,3.0,5,1553,cycle,10,561,val,0.1892,0.9141,0.8963,0.9824,0.9921,0.9462,mean,0,-1,-1,-1,-1
pneumoniamnist,active,entropy_diverse,17,pneumoniamnist-final_active_best-entropy_diverse-init3p-batch3pb-epc5-budget30p-17.pth,141,42,1412,3.0,30.0,3.0,5,1553,cycle,11,603,val,0.1081,0.9752,0.9675,0.9904,0.9951,0.982,mean,1,-1,-1,-1,-1
pneumoniamnist,active,entropy_diverse,17,pneumoniamnist-final_active_best-entropy_diverse-init3p-batch3pb-epc5-budget30p-17.pth,141,42,1412,3.0,30.0,3.0,5,1553,cycle,12,645,val,0.0407,0.9599,0.9477,0.9881,0.9939,0.9724,mean,0,-1,-1,-1,-1
pneumoniamnist,active,entropy_diverse,17,pneumoniamnist-final_active_best-entropy_diverse-init3p-batch3pb-epc5-budget30p-17.pth,141,42,1412,3.0,30.0,3.0,5,1553,cycle,13,687,val,0.0363,0.9542,0.9386,0.9806,0.9846,0.9645,mean,0,-1,-1,-1,-1
pneumoniamnist,active,entropy_diverse,17,pneumoniamnist-final_active_best-entropy_diverse-init3p-batch3pb-epc5-budget30p-17.pth,141,42,1412,3.0,30.0,3.0,5,1553,cycle,14,729,val,0.0453,0.9656,0.9547,0.9862,0.9904,0.9742,mean,0,-1,-1,-1,-1
pneumoniamnist,active,entropy_diverse,17,pneumoniamnist-final_active_best-entropy_diverse-init3p-batch3pb-epc5-budget30p-17.pth,141,42,1412,3.0,30.0,3.0,5,1553,cycle,15,771,val,0.0273,0.9656,0.9553,0.9889,0.9922,0.9755,mean,0,-1,-1,-1,-1
pneumoniamnist,active,entropy_diverse,17,pneumoniamnist-final_active_best-entropy_diverse-init3p-batch3pb-epc5-budget30p-17.pth,141,42,1412,3.0,30.0,3.0,5,1553,cycle,16,813,val,0.0216,0.9618,0.9508,0.9905,0.994,0.9743,mean,0,-1,-1,-1,-1
pneumoniamnist,active,entropy_diverse,17,pneumoniamnist-final_active_best-entropy_diverse-init3p-batch3pb-epc5-budget30p-17.pth,141,42,1412,3.0,30.0,3.0,5,1553,cycle,17,855,val,0.0608,0.9313,0.9163,0.9928,0.9976,0.9595,mean,0,-1,-1,-1,-1
pneumoniamnist,active,entropy_diverse,17,pneumoniamnist-final_active_best-entropy_diverse-init3p-batch3pb-epc5-budget30p-17.pth,141,42,1412,3.0,30.0,3.0,5,1553,cycle,18,897,val,0.0756,0.9237,0.9042,0.9794,0.993,0.9501,mean,0,-1,-1,-1,-1
pneumoniamnist,active,entropy_diverse,17,pneumoniamnist-final_active_best-entropy_diverse-init3p-batch3pb-epc5-budget30p-17.pth,141,42,1412,3.0,30.0,3.0,5,1553,cycle,19,939,val,0.0473,0.9485,0.9352,0.9919,0.9971,0.9682,mean,0,-1,-1,-1,-1
pneumoniamnist,active,entropy_diverse,17,pneumoniamnist-final_active_best-entropy_diverse-init3p-batch3pb-epc5-budget30p-17.pth,141,42,1412,3.0,30.0,3.0,5,1553,cycle,20,981,val,0.0171,0.9676,0.9587,0.9916,0.9961,0.9785,mean,0,-1,-1,-1,-1
pneumoniamnist,active,entropy_diverse,17,pneumoniamnist-final_active_best-entropy_diverse-init3p-batch3pb-epc5-budget30p-17.pth,141,42,1412,3.0,30.0,3.0,5,1553,cycle,21,1023,val,0.0543,0.9561,0.9401,0.9887,0.9955,0.9701,mean,0,-1,-1,-1,-1
pneumoniamnist,active,entropy_diverse,17,pneumoniamnist-final_active_best-entropy_diverse-init3p-batch3pb-epc5-budget30p-17.pth,141,42,1412,3.0,30.0,3.0,5,1553,cycle,22,1065,val,0.0199,0.9141,0.8963,0.9796,0.9919,0.9455,mean,0,-1,-1,-1,-1
pneumoniamnist,active,entropy_diverse,17,pneumoniamnist-final_active_best-entropy_diverse-init3p-batch3pb-epc5-budget30p-17.pth,141,42,1412,3.0,30.0,3.0,5,1553,cycle,23,1107,val,0.039,0.958,0.9446,0.9868,0.9937,0.9708,mean,0,-1,-1,-1,-1
pneumoniamnist,active,entropy_diverse,17,pneumoniamnist-final_active_best-entropy_diverse-init3p-batch3pb-epc5-budget30p-17.pth,141,42,1412,3.0,30.0,3.0,5,1553,cycle,24,1149,val,0.014,0.9637,0.951,0.9831,0.9915,0.9723,mean,0,-1,-1,-1,-1
pneumoniamnist,active,entropy_diverse,17,pneumoniamnist-final_active_best-entropy_diverse-init3p-batch3pb-epc5-budget30p-17.pth,141,42,1412,3.0,30.0,3.0,5,1553,cycle,25,1191,val,0.024,0.9676,0.9575,0.9898,0.9924,0.9768,mean,0,-1,-1,-1,-1
pneumoniamnist,active,entropy_diverse,17,pneumoniamnist-final_active_best-entropy_diverse-init3p-batch3pb-epc5-budget30p-17.pth,141,42,1412,3.0,30.0,3.0,5,1553,cycle,26,1233,val,0.0187,0.9599,0.9459,0.9951,0.9983,0.9748,mean,0,-1,-1,-1,-1
pneumoniamnist,active,entropy_diverse,17,pneumoniamnist-final_active_best-entropy_diverse-init3p-batch3pb-epc5-budget30p-17.pth,141,42,1412,3.0,30.0,3.0,5,1553,cycle,27,1275,val,0.0222,0.9656,0.9557,0.9895,0.9949,0.9765,mean,0,-1,-1,-1,-1
pneumoniamnist,active,entropy_diverse,17,pneumoniamnist-final_active_best-entropy_diverse-init3p-batch3pb-epc5-budget30p-17.pth,141,42,1412,3.0,30.0,3.0,5,1553,cycle,28,1317,val,0.0443,0.9599,0.9496,0.9963,0.9987,0.9762,mean,0,-1,-1,-1,-1
pneumoniamnist,active,entropy_diverse,17,pneumoniamnist-final_active_best-entropy_diverse-init3p-batch3pb-epc5-budget30p-17.pth,141,42,1412,3.0,30.0,3.0,5,1553,cycle,29,1359,val,0.0147,0.9695,0.9605,0.9925,0.997,0.9799,mean,0,-1,-1,-1,-1
pneumoniamnist,active,entropy_diverse,17,pneumoniamnist-final_active_best-entropy_diverse-init3p-batch3pb-epc5-budget30p-17.pth,141,42,1412,3.0,30.0,3.0,5,1553,cycle,30,1401,val,0.008,0.9656,0.9551,0.9959,0.9986,0.9788,mean,0,-1,-1,-1,-1
pneumoniamnist,active,entropy_diverse,17,pneumoniamnist-final_active_best-entropy_diverse-init3p-batch3pb-epc5-budget30p-17.pth,141,42,1412,3.0,30.0,3.0,5,1553,cycle,31,1443,val,0.0214,0.9752,0.9678,0.9954,0.9984,0.9842,mean,1,-1,-1,-1,-1
pneumoniamnist,active,entropy_diverse,17,pneumoniamnist-final_active_best-entropy_diverse-init3p-batch3pb-epc5-budget30p-17.pth,141,42,1412,3.0,30.0,3.0,5,1553,cycle,32,1485,val,0.0136,0.9676,0.9585,0.9966,0.9988,0.9804,mean,0,-1,-1,-1,-1
pneumoniamnist,active,entropy_diverse,17,pneumoniamnist-final_active_best-entropy_diverse-init3p-batch3pb-epc5-budget30p-17.pth,141,42,1412,3.0,30.0,3.0,5,1553,cycle,33,1553,val,0.021,0.9256,0.8924,0.9767,0.99,0.9462,mean,0,-1,-1,-1,-1
pneumoniamnist,active,entropy_diverse,17,pneumoniamnist-final_active_best-entropy_diverse-init3p-batch3pb-epc5-budget30p-17.pth,141,42,1412,3.0,30.0,3.0,5,1553,final,-1,1443,test,-1,0.867,0.8459,0.9341,0.9403,,mean,-1,386,79,155,4
pneumoniamnist,active,entropy_diverse,246,pneumoniamnist-final_active_best-entropy_diverse-init3p-batch3pb-epc5-budget30p-246.pth,141,42,1412,3.0,30.0,3.0,5,1553,cycle,0,141,val,0.3037,0.7424,0.4261,0.4856,0.7433,0.5993,mean,1,-1,-1,-1,-1
pneumoniamnist,active,entropy_diverse,246,pneumoniamnist-final_active_best-entropy_diverse-init3p-batch3pb-epc5-budget30p-246.pth,141,42,1412,3.0,30.0,3.0,5,1553,cycle,1,183,val,0.1846,0.7424,0.4261,0.3786,0.7237,0.5677,mean,0,-1,-1,-1,-1
pneumoniamnist,active,entropy_diverse,246,pneumoniamnist-final_active_best-entropy_diverse-init3p-batch3pb-epc5-budget30p-246.pth,141,42,1412,3.0,30.0,3.0,5,1553,cycle,2,225,val,0.0574,0.7519,0.4641,0.6021,0.8069,0.6563,mean,1,-1,-1,-1,-1
pneumoniamnist,active,entropy_diverse,246,pneumoniamnist-final_active_best-entropy_diverse-init3p-batch3pb-epc5-budget30p-246.pth,141,42,1412,3.0,30.0,3.0,5,1553,cycle,3,267,val,0.066,0.8664,0.7854,0.9643,0.9859,0.9005,mean,1,-1,-1,-1,-1
pneumoniamnist,active,entropy_diverse,246,pneumoniamnist-final_active_best-entropy_diverse-init3p-batch3pb-epc5-budget30p-246.pth,141,42,1412,3.0,30.0,3.0,5,1553,cycle,4,309,val,0.0666,0.9389,0.9227,0.9873,0.9956,0.9611,mean,1,-1,-1,-1,-1
pneumoniamnist,active,entropy_diverse,246,pneumoniamnist-final_active_best-entropy_diverse-init3p-batch3pb-epc5-budget30p-246.pth,141,42,1412,3.0,30.0,3.0,5,1553,cycle,5,351,val,0.0686,0.9122,0.8908,0.9755,0.9915,0.9425,mean,0,-1,-1,-1,-1
pneumoniamnist,active,entropy_diverse,246,pneumoniamnist-final_active_best-entropy_diverse-init3p-batch3pb-epc5-budget30p-246.pth,141,42,1412,3.0,30.0,3.0,5,1553,cycle,6,393,val,0.0972,0.9523,0.9359,0.987,0.9957,0.9677,mean,1,-1,-1,-1,-1
pneumoniamnist,active,entropy_diverse,246,pneumoniamnist-final_active_best-entropy_diverse-init3p-batch3pb-epc5-budget30p-246.pth,141,42,1412,3.0,30.0,3.0,5,1553,cycle,7,435,val,0.1039,0.9408,0.9174,0.982,0.9904,0.9577,mean,0,-1,-1,-1,-1
pneumoniamnist,active,entropy_diverse,246,pneumoniamnist-final_active_best-entropy_diverse-init3p-batch3pb-epc5-budget30p-246.pth,141,42,1412,3.0,30.0,3.0,5,1553,cycle,8,477,val,0.0788,0.9065,0.8604,0.9631,0.9815,0.9279,mean,0,-1,-1,-1,-1
pneumoniamnist,active,entropy_diverse,246,pneumoniamnist-final_active_best-entropy_diverse-init3p-batch3pb-epc5-budget30p-246.pth,141,42,1412,3.0,30.0,3.0,5,1553,cycle,9,519,val,0.0611,0.8779,0.8589,0.9914,0.9972,0.9313,mean,0,-1,-1,-1,-1
pneumoniamnist,active,entropy_diverse,246,pneumoniamnist-final_active_best-entropy_diverse-init3p-batch3pb-epc5-budget30p-246.pth,141,42,1412,3.0,30.0,3.0,5,1553,cycle,10,561,val,0.07,0.9046,0.8607,0.9768,0.9888,0.9327,mean,0,-1,-1,-1,-1
pneumoniamnist,active,entropy_diverse,246,pneumoniamnist-final_active_best-entropy_diverse-init3p-batch3pb-epc5-budget30p-246.pth,141,42,1412,3.0,30.0,3.0,5,1553,cycle,11,603,val,0.0422,0.9695,0.9593,0.9941,0.998,0.9802,mean,1,-1,-1,-1,-1
pneumoniamnist,active,entropy_diverse,246,pneumoniamnist-final_active_best-entropy_diverse-init3p-batch3pb-epc5-budget30p-246.pth,141,42,1412,3.0,30.0,3.0,5,1553,cycle,12,645,val,0.04,0.9332,0.9178,0.9909,0.9967,0.9596,mean,0,-1,-1,-1,-1
pneumoniamnist,active,entropy_diverse,246,pneumoniamnist-final_active_best-entropy_diverse-init3p-batch3pb-epc5-budget30p-246.pth,141,42,1412,3.0,30.0,3.0,5,1553,cycle,13,687,val,0.0399,0.9523,0.9359,0.9899,0.9964,0.9686,mean,0,-1,-1,-1,-1
pneumoniamnist,active,entropy_diverse,246,pneumoniamnist-final_active_best-entropy_diverse-init3p-batch3pb-epc5-budget30p-246.pth,141,42,1412,3.0,30.0,3.0,5,1553,cycle,14,729,val,0.0412,0.9561,0.9446,0.9926,0.9975,0.9727,mean,0,-1,-1,-1,-1
pneumoniamnist,active,entropy_diverse,246,pneumoniamnist-final_active_best-entropy_diverse-init3p-batch3pb-epc5-budget30p-246.pth,141,42,1412,3.0,30.0,3.0,5,1553,cycle,15,771,val,0.0524,0.8798,0.8104,0.9487,0.9793,0.9045,mean,0,-1,-1,-1,-1
pneumoniamnist,active,entropy_diverse,246,pneumoniamnist-final_active_best-entropy_diverse-init3p-batch3pb-epc5-budget30p-246.pth,141,42,1412,3.0,30.0,3.0,5,1553,cycle,16,813,val,0.0371,0.9256,0.8937,0.9662,0.9861,0.9429,mean,0,-1,-1,-1,-1
pneumoniamnist,active,entropy_diverse,246,pneumoniamnist-final_active_best-entropy_diverse-init3p-batch3pb-epc5-budget30p-246.pth,141,42,1412,3.0,30.0,3.0,5,1553,cycle,17,855,val,0.03,0.8969,0.8425,0.9672,0.9828,0.9224,mean,0,-1,-1,-1,-1
pneumoniamnist,active,entropy_diverse,246,pneumoniamnist-final_active_best-entropy_diverse-init3p-batch3pb-epc5-budget30p-246.pth,141,42,1412,3.0,30.0,3.0,5,1553,cycle,18,897,val,0.0228,0.9447,0.9271,0.9794,0.9896,0.9602,mean,0,-1,-1,-1,-1
pneumoniamnist,active,entropy_diverse,246,pneumoniamnist-final_active_best-entropy_diverse-init3p-batch3pb-epc5-budget30p-246.pth,141,42,1412,3.0,30.0,3.0,5,1553,cycle,19,939,val,0.018,0.9695,0.9605,0.9895,0.9941,0.9784,mean,0,-1,-1,-1,-1
pneumoniamnist,active,entropy_diverse,246,pneumoniamnist-final_active_best-entropy_diverse-init3p-batch3pb-epc5-budget30p-246.pth,141,42,1412,3.0,30.0,3.0,5,1553,cycle,20,981,val,0.0353,0.9637,0.9525,0.9933,0.9978,0.9768,mean,0,-1,-1,-1,-1
pneumoniamnist,active,entropy_diverse,246,pneumoniamnist-final_active_best-entropy_diverse-init3p-batch3pb-epc5-budget30p-246.pth,141,42,1412,3.0,30.0,3.0,5,1553,cycle,21,1023,val,0.06,0.9561,0.9419,0.9903,0.9969,0.9713,mean,0,-1,-1,-1,-1
pneumoniamnist,active,entropy_diverse,246,pneumoniamnist-final_active_best-entropy_diverse-init3p-batch3pb-epc5-budget30p-246.pth,141,42,1412,3.0,30.0,3.0,5,1553,cycle,22,1065,val,0.0577,0.9752,0.9675,0.9955,0.9984,0.9842,mean,1,-1,-1,-1,-1
pneumoniamnist,active,entropy_diverse,246,pneumoniamnist-final_active_best-entropy_diverse-init3p-batch3pb-epc5-budget30p-246.pth,141,42,1412,3.0,30.0,3.0,5,1553,cycle,23,1107,val,0.0336,0.979,0.9724,0.9937,0.9968,0.9855,mean,1,-1,-1,-1,-1
pneumoniamnist,active,entropy_diverse,246,pneumoniamnist-final_active_best-entropy_diverse-init3p-batch3pb-epc5-budget30p-246.pth,141,42,1412,3.0,30.0,3.0,5,1553,cycle,24,1149,val,0.0235,0.9599,0.9482,0.993,0.9975,0.9747,mean,0,-1,-1,-1,-1
pneumoniamnist,active,entropy_diverse,246,pneumoniamnist-final_active_best-entropy_diverse-init3p-batch3pb-epc5-budget30p-246.pth,141,42,1412,3.0,30.0,3.0,5,1553,cycle,25,1191,val,0.0522,0.9656,0.9561,0.9934,0.9977,0.9782,mean,0,-1,-1,-1,-1
pneumoniamnist,active,entropy_diverse,246,pneumoniamnist-final_active_best-entropy_diverse-init3p-batch3pb-epc5-budget30p-246.pth,141,42,1412,3.0,30.0,3.0,5,1553,cycle,26,1233,val,0.039,0.9523,0.9359,0.9836,0.9937,0.9664,mean,0,-1,-1,-1,-1
pneumoniamnist,active,entropy_diverse,246,pneumoniamnist-final_active_best-entropy_diverse-init3p-batch3pb-epc5-budget30p-246.pth,141,42,1412,3.0,30.0,3.0,5,1553,cycle,27,1275,val,0.0228,0.9656,0.9553,0.9939,0.9979,0.9782,mean,0,-1,-1,-1,-1
pneumoniamnist,active,entropy_diverse,246,pneumoniamnist-final_active_best-entropy_diverse-init3p-batch3pb-epc5-budget30p-246.pth,141,42,1412,3.0,30.0,3.0,5,1553,cycle,28,1317,val,0.0223,0.9599,0.9492,0.9945,0.9981,0.9754,mean,0,-1,-1,-1,-1
pneumoniamnist,active,entropy_diverse,246,pneumoniamnist-final_active_best-entropy_diverse-init3p-batch3pb-epc5-budget30p-246.pth,141,42,1412,3.0,30.0,3.0,5,1553,cycle,29,1359,val,0.0226,0.9656,0.9551,0.9958,0.9986,0.9788,mean,0,-1,-1,-1,-1
pneumoniamnist,active,entropy_diverse,246,pneumoniamnist-final_active_best-entropy_diverse-init3p-batch3pb-epc5-budget30p-246.pth,141,42,1412,3.0,30.0,3.0,5,1553,cycle,30,1401,val,0.0211,0.9771,0.9696,0.9972,0.999,0.9857,mean,1,-1,-1,-1,-1
pneumoniamnist,active,entropy_diverse,246,pneumoniamnist-final_active_best-entropy_diverse-init3p-batch3pb-epc5-budget30p-246.pth,141,42,1412,3.0,30.0,3.0,5,1553,cycle,31,1443,val,0.0196,0.9561,0.9446,0.9956,0.9985,0.9737,mean,0,-1,-1,-1,-1
pneumoniamnist,active,entropy_diverse,246,pneumoniamnist-final_active_best-entropy_diverse-init3p-batch3pb-epc5-budget30p-246.pth,141,42,1412,3.0,30.0,3.0,5,1553,cycle,32,1485,val,0.0158,0.9676,0.9579,0.9953,0.9984,0.9798,mean,0,-1,-1,-1,-1
pneumoniamnist,active,entropy_diverse,246,pneumoniamnist-final_active_best-entropy_diverse-init3p-batch3pb-epc5-budget30p-246.pth,141,42,1412,3.0,30.0,3.0,5,1553,cycle,33,1553,val,0.0156,0.9637,0.9527,0.995,0.9983,0.9774,mean,0,-1,-1,-1,-1
pneumoniamnist,active,entropy_diverse,246,pneumoniamnist-final_active_best-entropy_diverse-init3p-batch3pb-epc5-budget30p-246.pth,141,42,1412,3.0,30.0,3.0,5,1553,final,-1,1401,test,-1,0.8526,0.8249,0.9404,0.9425,,mean,-1,390,92,142,0
pneumoniamnist,active,entropy_diverse,9012,pneumoniamnist-final_active_best-entropy_diverse-init3p-batch3pb-epc5-budget30p-9012.pth,141,42,1412,3.0,30.0,3.0,5,1553,cycle,0,141,val,0.2974,0.7424,0.4261,0.6218,0.8146,0.6512,mean,1,-1,-1,-1,-1
pneumoniamnist,active,entropy_diverse,9012,pneumoniamnist-final_active_best-entropy_diverse-init3p-batch3pb-epc5-budget30p-9012.pth,141,42,1412,3.0,30.0,3.0,5,1553,cycle,1,183,val,0.0654,0.7424,0.4261,0.7776,0.9074,0.7134,mean,1,-1,-1,-1,-1
pneumoniamnist,active,entropy_diverse,9012,pneumoniamnist-final_active_best-entropy_diverse-init3p-batch3pb-epc5-budget30p-9012.pth,141,42,1412,3.0,30.0,3.0,5,1553,cycle,2,225,val,0.1151,0.75,0.4567,0.9282,0.9739,0.7772,mean,1,-1,-1,-1,-1
pneumoniamnist,active,entropy_diverse,9012,pneumoniamnist-final_active_best-entropy_diverse-init3p-batch3pb-epc5-budget30p-9012.pth,141,42,1412,3.0,30.0,3.0,5,1553,cycle,3,267,val,0.1105,0.9313,0.906,0.9786,0.992,0.952,mean,1,-1,-1,-1,-1
pneumoniamnist,active,entropy_diverse,9012,pneumoniamnist-final_active_best-entropy_diverse-init3p-batch3pb-epc5-budget30p-9012.pth,141,42,1412,3.0,30.0,3.0,5,1553,cycle,4,309,val,0.0945,0.9275,0.9105,0.9783,0.9905,0.9517,mean,0,-1,-1,-1,-1
pneumoniamnist,active,entropy_diverse,9012,pneumoniamnist-final_active_best-entropy_diverse-init3p-batch3pb-epc5-budget30p-9012.pth,141,42,1412,3.0,30.0,3.0,5,1553,cycle,5,351,val,0.1183,0.958,0.9456,0.9908,0.9967,0.9728,mean,1,-1,-1,-1,-1
pneumoniamnist,active,entropy_diverse,9012,pneumoniamnist-final_active_best-entropy_diverse-init3p-batch3pb-epc5-budget30p-9012.pth,141,42,1412,3.0,30.0,3.0,5,1553,cycle,6,393,val,0.0468,0.9237,0.8913,0.9816,0.9912,0.9469,mean,0,-1,-1,-1,-1
pneumoniamnist,active,entropy_diverse,9012,pneumoniamnist-final_active_best-entropy_diverse-init3p-batch3pb-epc5-budget30p-9012.pth,141,42,1412,3.0,30.0,3.0,5,1553,cycle,7,435,val,0.0889,0.9656,0.9547,0.9946,0.9981,0.9782,mean,1,-1,-1,-1,-1
pneumoniamnist,active,entropy_diverse,9012,pneumoniamnist-final_active_best-entropy_diverse-init3p-batch3pb-epc5-budget30p-9012.pth,141,42,1412,3.0,30.0,3.0,5,1553,cycle,8,477,val,0.1173,0.9179,0.8813,0.9486,0.976,0.931,mean,0,-1,-1,-1,-1
pneumoniamnist,active,entropy_diverse,9012,pneumoniamnist-final_active_best-entropy_diverse-init3p-batch3pb-epc5-budget30p-9012.pth,141,42,1412,3.0,30.0,3.0,5,1553,cycle,9,519,val,0.076,0.9618,0.9503,0.9888,0.9947,0.9739,mean,0,-1,-1,-1,-1
pneumoniamnist,active,entropy_diverse,9012,pneumoniamnist-final_active_best-entropy_diverse-init3p-batch3pb-epc5-budget30p-9012.pth,141,42,1412,3.0,30.0,3.0,5,1553,cycle,10,561,val,0.0494,0.9656,0.9547,0.9898,0.996,0.9765,mean,0,-1,-1,-1,-1
pneumoniamnist,active,entropy_diverse,9012,pneumoniamnist-final_active_best-entropy_diverse-init3p-batch3pb-epc5-budget30p-9012.pth,141,42,1412,3.0,30.0,3.0,5,1553,cycle,11,603,val,0.0462,0.9466,0.9338,0.9939,0.9979,0.968,mean,0,-1,-1,-1,-1
pneumoniamnist,active,entropy_diverse,9012,pneumoniamnist-final_active_best-entropy_diverse-init3p-batch3pb-epc5-budget30p-9012.pth,141,42,1412,3.0,30.0,3.0,5,1553,cycle,12,645,val,0.0336,0.9427,0.9285,0.9868,0.9959,0.9635,mean,0,-1,-1,-1,-1
pneumoniamnist,active,entropy_diverse,9012,pneumoniamnist-final_active_best-entropy_diverse-init3p-batch3pb-epc5-budget30p-9012.pth,141,42,1412,3.0,30.0,3.0,5,1553,cycle,13,687,val,0.05,0.834,0.8152,0.9825,0.9944,0.9065,mean,0,-1,-1,-1,-1
pneumoniamnist,active,entropy_diverse,9012,pneumoniamnist-final_active_best-entropy_diverse-init3p-batch3pb-epc5-budget30p-9012.pth,141,42,1412,3.0,30.0,3.0,5,1553,cycle,14,729,val,0.0726,0.9695,0.9599,0.9929,0.9973,0.9799,mean,1,-1,-1,-1,-1
pneumoniamnist,active,entropy_diverse,9012,pneumoniamnist-final_active_best-entropy_diverse-init3p-batch3pb-epc5-budget30p-9012.pth,141,42,1412,3.0,30.0,3.0,5,1553,cycle,15,771,val,0.0297,0.9656,0.9544,0.9942,0.9982,0.9781,mean,0,-1,-1,-1,-1
pneumoniamnist,active,entropy_diverse,9012,pneumoniamnist-final_active_best-entropy_diverse-init3p-batch3pb-epc5-budget30p-9012.pth,141,42,1412,3.0,30.0,3.0,5,1553,cycle,16,813,val,0.0393,0.9637,0.9532,0.9892,0.994,0.975,mean,0,-1,-1,-1,-1
pneumoniamnist,active,entropy_diverse,9012,pneumoniamnist-final_active_best-entropy_diverse-init3p-batch3pb-epc5-budget30p-9012.pth,141,42,1412,3.0,30.0,3.0,5,1553,cycle,17,855,val,0.0347,0.9695,0.9603,0.9959,0.9986,0.9811,mean,1,-1,-1,-1,-1
pneumoniamnist,active,entropy_diverse,9012,pneumoniamnist-final_active_best-entropy_diverse-init3p-batch3pb-epc5-budget30p-9012.pth,141,42,1412,3.0,30.0,3.0,5,1553,cycle,18,897,val,0.0508,0.958,0.9428,0.9843,0.9935,0.9697,mean,0,-1,-1,-1,-1
pneumoniamnist,active,entropy_diverse,9012,pneumoniamnist-final_active_best-entropy_diverse-init3p-batch3pb-epc5-budget30p-9012.pth,141,42,1412,3.0,30.0,3.0,5,1553,cycle,19,939,val,0.0336,0.9695,0.9593,0.9928,0.9974,0.9797,mean,0,-1,-1,-1,-1
pneumoniamnist,active,entropy_diverse,9012,pneumoniamnist-final_active_best-entropy_diverse-init3p-batch3pb-epc5-budget30p-9012.pth,141,42,1412,3.0,30.0,3.0,5,1553,cycle,20,981,val,0.0305,0.9599,0.947,0.9937,0.9979,0.9746,mean,0,-1,-1,-1,-1
pneumoniamnist,active,entropy_diverse,9012,pneumoniamnist-final_active_best-entropy_diverse-init3p-batch3pb-epc5-budget30p-9012.pth,141,42,1412,3.0,30.0,3.0,5,1553,cycle,21,1023,val,0.0405,0.9599,0.9498,0.9943,0.9981,0.9755,mean,0,-1,-1,-1,-1
pneumoniamnist,active,entropy_diverse,9012,pneumoniamnist-final_active_best-entropy_diverse-init3p-batch3pb-epc5-budget30p-9012.pth,141,42,1412,3.0,30.0,3.0,5,1553,cycle,22,1065,val,0.0459,0.9485,0.9338,0.9909,0.9969,0.9675,mean,0,-1,-1,-1,-1
pneumoniamnist,active,entropy_diverse,9012,pneumoniamnist-final_active_best-entropy_diverse-init3p-batch3pb-epc5-budget30p-9012.pth,141,42,1412,3.0,30.0,3.0,5,1553,cycle,23,1107,val,0.0354,0.9637,0.9536,0.9942,0.9982,0.9774,mean,0,-1,-1,-1,-1
pneumoniamnist,active,entropy_diverse,9012,pneumoniamnist-final_active_best-entropy_diverse-init3p-batch3pb-epc5-budget30p-9012.pth,141,42,1412,3.0,30.0,3.0,5,1553,cycle,24,1149,val,0.0252,0.9561,0.9425,0.9921,0.9975,0.972,mean,0,-1,-1,-1,-1
pneumoniamnist,active,entropy_diverse,9012,pneumoniamnist-final_active_best-entropy_diverse-init3p-batch3pb-epc5-budget30p-9012.pth,141,42,1412,3.0,30.0,3.0,5,1553,cycle,25,1191,val,0.0127,0.9714,0.9625,0.9962,0.9988,0.9822,mean,1,-1,-1,-1,-1
pneumoniamnist,active,entropy_diverse,9012,pneumoniamnist-final_active_best-entropy_diverse-init3p-batch3pb-epc5-budget30p-9012.pth,141,42,1412,3.0,30.0,3.0,5,1553,cycle,26,1233,val,0.0248,0.9561,0.9419,0.9945,0.9982,0.9727,mean,0,-1,-1,-1,-1
pneumoniamnist,active,entropy_diverse,9012,pneumoniamnist-final_active_best-entropy_diverse-init3p-batch3pb-epc5-budget30p-9012.pth,141,42,1412,3.0,30.0,3.0,5,1553,cycle,27,1275,val,0.0136,0.9637,0.9525,0.9961,0.9987,0.9778,mean,0,-1,-1,-1,-1
pneumoniamnist,active,entropy_diverse,9012,pneumoniamnist-final_active_best-entropy_diverse-init3p-batch3pb-epc5-budget30p-9012.pth,141,42,1412,3.0,30.0,3.0,5,1553,cycle,28,1317,val,0.0237,0.9618,0.9478,0.997,0.999,0.9764,mean,0,-1,-1,-1,-1
pneumoniamnist,active,entropy_diverse,9012,pneumoniamnist-final_active_best-entropy_diverse-init3p-batch3pb-epc5-budget30p-9012.pth,141,42,1412,3.0,30.0,3.0,5,1553,cycle,29,1359,val,0.037,0.9618,0.9521,0.9965,0.9988,0.9773,mean,0,-1,-1,-1,-1
pneumoniamnist,active,entropy_diverse,9012,pneumoniamnist-final_active_best-entropy_diverse-init3p-batch3pb-epc5-budget30p-9012.pth,141,42,1412,3.0,30.0,3.0,5,1553,cycle,30,1401,val,0.0295,0.9656,0.9551,0.996,0.9987,0.9789,mean,0,-1,-1,-1,-1
pneumoniamnist,active,entropy_diverse,9012,pneumoniamnist-final_active_best-entropy_diverse-init3p-batch3pb-epc5-budget30p-9012.pth,141,42,1412,3.0,30.0,3.0,5,1553,cycle,31,1443,val,0.0179,0.9771,0.9705,0.9972,0.9991,0.986,mean,1,-1,-1,-1,-1
pneumoniamnist,active,entropy_diverse,9012,pneumoniamnist-final_active_best-entropy_diverse-init3p-batch3pb-epc5-budget30p-9012.pth,141,42,1412,3.0,30.0,3.0,5,1553,cycle,32,1485,val,0.0057,0.9733,0.9651,0.9953,0.9984,0.983,mean,0,-1,-1,-1,-1
pneumoniamnist,active,entropy_diverse,9012,pneumoniamnist-final_active_best-entropy_diverse-init3p-batch3pb-epc5-budget30p-9012.pth,141,42,1412,3.0,30.0,3.0,5,1553,cycle,33,1553,val,0.022,0.9733,0.9652,0.9963,0.9988,0.9834,mean,0,-1,-1,-1,-1
pneumoniamnist,active,entropy_diverse,9012,pneumoniamnist-final_active_best-entropy_diverse-init3p-batch3pb-epc5-budget30p-9012.pth,141,42,1412,3.0,30.0,3.0,5,1553,final,-1,1443,test,-1,0.8766,0.8578,0.9519,0.957,,mean,-1,387,74,160,3
pneumoniamnist,active,entropy_diverse,34895,pneumoniamnist-final_active_best-entropy_diverse-init3p-batch3pb-epc5-budget30p-34895.pth,141,42,1412,3.0,30.0,3.0,5,1553,cycle,0,141,val,0.4221,0.7424,0.4261,0.3237,0.6798,0.543,mean,1,-1,-1,-1,-1
pneumoniamnist,active,entropy_diverse,34895,pneumoniamnist-final_active_best-entropy_diverse-init3p-batch3pb-epc5-budget30p-34895.pth,141,42,1412,3.0,30.0,3.0,5,1553,cycle,1,183,val,0.0766,0.7424,0.4261,0.1899,0.5949,0.4883,mean,0,-1,-1,-1,-1
pneumoniamnist,active,entropy_diverse,34895,pneumoniamnist-final_active_best-entropy_diverse-init3p-batch3pb-epc5-budget30p-34895.pth,141,42,1412,3.0,30.0,3.0,5,1553,cycle,2,225,val,0.0259,0.7424,0.4261,0.7016,0.8855,0.6889,mean,1,-1,-1,-1,-1
pneumoniamnist,active,entropy_diverse,34895,pneumoniamnist-final_active_best-entropy_diverse-init3p-batch3pb-epc5-budget30p-34895.pth,141,42,1412,3.0,30.0,3.0,5,1553,cycle,3,267,val,0.1246,0.8282,0.6982,0.8889,0.9498,0.8413,mean,1,-1,-1,-1,-1
pneumoniamnist,active,entropy_diverse,34895,pneumoniamnist-final_active_best-entropy_diverse-init3p-batch3pb-epc5-budget30p-34895.pth,141,42,1412,3.0,30.0,3.0,5,1553,cycle,4,309,val,0.0394,0.9179,0.8813,0.9708,0.9886,0.9397,mean,1,-1,-1,-1,-1
pneumoniamnist,active,entropy_diverse,34895,pneumoniamnist-final_active_best-entropy_diverse-init3p-batch3pb-epc5-budget30p-34895.pth,141,42,1412,3.0,30.0,3.0,5,1553,cycle,5,351,val,0.0554,0.9504,0.9345,0.9829,0.9938,0.9654,mean,1,-1,-1,-1,-1
pneumoniamnist,active,entropy_diverse,34895,pneumoniamnist-final_active_best-entropy_diverse-init3p-batch3pb-epc5-budget30p-34895.pth,141,42,1412,3.0,30.0,3.0,5,1553,cycle,6,393,val,0.0798,0.9561,0.9413,0.9781,0.9906,0.9665,mean,1,-1,-1,-1,-1
pneumoniamnist,active,entropy_diverse,34895,pneumoniamnist-final_active_best-entropy_diverse-init3p-batch3pb-epc5-budget30p-34895.pth,141,42,1412,3.0,30.0,3.0,5,1553,cycle,7,435,val,0.0889,0.9542,0.9389,0.9734,0.9877,0.9636,mean,0,-1,-1,-1,-1
pneumoniamnist,active,entropy_diverse,34895,pneumoniamnist-final_active_best-entropy_diverse-init3p-batch3pb-epc5-budget30p-34895.pth,141,42,1412,3.0,30.0,3.0,5,1553,cycle,8,477,val,0.0634,0.8168,0.6692,0.9501,0.9714,0.8519,mean,0,-1,-1,-1,-1
pneumoniamnist,active,entropy_diverse,34895,pneumoniamnist-final_active_best-entropy_diverse-init3p-batch3pb-epc5-budget30p-34895.pth,141,42,1412,3.0,30.0,3.0,5,1553,cycle,9,519,val,0.0246,0.958,0.9437,0.9757,0.9836,0.9653,mean,0,-1,-1,-1,-1
pneumoniamnist,active,entropy_diverse,34895,pneumoniamnist-final_active_best-entropy_diverse-init3p-batch3pb-epc5-budget30p-34895.pth,141,42,1412,3.0,30.0,3.0,5,1553,cycle,10,561,val,0.0654,0.9084,0.8637,0.9706,0.9838,0.9316,mean,0,-1,-1,-1,-1
pneumoniamnist,active,entropy_diverse,34895,pneumoniamnist-final_active_best-entropy_diverse-init3p-batch3pb-epc5-budget30p-34895.pth,141,42,1412,3.0,30.0,3.0,5,1553,cycle,11,603,val,0.0249,0.9542,0.9404,0.9899,0.9965,0.9703,mean,1,-1,-1,-1,-1
pneumoniamnist,active,entropy_diverse,34895,pneumoniamnist-final_active_best-entropy_diverse-init3p-batch3pb-epc5-budget30p-34895.pth,141,42,1412,3.0,30.0,3.0,5,1553,cycle,12,645,val,0.0334,0.9676,0.9569,0.9917,0.9971,0.9783,mean,1,-1,-1,-1,-1
pneumoniamnist,active,entropy_diverse,34895,pneumoniamnist-final_active_best-entropy_diverse-init3p-batch3pb-epc5-budget30p-34895.pth,141,42,1412,3.0,30.0,3.0,5,1553,cycle,13,687,val,0.0474,0.9599,0.9467,0.9841,0.993,0.9709,mean,0,-1,-1,-1,-1
pneumoniamnist,active,entropy_diverse,34895,pneumoniamnist-final_active_best-entropy_diverse-init3p-batch3pb-epc5-budget30p-34895.pth,141,42,1412,3.0,30.0,3.0,5,1553,cycle,14,729,val,0.0527,0.9237,0.9084,0.9944,0.9982,0.9561,mean,0,-1,-1,-1,-1
pneumoniamnist,active,entropy_diverse,34895,pneumoniamnist-final_active_best-entropy_diverse-init3p-batch3pb-epc5-budget30p-34895.pth,141,42,1412,3.0,30.0,3.0,5,1553,cycle,15,771,val,0.0279,0.9599,0.9475,0.9927,0.9976,0.9744,mean,0,-1,-1,-1,-1
pneumoniamnist,active,entropy_diverse,34895,pneumoniamnist-final_active_best-entropy_diverse-init3p-batch3pb-epc5-budget30p-34895.pth,141,42,1412,3.0,30.0,3.0,5,1553,cycle,16,813,val,0.0355,0.9561,0.9436,0.9934,0.9977,0.9727,mean,0,-1,-1,-1,-1
pneumoniamnist,active,entropy_diverse,34895,pneumoniamnist-final_active_best-entropy_diverse-init3p-batch3pb-epc5-budget30p-34895.pth,141,42,1412,3.0,30.0,3.0,5,1553,cycle,17,855,val,0.0613,0.9695,0.9593,0.9923,0.9972,0.9796,mean,1,-1,-1,-1,-1
pneumoniamnist,active,entropy_diverse,34895,pneumoniamnist-final_active_best-entropy_diverse-init3p-batch3pb-epc5-budget30p-34895.pth,141,42,1412,3.0,30.0,3.0,5,1553,cycle,18,897,val,0.0395,0.9637,0.9529,0.9897,0.9962,0.9757,mean,0,-1,-1,-1,-1
pneumoniamnist,active,entropy_diverse,34895,pneumoniamnist-final_active_best-entropy_diverse-init3p-batch3pb-epc5-budget30p-34895.pth,141,42,1412,3.0,30.0,3.0,5,1553,cycle,19,939,val,0.0259,0.9656,0.9544,0.9828,0.9904,0.9733,mean,0,-1,-1,-1,-1
pneumoniamnist,active,entropy_diverse,34895,pneumoniamnist-final_active_best-entropy_diverse-init3p-batch3pb-epc5-budget30p-34895.pth,141,42,1412,3.0,30.0,3.0,5,1553,cycle,20,981,val,0.0317,0.9618,0.9491,0.9902,0.9959,0.9743,mean,0,-1,-1,-1,-1
pneumoniamnist,active,entropy_diverse,34895,pneumoniamnist-final_active_best-entropy_diverse-init3p-batch3pb-epc5-budget30p-34895.pth,141,42,1412,3.0,30.0,3.0,5,1553,cycle,21,1023,val,0.0173,0.9637,0.9525,0.9944,0.9981,0.9772,mean,0,-1,-1,-1,-1
pneumoniamnist,active,entropy_diverse,34895,pneumoniamnist-final_active_best-entropy_diverse-init3p-batch3pb-epc5-budget30p-34895.pth,141,42,1412,3.0,30.0,3.0,5,1553,cycle,22,1065,val,0.0509,0.9618,0.9508,0.9929,0.9977,0.9758,mean,0,-1,-1,-1,-1
pneumoniamnist,active,entropy_diverse,34895,pneumoniamnist-final_active_best-entropy_diverse-init3p-batch3pb-epc5-budget30p-34895.pth,141,42,1412,3.0,30.0,3.0,5,1553,cycle,23,1107,val,0.0163,0.9676,0.9573,0.9897,0.9957,0.9776,mean,0,-1,-1,-1,-1
pneumoniamnist,active,entropy_diverse,34895,pneumoniamnist-final_active_best-entropy_diverse-init3p-batch3pb-epc5-budget30p-34895.pth,141,42,1412,3.0,30.0,3.0,5,1553,cycle,24,1149,val,0.0176,0.9676,0.9585,0.9937,0.9978,0.9794,mean,0,-1,-1,-1,-1
pneumoniamnist,active,entropy_diverse,34895,pneumoniamnist-final_active_best-entropy_diverse-init3p-batch3pb-epc5-budget30p-34895.pth,141,42,1412,3.0,30.0,3.0,5,1553,cycle,25,1191,val,0.0196,0.9618,0.9496,0.9941,0.998,0.9759,mean,0,-1,-1,-1,-1
pneumoniamnist,active,entropy_diverse,34895,pneumoniamnist-final_active_best-entropy_diverse-init3p-batch3pb-epc5-budget30p-34895.pth,141,42,1412,3.0,30.0,3.0,5,1553,cycle,26,1233,val,0.0292,0.9656,0.9559,0.9929,0.9976,0.978,mean,0,-1,-1,-1,-1
pneumoniamnist,active,entropy_diverse,34895,pneumoniamnist-final_active_best-entropy_diverse-init3p-batch3pb-epc5-budget30p-34895.pth,141,42,1412,3.0,30.0,3.0,5,1553,cycle,27,1275,val,0.0397,0.9542,0.9373,0.9902,0.9967,0.9696,mean,0,-1,-1,-1,-1
pneumoniamnist,active,entropy_diverse,34895,pneumoniamnist-final_active_best-entropy_diverse-init3p-batch3pb-epc5-budget30p-34895.pth,141,42,1412,3.0,30.0,3.0,5,1553,cycle,28,1317,val,0.0342,0.9656,0.9553,0.9931,0.9977,0.9779,mean,0,-1,-1,-1,-1
pneumoniamnist,active,entropy_diverse,34895,pneumoniamnist-final_active_best-entropy_diverse-init3p-batch3pb-epc5-budget30p-34895.pth,141,42,1412,3.0,30.0,3.0,5,1553,cycle,29,1359,val,0.0086,0.9523,0.9403,0.9941,0.998,0.9712,mean,0,-1,-1,-1,-1
pneumoniamnist,active,entropy_diverse,34895,pneumoniamnist-final_active_best-entropy_diverse-init3p-batch3pb-epc5-budget30p-34895.pth,141,42,1412,3.0,30.0,3.0,5,1553,cycle,30,1401,val,0.016,0.9637,0.9542,0.9934,0.9979,0.9773,mean,0,-1,-1,-1,-1
pneumoniamnist,active,entropy_diverse,34895,pneumoniamnist-final_active_best-entropy_diverse-init3p-batch3pb-epc5-budget30p-34895.pth,141,42,1412,3.0,30.0,3.0,5,1553,cycle,31,1443,val,0.0125,0.9676,0.9575,0.9938,0.998,0.9792,mean,0,-1,-1,-1,-1
pneumoniamnist,active,entropy_diverse,34895,pneumoniamnist-final_active_best-entropy_diverse-init3p-batch3pb-epc5-budget30p-34895.pth,141,42,1412,3.0,30.0,3.0,5,1553,cycle,32,1485,val,0.0079,0.9656,0.9557,0.9945,0.9981,0.9785,mean,0,-1,-1,-1,-1
pneumoniamnist,active,entropy_diverse,34895,pneumoniamnist-final_active_best-entropy_diverse-init3p-batch3pb-epc5-budget30p-34895.pth,141,42,1412,3.0,30.0,3.0,5,1553,cycle,33,1553,val,0.0242,0.9466,0.9341,0.9947,0.9983,0.9684,mean,0,-1,-1,-1,-1
pneumoniamnist,active,entropy_diverse,34895,pneumoniamnist-final_active_best-entropy_diverse-init3p-batch3pb-epc5-budget30p-34895.pth,141,42,1412,3.0,30.0,3.0,5,1553,final,-1,855,test,-1,0.8301,0.7951,0.91,0.9108,,mean,-1,388,104,130,2
pneumoniamnist,active,entropy_diverse,148932,pneumoniamnist-final_active_best-entropy_diverse-init3p-batch3pb-epc5-budget30p-148932.pth,141,42,1412,3.0,30.0,3.0,5,1553,cycle,0,141,val,0.409,0.7424,0.4261,0.5067,0.7738,0.6122,mean,1,-1,-1,-1,-1
pneumoniamnist,active,entropy_diverse,148932,pneumoniamnist-final_active_best-entropy_diverse-init3p-batch3pb-epc5-budget30p-148932.pth,141,42,1412,3.0,30.0,3.0,5,1553,cycle,1,183,val,0.1274,0.7424,0.4261,0.5,0.7424,0.6027,mean,0,-1,-1,-1,-1
pneumoniamnist,active,entropy_diverse,148932,pneumoniamnist-final_active_best-entropy_diverse-init3p-batch3pb-epc5-budget30p-148932.pth,141,42,1412,3.0,30.0,3.0,5,1553,cycle,2,225,val,0.051,0.7424,0.4261,0.537,0.7568,0.6156,mean,1,-1,-1,-1,-1
pneumoniamnist,active,entropy_diverse,148932,pneumoniamnist-final_active_best-entropy_diverse-init3p-batch3pb-epc5-budget30p-148932.pth,141,42,1412,3.0,30.0,3.0,5,1553,cycle,3,267,val,0.0611,0.8397,0.73,0.8663,0.9233,0.8398,mean,1,-1,-1,-1,-1
pneumoniamnist,active,entropy_diverse,148932,pneumoniamnist-final_active_best-entropy_diverse-init3p-batch3pb-epc5-budget30p-148932.pth,141,42,1412,3.0,30.0,3.0,5,1553,cycle,4,309,val,0.0526,0.9351,0.9092,0.981,0.9927,0.9545,mean,1,-1,-1,-1,-1
pneumoniamnist,active,entropy_diverse,148932,pneumoniamnist-final_active_best-entropy_diverse-init3p-batch3pb-epc5-budget30p-148932.pth,141,42,1412,3.0,30.0,3.0,5,1553,cycle,5,351,val,0.0895,0.9427,0.9203,0.9624,0.9854,0.9527,mean,0,-1,-1,-1,-1
pneumoniamnist,active,entropy_diverse,148932,pneumoniamnist-final_active_best-entropy_diverse-init3p-batch3pb-epc5-budget30p-148932.pth,141,42,1412,3.0,30.0,3.0,5,1553,cycle,6,393,val,0.1077,0.9523,0.9365,0.9815,0.993,0.9658,mean,1,-1,-1,-1,-1
pneumoniamnist,active,entropy_diverse,148932,pneumoniamnist-final_active_best-entropy_diverse-init3p-batch3pb-epc5-budget30p-148932.pth,141,42,1412,3.0,30.0,3.0,5,1553,cycle,7,435,val,0.0848,0.9237,0.8925,0.9871,0.9957,0.9497,mean,0,-1,-1,-1,-1
pneumoniamnist,active,entropy_diverse,148932,pneumoniamnist-final_active_best-entropy_diverse-init3p-batch3pb-epc5-budget30p-148932.pth,141,42,1412,3.0,30.0,3.0,5,1553,cycle,8,477,val,0.1477,0.9237,0.8982,0.9787,0.993,0.9484,mean,0,-1,-1,-1,-1
pneumoniamnist,active,entropy_diverse,148932,pneumoniamnist-final_active_best-entropy_diverse-init3p-batch3pb-epc5-budget30p-148932.pth,141,42,1412,3.0,30.0,3.0,5,1553,cycle,9,519,val,0.0583,0.9466,0.9311,0.9836,0.994,0.9638,mean,0,-1,-1,-1,-1
pneumoniamnist,active,entropy_diverse,148932,pneumoniamnist-final_active_best-entropy_diverse-init3p-batch3pb-epc5-budget30p-148932.pth,141,42,1412,3.0,30.0,3.0,5,1553,cycle,10,561,val,0.0666,0.9656,0.9542,0.9814,0.9922,0.9734,mean,1,-1,-1,-1,-1
pneumoniamnist,active,entropy_diverse,148932,pneumoniamnist-final_active_best-entropy_diverse-init3p-batch3pb-epc5-budget30p-148932.pth,141,42,1412,3.0,30.0,3.0,5,1553,cycle,11,603,val,0.0498,0.9542,0.9392,0.9873,0.9955,0.9691,mean,0,-1,-1,-1,-1
pneumoniamnist,active,entropy_diverse,148932,pneumoniamnist-final_active_best-entropy_diverse-init3p-batch3pb-epc5-budget30p-148932.pth,141,42,1412,3.0,30.0,3.0,5,1553,cycle,12,645,val,0.0869,0.9618,0.9486,0.9795,0.9912,0.9703,mean,0,-1,-1,-1,-1
pneumoniamnist,active,entropy_diverse,148932,pneumoniamnist-final_active_best-entropy_diverse-init3p-batch3pb-epc5-budget30p-148932.pth,141,42,1412,3.0,30.0,3.0,5,1553,cycle,13,687,val,0.069,0.9504,0.9369,0.9924,0.9972,0.9692,mean,0,-1,-1,-1,-1
pneumoniamnist,active,entropy_diverse,148932,pneumoniamnist-final_active_best-entropy_diverse-init3p-batch3pb-epc5-budget30p-148932.pth,141,42,1412,3.0,30.0,3.0,5,1553,cycle,14,729,val,0.0559,0.9542,0.9389,0.9878,0.9957,0.9692,mean,0,-1,-1,-1,-1
pneumoniamnist,active,entropy_diverse,148932,pneumoniamnist-final_active_best-entropy_diverse-init3p-batch3pb-epc5-budget30p-148932.pth,141,42,1412,3.0,30.0,3.0,5,1553,cycle,15,771,val,0.0437,0.9332,0.9181,0.9927,0.9973,0.9603,mean,0,-1,-1,-1,-1
pneumoniamnist,active,entropy_diverse,148932,pneumoniamnist-final_active_best-entropy_diverse-init3p-batch3pb-epc5-budget30p-148932.pth,141,42,1412,3.0,30.0,3.0,5,1553,cycle,16,813,val,0.0582,0.9447,0.9316,0.9934,0.9978,0.9669,mean,0,-1,-1,-1,-1
pneumoniamnist,active,entropy_diverse,148932,pneumoniamnist-final_active_best-entropy_diverse-init3p-batch3pb-epc5-budget30p-148932.pth,141,42,1412,3.0,30.0,3.0,5,1553,cycle,17,855,val,0.0416,0.9695,0.9603,0.9926,0.9975,0.98,mean,1,-1,-1,-1,-1
pneumoniamnist,active,entropy_diverse,148932,pneumoniamnist-final_active_best-entropy_diverse-init3p-batch3pb-epc5-budget30p-148932.pth,141,42,1412,3.0,30.0,3.0,5,1553,cycle,18,897,val,0.0189,0.9695,0.9589,0.9926,0.9973,0.9796,mean,0,-1,-1,-1,-1
pneumoniamnist,active,entropy_diverse,148932,pneumoniamnist-final_active_best-entropy_diverse-init3p-batch3pb-epc5-budget30p-148932.pth,141,42,1412,3.0,30.0,3.0,5,1553,cycle,19,939,val,0.0288,0.9733,0.9652,0.9949,0.9983,0.9829,mean,1,-1,-1,-1,-1
pneumoniamnist,active,entropy_diverse,148932,pneumoniamnist-final_active_best-entropy_diverse-init3p-batch3pb-epc5-budget30p-148932.pth,141,42,1412,3.0,30.0,3.0,5,1553,cycle,20,981,val,0.0476,0.9752,0.9676,0.996,0.9988,0.9844,mean,1,-1,-1,-1,-1
pneumoniamnist,active,entropy_diverse,148932,pneumoniamnist-final_active_best-entropy_diverse-init3p-batch3pb-epc5-budget30p-148932.pth,141,42,1412,3.0,30.0,3.0,5,1553,cycle,21,1023,val,0.03,0.9599,0.9464,0.9907,0.9965,0.9734,mean,0,-1,-1,-1,-1
pneumoniamnist,active,entropy_diverse,148932,pneumoniamnist-final_active_best-entropy_diverse-init3p-batch3pb-epc5-budget30p-148932.pth,141,42,1412,3.0,30.0,3.0,5,1553,cycle,22,1065,val,0.0337,0.9695,0.9607,0.9947,0.9983,0.9808,mean,0,-1,-1,-1,-1
pneumoniamnist,active,entropy_diverse,148932,pneumoniamnist-final_active_best-entropy_diverse-init3p-batch3pb-epc5-budget30p-148932.pth,141,42,1412,3.0,30.0,3.0,5,1553,cycle,23,1107,val,0.0243,0.9714,0.9625,0.9939,0.998,0.9814,mean,0,-1,-1,-1,-1
pneumoniamnist,active,entropy_diverse,148932,pneumoniamnist-final_active_best-entropy_diverse-init3p-batch3pb-epc5-budget30p-148932.pth,141,42,1412,3.0,30.0,3.0,5,1553,cycle,24,1149,val,0.0337,0.9637,0.9542,0.9954,0.9985,0.978,mean,0,-1,-1,-1,-1
pneumoniamnist,active,entropy_diverse,148932,pneumoniamnist-final_active_best-entropy_diverse-init3p-batch3pb-epc5-budget30p-148932.pth,141,42,1412,3.0,30.0,3.0,5,1553,cycle,25,1191,val,0.0438,0.958,0.9476,0.9955,0.9986,0.9749,mean,0,-1,-1,-1,-1
pneumoniamnist,active,entropy_diverse,148932,pneumoniamnist-final_active_best-entropy_diverse-init3p-batch3pb-epc5-budget30p-148932.pth,141,42,1412,3.0,30.0,3.0,5,1553,cycle,26,1233,val,0.0152,0.9637,0.9538,0.9949,0.9984,0.9777,mean,0,-1,-1,-1,-1
pneumoniamnist,active,entropy_diverse,148932,pneumoniamnist-final_active_best-entropy_diverse-init3p-batch3pb-epc5-budget30p-148932.pth,141,42,1412,3.0,30.0,3.0,5,1553,cycle,27,1275,val,0.0222,0.9389,0.925,0.9951,0.9984,0.9644,mean,0,-1,-1,-1,-1
pneumoniamnist,active,entropy_diverse,148932,pneumoniamnist-final_active_best-entropy_diverse-init3p-batch3pb-epc5-budget30p-148932.pth,141,42,1412,3.0,30.0,3.0,5,1553,cycle,28,1317,val,0.0191,0.9714,0.963,0.9956,0.9984,0.9821,mean,0,-1,-1,-1,-1
pneumoniamnist,active,entropy_diverse,148932,pneumoniamnist-final_active_best-entropy_diverse-init3p-batch3pb-epc5-budget30p-148932.pth,141,42,1412,3.0,30.0,3.0,5,1553,cycle,29,1359,val,0.0273,0.9733,0.9659,0.9958,0.9987,0.9834,mean,0,-1,-1,-1,-1
pneumoniamnist,active,entropy_diverse,148932,pneumoniamnist-final_active_best-entropy_diverse-init3p-batch3pb-epc5-budget30p-148932.pth,141,42,1412,3.0,30.0,3.0,5,1553,cycle,30,1401,val,0.0143,0.9618,0.9515,0.9923,0.9973,0.9757,mean,0,-1,-1,-1,-1
pneumoniamnist,active,entropy_diverse,148932,pneumoniamnist-final_active_best-entropy_diverse-init3p-batch3pb-epc5-budget30p-148932.pth,141,42,1412,3.0,30.0,3.0,5,1553,cycle,31,1443,val,0.0235,0.9733,0.9657,0.9946,0.9983,0.983,mean,0,-1,-1,-1,-1
pneumoniamnist,active,entropy_diverse,148932,pneumoniamnist-final_active_best-entropy_diverse-init3p-batch3pb-epc5-budget30p-148932.pth,141,42,1412,3.0,30.0,3.0,5,1553,cycle,32,1485,val,0.0061,0.9733,0.9654,0.996,0.9988,0.9834,mean,0,-1,-1,-1,-1
pneumoniamnist,active,entropy_diverse,148932,pneumoniamnist-final_active_best-entropy_diverse-init3p-batch3pb-epc5-budget30p-148932.pth,141,42,1412,3.0,30.0,3.0,5,1553,cycle,33,1553,val,0.0083,0.9714,0.9637,0.9963,0.9989,0.9826,mean,0,-1,-1,-1,-1
pneumoniamnist,active,entropy_diverse,148932,pneumoniamnist-final_active_best-entropy_diverse-init3p-batch3pb-epc5-budget30p-148932.pth,141,42,1412,3.0,30.0,3.0,5,1553,final,-1,981,test,-1,0.8846,0.8679,0.918,0.9079,,mean,-1,387,69,165,3
pneumoniamnist,active,mc_bald_diverse,17,pneumoniamnist-final_active_best-mc_bald_diverse-init3p-batch3pb-epc5-budget30p-17.pth,141,42,1412,3.0,30.0,3.0,5,1553,cycle,0,141,val,0.2704,0.7424,0.4261,0.7885,0.912,0.7172,mean,1,-1,-1,-1,-1
pneumoniamnist,active,mc_bald_diverse,17,pneumoniamnist-final_active_best-mc_bald_diverse-init3p-batch3pb-epc5-budget30p-17.pth,141,42,1412,3.0,30.0,3.0,5,1553,cycle,1,183,val,0.112,0.7424,0.4261,0.586,0.8101,0.6411,mean,0,-1,-1,-1,-1
pneumoniamnist,active,mc_bald_diverse,17,pneumoniamnist-final_active_best-mc_bald_diverse-init3p-batch3pb-epc5-budget30p-17.pth,141,42,1412,3.0,30.0,3.0,5,1553,cycle,2,225,val,0.117,0.7424,0.4261,0.8608,0.9446,0.7435,mean,1,-1,-1,-1,-1
pneumoniamnist,active,mc_bald_diverse,17,pneumoniamnist-final_active_best-mc_bald_diverse-init3p-batch3pb-epc5-budget30p-17.pth,141,42,1412,3.0,30.0,3.0,5,1553,cycle,3,267,val,0.0375,0.7939,0.6057,0.9265,0.9714,0.8244,mean,1,-1,-1,-1,-1
pneumoniamnist,active,mc_bald_diverse,17,pneumoniamnist-final_active_best-mc_bald_diverse-init3p-batch3pb-epc5-budget30p-17.pth,141,42,1412,3.0,30.0,3.0,5,1553,cycle,4,309,val,0.0626,0.895,0.8752,0.9674,0.9892,0.9317,mean,1,-1,-1,-1,-1
pneumoniamnist,active,mc_bald_diverse,17,pneumoniamnist-final_active_best-mc_bald_diverse-init3p-batch3pb-epc5-budget30p-17.pth,141,42,1412,3.0,30.0,3.0,5,1553,cycle,5,351,val,0.0808,0.9084,0.8663,0.9614,0.9855,0.9304,mean,0,-1,-1,-1,-1
pneumoniamnist,active,mc_bald_diverse,17,pneumoniamnist-final_active_best-mc_bald_diverse-init3p-batch3pb-epc5-budget30p-17.pth,141,42,1412,3.0,30.0,3.0,5,1553,cycle,6,393,val,0.0723,0.8702,0.793,0.969,0.9835,0.9039,mean,0,-1,-1,-1,-1
pneumoniamnist,active,mc_bald_diverse,17,pneumoniamnist-final_active_best-mc_bald_diverse-init3p-batch3pb-epc5-budget30p-17.pth,141,42,1412,3.0,30.0,3.0,5,1553,cycle,7,435,val,0.0896,0.9275,0.8955,0.9568,0.9765,0.9391,mean,1,-1,-1,-1,-1
pneumoniamnist,active,mc_bald_diverse,17,pneumoniamnist-final_active_best-mc_bald_diverse-init3p-batch3pb-epc5-budget30p-17.pth,141,42,1412,3.0,30.0,3.0,5,1553,cycle,8,477,val,0.059,0.9332,0.9164,0.9838,0.9946,0.957,mean,1,-1,-1,-1,-1
pneumoniamnist,active,mc_bald_diverse,17,pneumoniamnist-final_active_best-mc_bald_diverse-init3p-batch3pb-epc5-budget30p-17.pth,141,42,1412,3.0,30.0,3.0,5,1553,cycle,9,519,val,0.062,0.9542,0.9389,0.9887,0.9961,0.9695,mean,1,-1,-1,-1,-1
pneumoniamnist,active,mc_bald_diverse,17,pneumoniamnist-final_active_best-mc_bald_diverse-init3p-batch3pb-epc5-budget30p-17.pth,141,42,1412,3.0,30.0,3.0,5,1553,cycle,10,561,val,0.0856,0.9351,0.9126,0.9847,0.9948,0.9568,mean,0,-1,-1,-1,-1
pneumoniamnist,active,mc_bald_diverse,17,pneumoniamnist-final_active_best-mc_bald_diverse-init3p-batch3pb-epc5-budget30p-17.pth,141,42,1412,3.0,30.0,3.0,5,1553,cycle,11,603,val,0.0598,0.9351,0.9121,0.9779,0.9916,0.9542,mean,0,-1,-1,-1,-1
pneumoniamnist,active,mc_bald_diverse,17,pneumoniamnist-final_active_best-mc_bald_diverse-init3p-batch3pb-epc5-budget30p-17.pth,141,42,1412,3.0,30.0,3.0,5,1553,cycle,12,645,val,0.0376,0.937,0.9194,0.9728,0.9896,0.9547,mean,0,-1,-1,-1,-1
pneumoniamnist,active,mc_bald_diverse,17,pneumoniamnist-final_active_best-mc_bald_diverse-init3p-batch3pb-epc5-budget30p-17.pth,141,42,1412,3.0,30.0,3.0,5,1553,cycle,13,687,val,0.0486,0.9332,0.9171,0.9876,0.9958,0.9584,mean,0,-1,-1,-1,-1
pneumoniamnist,active,mc_bald_diverse,17,pneumoniamnist-final_active_best-mc_bald_diverse-init3p-batch3pb-epc5-budget30p-17.pth,141,42,1412,3.0,30.0,3.0,5,1553,cycle,14,729,val,0.0372,0.9447,0.9244,0.9912,0.9972,0.9644,mean,0,-1,-1,-1,-1
pneumoniamnist,active,mc_bald_diverse,17,pneumoniamnist-final_active_best-mc_bald_diverse-init3p-batch3pb-epc5-budget30p-17.pth,141,42,1412,3.0,30.0,3.0,5,1553,cycle,15,771,val,0.0483,0.958,0.9469,0.9861,0.9945,0.9714,mean,1,-1,-1,-1,-1
pneumoniamnist,active,mc_bald_diverse,17,pneumoniamnist-final_active_best-mc_bald_diverse-init3p-batch3pb-epc5-budget30p-17.pth,141,42,1412,3.0,30.0,3.0,5,1553,cycle,16,813,val,0.0539,0.9408,0.9201,0.9844,0.9946,0.96,mean,0,-1,-1,-1,-1
pneumoniamnist,active,mc_bald_diverse,17,pneumoniamnist-final_active_best-mc_bald_diverse-init3p-batch3pb-epc5-budget30p-17.pth,141,42,1412,3.0,30.0,3.0,5,1553,cycle,17,855,val,0.038,0.9656,0.9537,0.9863,0.9933,0.9747,mean,1,-1,-1,-1,-1
pneumoniamnist,active,mc_bald_diverse,17,pneumoniamnist-final_active_best-mc_bald_diverse-init3p-batch3pb-epc5-budget30p-17.pth,141,42,1412,3.0,30.0,3.0,5,1553,cycle,18,897,val,0.0259,0.9561,0.9438,0.9875,0.9949,0.9706,mean,0,-1,-1,-1,-1
pneumoniamnist,active,mc_bald_diverse,17,pneumoniamnist-final_active_best-mc_bald_diverse-init3p-batch3pb-epc5-budget30p-17.pth,141,42,1412,3.0,30.0,3.0,5,1553,cycle,19,939,val,0.0458,0.9504,0.9348,0.9915,0.997,0.9684,mean,0,-1,-1,-1,-1
pneumoniamnist,active,mc_bald_diverse,17,pneumoniamnist-final_active_best-mc_bald_diverse-init3p-batch3pb-epc5-budget30p-17.pth,141,42,1412,3.0,30.0,3.0,5,1553,cycle,20,981,val,0.0291,0.9504,0.9361,0.9904,0.9964,0.9683,mean,0,-1,-1,-1,-1
pneumoniamnist,active,mc_bald_diverse,17,pneumoniamnist-final_active_best-mc_bald_diverse-init3p-batch3pb-epc5-budget30p-17.pth,141,42,1412,3.0,30.0,3.0,5,1553,cycle,21,1023,val,0.0186,0.937,0.9218,0.9881,0.9952,0.9605,mean,0,-1,-1,-1,-1
pneumoniamnist,active,mc_bald_diverse,17,pneumoniamnist-final_active_best-mc_bald_diverse-init3p-batch3pb-epc5-budget30p-17.pth,141,42,1412,3.0,30.0,3.0,5,1553,cycle,22,1065,val,0.0218,0.9485,0.9358,0.9925,0.9972,0.9685,mean,0,-1,-1,-1,-1
pneumoniamnist,active,mc_bald_diverse,17,pneumoniamnist-final_active_best-mc_bald_diverse-init3p-batch3pb-epc5-budget30p-17.pth,141,42,1412,3.0,30.0,3.0,5,1553,cycle,23,1107,val,0.0382,0.9618,0.9517,0.9923,0.9972,0.9758,mean,1,-1,-1,-1,-1
pneumoniamnist,active,mc_bald_diverse,17,pneumoniamnist-final_active_best-mc_bald_diverse-init3p-batch3pb-epc5-budget30p-17.pth,141,42,1412,3.0,30.0,3.0,5,1553,cycle,24,1149,val,0.0192,0.9656,0.9535,0.9948,0.9982,0.978,mean,1,-1,-1,-1,-1
pneumoniamnist,active,mc_bald_diverse,17,pneumoniamnist-final_active_best-mc_bald_diverse-init3p-batch3pb-epc5-budget30p-17.pth,141,42,1412,3.0,30.0,3.0,5,1553,cycle,25,1191,val,0.0269,0.9618,0.9486,0.9921,0.9971,0.9749,mean,0,-1,-1,-1,-1
pneumoniamnist,active,mc_bald_diverse,17,pneumoniamnist-final_active_best-mc_bald_diverse-init3p-batch3pb-epc5-budget30p-17.pth,141,42,1412,3.0,30.0,3.0,5,1553,cycle,26,1233,val,0.0054,0.9733,0.9656,0.9886,0.994,0.9804,mean,1,-1,-1,-1,-1
pneumoniamnist,active,mc_bald_diverse,17,pneumoniamnist-final_active_best-mc_bald_diverse-init3p-batch3pb-epc5-budget30p-17.pth,141,42,1412,3.0,30.0,3.0,5,1553,cycle,27,1275,val,0.0433,0.9656,0.9559,0.9899,0.9944,0.9765,mean,0,-1,-1,-1,-1
pneumoniamnist,active,mc_bald_diverse,17,pneumoniamnist-final_active_best-mc_bald_diverse-init3p-batch3pb-epc5-budget30p-17.pth,141,42,1412,3.0,30.0,3.0,5,1553,cycle,28,1317,val,0.0124,0.9695,0.9595,0.9764,0.9827,0.972,mean,0,-1,-1,-1,-1
pneumoniamnist,active,mc_bald_diverse,17,pneumoniamnist-final_active_best-mc_bald_diverse-init3p-batch3pb-epc5-budget30p-17.pth,141,42,1412,3.0,30.0,3.0,5,1553,cycle,29,1359,val,0.0182,0.958,0.9437,0.9755,0.9886,0.9665,mean,0,-1,-1,-1,-1
pneumoniamnist,active,mc_bald_diverse,17,pneumoniamnist-final_active_best-mc_bald_diverse-init3p-batch3pb-epc5-budget30p-17.pth,141,42,1412,3.0,30.0,3.0,5,1553,cycle,30,1401,val,0.0158,0.958,0.9431,0.9567,0.9707,0.9571,mean,0,-1,-1,-1,-1
pneumoniamnist,active,mc_bald_diverse,17,pneumoniamnist-final_active_best-mc_bald_diverse-init3p-batch3pb-epc5-budget30p-17.pth,141,42,1412,3.0,30.0,3.0,5,1553,cycle,31,1443,val,0.0212,0.9561,0.9428,0.9872,0.9947,0.9702,mean,0,-1,-1,-1,-1
pneumoniamnist,active,mc_bald_diverse,17,pneumoniamnist-final_active_best-mc_bald_diverse-init3p-batch3pb-epc5-budget30p-17.pth,141,42,1412,3.0,30.0,3.0,5,1553,cycle,32,1485,val,0.0082,0.958,0.944,0.989,0.996,0.9718,mean,0,-1,-1,-1,-1
pneumoniamnist,active,mc_bald_diverse,17,pneumoniamnist-final_active_best-mc_bald_diverse-init3p-batch3pb-epc5-budget30p-17.pth,141,42,1412,3.0,30.0,3.0,5,1553,cycle,33,1553,val,0.0249,0.9485,0.9308,0.9808,0.9901,0.9625,mean,0,-1,-1,-1,-1
pneumoniamnist,active,mc_bald_diverse,17,pneumoniamnist-final_active_best-mc_bald_diverse-init3p-batch3pb-epc5-budget30p-17.pth,141,42,1412,3.0,30.0,3.0,5,1553,final,-1,1233,test,-1,0.8894,0.8755,0.9255,0.9259,,mean,-1,382,61,173,8
pneumoniamnist,active,mc_bald_diverse,246,pneumoniamnist-final_active_best-mc_bald_diverse-init3p-batch3pb-epc5-budget30p-246.pth,141,42,1412,3.0,30.0,3.0,5,1553,cycle,0,141,val,0.3037,0.7424,0.4261,0.4856,0.7433,0.5993,mean,1,-1,-1,-1,-1
pneumoniamnist,active,mc_bald_diverse,246,pneumoniamnist-final_active_best-mc_bald_diverse-init3p-batch3pb-epc5-budget30p-246.pth,141,42,1412,3.0,30.0,3.0,5,1553,cycle,1,183,val,0.0945,0.7424,0.4261,0.5337,0.827,0.6323,mean,1,-1,-1,-1,-1
pneumoniamnist,active,mc_bald_diverse,246,pneumoniamnist-final_active_best-mc_bald_diverse-init3p-batch3pb-epc5-budget30p-246.pth,141,42,1412,3.0,30.0,3.0,5,1553,cycle,2,225,val,0.0874,0.7615,0.5164,0.8178,0.931,0.7567,mean,1,-1,-1,-1,-1
pneumoniamnist,active,mc_bald_diverse,246,pneumoniamnist-final_active_best-mc_bald_diverse-init3p-batch3pb-epc5-budget30p-246.pth,141,42,1412,3.0,30.0,3.0,5,1553,cycle,3,267,val,0.0637,0.7844,0.5767,0.9086,0.967,0.8092,mean,1,-1,-1,-1,-1
pneumoniamnist,active,mc_bald_diverse,246,pneumoniamnist-final_active_best-mc_bald_diverse-init3p-batch3pb-epc5-budget30p-246.pth,141,42,1412,3.0,30.0,3.0,5,1553,cycle,4,309,val,0.1153,0.9198,0.8837,0.9748,0.9895,0.942,mean,1,-1,-1,-1,-1
pneumoniamnist,active,mc_bald_diverse,246,pneumoniamnist-final_active_best-mc_bald_diverse-init3p-batch3pb-epc5-budget30p-246.pth,141,42,1412,3.0,30.0,3.0,5,1553,cycle,5,351,val,0.0747,0.9389,0.9159,0.977,0.9909,0.9557,mean,1,-1,-1,-1,-1
pneumoniamnist,active,mc_bald_diverse,246,pneumoniamnist-final_active_best-mc_bald_diverse-init3p-batch3pb-epc5-budget30p-246.pth,141,42,1412,3.0,30.0,3.0,5,1553,cycle,6,393,val,0.0803,0.8912,0.8687,0.9731,0.9904,0.9309,mean,0,-1,-1,-1,-1
pneumoniamnist,active,mc_bald_diverse,246,pneumoniamnist-final_active_best-mc_bald_diverse-init3p-batch3pb-epc5-budget30p-246.pth,141,42,1412,3.0,30.0,3.0,5,1553,cycle,7,435,val,0.0981,0.8664,0.8467,0.9828,0.9939,0.9224,mean,0,-1,-1,-1,-1
pneumoniamnist,active,mc_bald_diverse,246,pneumoniamnist-final_active_best-mc_bald_diverse-init3p-batch3pb-epc5-budget30p-246.pth,141,42,1412,3.0,30.0,3.0,5,1553,cycle,8,477,val,0.0489,0.9351,0.916,0.9737,0.9892,0.9535,mean,0,-1,-1,-1,-1
pneumoniamnist,active,mc_bald_diverse,246,pneumoniamnist-final_active_best-mc_bald_diverse-init3p-batch3pb-epc5-budget30p-246.pth,141,42,1412,3.0,30.0,3.0,5,1553,cycle,9,519,val,0.0873,0.9561,0.941,0.9843,0.9943,0.9689,mean,1,-1,-1,-1,-1
pneumoniamnist,active,mc_bald_diverse,246,pneumoniamnist-final_active_best-mc_bald_diverse-init3p-batch3pb-epc5-budget30p-246.pth,141,42,1412,3.0,30.0,3.0,5,1553,cycle,10,561,val,0.1077,0.855,0.7615,0.9592,0.9849,0.8901,mean,0,-1,-1,-1,-1
pneumoniamnist,active,mc_bald_diverse,246,pneumoniamnist-final_active_best-mc_bald_diverse-init3p-batch3pb-epc5-budget30p-246.pth,141,42,1412,3.0,30.0,3.0,5,1553,cycle,11,603,val,0.0557,0.9618,0.9508,0.9891,0.9952,0.9742,mean,1,-1,-1,-1,-1
pneumoniamnist,active,mc_bald_diverse,246,pneumoniamnist-final_active_best-mc_bald_diverse-init3p-batch3pb-epc5-budget30p-246.pth,141,42,1412,3.0,30.0,3.0,5,1553,cycle,12,645,val,0.0311,0.9389,0.9253,0.9941,0.998,0.9641,mean,0,-1,-1,-1,-1
pneumoniamnist,active,mc_bald_diverse,246,pneumoniamnist-final_active_best-mc_bald_diverse-init3p-batch3pb-epc5-budget30p-246.pth,141,42,1412,3.0,30.0,3.0,5,1553,cycle,13,687,val,0.0318,0.9466,0.926,0.9903,0.9966,0.9649,mean,0,-1,-1,-1,-1
pneumoniamnist,active,mc_bald_diverse,246,pneumoniamnist-final_active_best-mc_bald_diverse-init3p-batch3pb-epc5-budget30p-246.pth,141,42,1412,3.0,30.0,3.0,5,1553,cycle,14,729,val,0.0489,0.9485,0.9346,0.99,0.9965,0.9674,mean,0,-1,-1,-1,-1
pneumoniamnist,active,mc_bald_diverse,246,pneumoniamnist-final_active_best-mc_bald_diverse-init3p-batch3pb-epc5-budget30p-246.pth,141,42,1412,3.0,30.0,3.0,5,1553,cycle,15,771,val,0.0436,0.9332,0.9107,0.9824,0.9938,0.955,mean,0,-1,-1,-1,-1
pneumoniamnist,active,mc_bald_diverse,246,pneumoniamnist-final_active_best-mc_bald_diverse-init3p-batch3pb-epc5-budget30p-246.pth,141,42,1412,3.0,30.0,3.0,5,1553,cycle,16,813,val,0.0385,0.9542,0.937,0.9898,0.9962,0.9693,mean,0,-1,-1,-1,-1
pneumoniamnist,active,mc_bald_diverse,246,pneumoniamnist-final_active_best-mc_bald_diverse-init3p-batch3pb-epc5-budget30p-246.pth,141,42,1412,3.0,30.0,3.0,5,1553,cycle,17,855,val,0.0233,0.9523,0.9369,0.9924,0.9975,0.9698,mean,0,-1,-1,-1,-1
pneumoniamnist,active,mc_bald_diverse,246,pneumoniamnist-final_active_best-mc_bald_diverse-init3p-batch3pb-epc5-budget30p-246.pth,141,42,1412,3.0,30.0,3.0,5,1553,cycle,18,897,val,0.0341,0.9408,0.9275,0.9941,0.998,0.9651,mean,0,-1,-1,-1,-1
pneumoniamnist,active,mc_bald_diverse,246,pneumoniamnist-final_active_best-mc_bald_diverse-init3p-batch3pb-epc5-budget30p-246.pth,141,42,1412,3.0,30.0,3.0,5,1553,cycle,19,939,val,0.039,0.9523,0.9338,0.985,0.9933,0.9661,mean,0,-1,-1,-1,-1
pneumoniamnist,active,mc_bald_diverse,246,pneumoniamnist-final_active_best-mc_bald_diverse-init3p-batch3pb-epc5-budget30p-246.pth,141,42,1412,3.0,30.0,3.0,5,1553,cycle,20,981,val,0.0408,0.9676,0.9571,0.994,0.9979,0.9791,mean,1,-1,-1,-1,-1
pneumoniamnist,active,mc_bald_diverse,246,pneumoniamnist-final_active_best-mc_bald_diverse-init3p-batch3pb-epc5-budget30p-246.pth,141,42,1412,3.0,30.0,3.0,5,1553,cycle,21,1023,val,0.0073,0.9485,0.9297,0.9941,0.998,0.9676,mean,0,-1,-1,-1,-1
pneumoniamnist,active,mc_bald_diverse,246,pneumoniamnist-final_active_best-mc_bald_diverse-init3p-batch3pb-epc5-budget30p-246.pth,141,42,1412,3.0,30.0,3.0,5,1553,cycle,22,1065,val,0.0123,0.9695,0.9603,0.993,0.9975,0.9801,mean,1,-1,-1,-1,-1
pneumoniamnist,active,mc_bald_diverse,246,pneumoniamnist-final_active_best-mc_bald_diverse-init3p-batch3pb-epc5-budget30p-246.pth,141,42,1412,3.0,30.0,3.0,5,1553,cycle,23,1107,val,0.0337,0.9599,0.9453,0.9866,0.9931,0.9712,mean,0,-1,-1,-1,-1
pneumoniamnist,active,mc_bald_diverse,246,pneumoniamnist-final_active_best-mc_bald_diverse-init3p-batch3pb-epc5-budget30p-246.pth,141,42,1412,3.0,30.0,3.0,5,1553,cycle,24,1149,val,0.0125,0.9656,0.9553,0.9908,0.9955,0.9768,mean,0,-1,-1,-1,-1
pneumoniamnist,active,mc_bald_diverse,246,pneumoniamnist-final_active_best-mc_bald_diverse-init3p-batch3pb-epc5-budget30p-246.pth,141,42,1412,3.0,30.0,3.0,5,1553,cycle,25,1191,val,0.018,0.9637,0.9513,0.9965,0.9988,0.9776,mean,0,-1,-1,-1,-1
pneumoniamnist,active,mc_bald_diverse,246,pneumoniamnist-final_active_best-mc_bald_diverse-init3p-batch3pb-epc5-budget30p-246.pth,141,42,1412,3.0,30.0,3.0,5,1553,cycle,26,1233,val,0.0252,0.958,0.9449,0.9927,0.9975,0.9733,mean,0,-1,-1,-1,-1
pneumoniamnist,active,mc_bald_diverse,246,pneumoniamnist-final_active_best-mc_bald_diverse-init3p-batch3pb-epc5-budget30p-246.pth,141,42,1412,3.0,30.0,3.0,5,1553,cycle,27,1275,val,0.0156,0.9599,0.9459,0.9917,0.9959,0.9734,mean,0,-1,-1,-1,-1
pneumoniamnist,active,mc_bald_diverse,246,pneumoniamnist-final_active_best-mc_bald_diverse-init3p-batch3pb-epc5-budget30p-246.pth,141,42,1412,3.0,30.0,3.0,5,1553,cycle,28,1317,val,0.0275,0.9237,0.8886,0.9853,0.994,0.9479,mean,0,-1,-1,-1,-1
pneumoniamnist,active,mc_bald_diverse,246,pneumoniamnist-final_active_best-mc_bald_diverse-init3p-batch3pb-epc5-budget30p-246.pth,141,42,1412,3.0,30.0,3.0,5,1553,cycle,29,1359,val,0.0148,0.9466,0.9308,0.9835,0.9933,0.9635,mean,0,-1,-1,-1,-1
pneumoniamnist,active,mc_bald_diverse,246,pneumoniamnist-final_active_best-mc_bald_diverse-init3p-batch3pb-epc5-budget30p-246.pth,141,42,1412,3.0,30.0,3.0,5,1553,cycle,30,1401,val,0.0217,0.9618,0.9496,0.993,0.9976,0.9755,mean,0,-1,-1,-1,-1
pneumoniamnist,active,mc_bald_diverse,246,pneumoniamnist-final_active_best-mc_bald_diverse-init3p-batch3pb-epc5-budget30p-246.pth,141,42,1412,3.0,30.0,3.0,5,1553,cycle,31,1443,val,0.016,0.9733,0.9657,0.9957,0.9985,0.9833,mean,1,-1,-1,-1,-1
pneumoniamnist,active,mc_bald_diverse,246,pneumoniamnist-final_active_best-mc_bald_diverse-init3p-batch3pb-epc5-budget30p-246.pth,141,42,1412,3.0,30.0,3.0,5,1553,cycle,32,1485,val,0.0088,0.9695,0.9591,0.9863,0.9935,0.9771,mean,0,-1,-1,-1,-1
pneumoniamnist,active,mc_bald_diverse,246,pneumoniamnist-final_active_best-mc_bald_diverse-init3p-batch3pb-epc5-budget30p-246.pth,141,42,1412,3.0,30.0,3.0,5,1553,cycle,33,1553,val,0.016,0.9695,0.9591,0.9953,0.9985,0.9806,mean,0,-1,-1,-1,-1
pneumoniamnist,active,mc_bald_diverse,246,pneumoniamnist-final_active_best-mc_bald_diverse-init3p-batch3pb-epc5-budget30p-246.pth,141,42,1412,3.0,30.0,3.0,5,1553,final,-1,1443,test,-1,0.8878,0.8735,0.926,0.9179,,mean,-1,382,62,172,8
pneumoniamnist,active,mc_bald_diverse,9012,pneumoniamnist-final_active_best-mc_bald_diverse-init3p-batch3pb-epc5-budget30p-9012.pth,141,42,1412,3.0,30.0,3.0,5,1553,cycle,0,141,val,0.2974,0.7424,0.4261,0.6218,0.8146,0.6512,mean,1,-1,-1,-1,-1
pneumoniamnist,active,mc_bald_diverse,9012,pneumoniamnist-final_active_best-mc_bald_diverse-init3p-batch3pb-epc5-budget30p-9012.pth,141,42,1412,3.0,30.0,3.0,5,1553,cycle,1,183,val,0.1008,0.7424,0.4261,0.6524,0.8138,0.6587,mean,1,-1,-1,-1,-1
pneumoniamnist,active,mc_bald_diverse,9012,pneumoniamnist-final_active_best-mc_bald_diverse-init3p-batch3pb-epc5-budget30p-9012.pth,141,42,1412,3.0,30.0,3.0,5,1553,cycle,2,225,val,0.0408,0.75,0.4567,0.8033,0.9233,0.7333,mean,1,-1,-1,-1,-1
pneumoniamnist,active,mc_bald_diverse,9012,pneumoniamnist-final_active_best-mc_bald_diverse-init3p-batch3pb-epc5-budget30p-9012.pth,141,42,1412,3.0,30.0,3.0,5,1553,cycle,3,267,val,0.1113,0.8206,0.6979,0.9133,0.9637,0.8489,mean,1,-1,-1,-1,-1
pneumoniamnist,active,mc_bald_diverse,9012,pneumoniamnist-final_active_best-mc_bald_diverse-init3p-batch3pb-epc5-budget30p-9012.pth,141,42,1412,3.0,30.0,3.0,5,1553,cycle,4,309,val,0.036,0.9275,0.9033,0.9709,0.9892,0.9477,mean,1,-1,-1,-1,-1
pneumoniamnist,active,mc_bald_diverse,9012,pneumoniamnist-final_active_best-mc_bald_diverse-init3p-batch3pb-epc5-budget30p-9012.pth,141,42,1412,3.0,30.0,3.0,5,1553,cycle,5,351,val,0.1213,0.9294,0.9092,0.9779,0.9927,0.9523,mean,1,-1,-1,-1,-1
pneumoniamnist,active,mc_bald_diverse,9012,pneumoniamnist-final_active_best-mc_bald_diverse-init3p-batch3pb-epc5-budget30p-9012.pth,141,42,1412,3.0,30.0,3.0,5,1553,cycle,6,393,val,0.0789,0.9351,0.9144,0.981,0.9938,0.9561,mean,1,-1,-1,-1,-1
pneumoniamnist,active,mc_bald_diverse,9012,pneumoniamnist-final_active_best-mc_bald_diverse-init3p-batch3pb-epc5-budget30p-9012.pth,141,42,1412,3.0,30.0,3.0,5,1553,cycle,7,435,val,0.0964,0.937,0.9198,0.9837,0.9946,0.9588,mean,1,-1,-1,-1,-1
pneumoniamnist,active,mc_bald_diverse,9012,pneumoniamnist-final_active_best-mc_bald_diverse-init3p-batch3pb-epc5-budget30p-9012.pth,141,42,1412,3.0,30.0,3.0,5,1553,cycle,8,477,val,0.0345,0.9179,0.8813,0.9798,0.9929,0.943,mean,0,-1,-1,-1,-1
pneumoniamnist,active,mc_bald_diverse,9012,pneumoniamnist-final_active_best-mc_bald_diverse-init3p-batch3pb-epc5-budget30p-9012.pth,141,42,1412,3.0,30.0,3.0,5,1553,cycle,9,519,val,0.0797,0.9618,0.9499,0.9801,0.9923,0.971,mean,1,-1,-1,-1,-1
pneumoniamnist,active,mc_bald_diverse,9012,pneumoniamnist-final_active_best-mc_bald_diverse-init3p-batch3pb-epc5-budget30p-9012.pth,141,42,1412,3.0,30.0,3.0,5,1553,cycle,10,561,val,0.0464,0.9695,0.9605,0.9929,0.9975,0.9801,mean,1,-1,-1,-1,-1
pneumoniamnist,active,mc_bald_diverse,9012,pneumoniamnist-final_active_best-mc_bald_diverse-init3p-batch3pb-epc5-budget30p-9012.pth,141,42,1412,3.0,30.0,3.0,5,1553,cycle,11,603,val,0.0293,0.9599,0.9482,0.9909,0.997,0.974,mean,0,-1,-1,-1,-1
pneumoniamnist,active,mc_bald_diverse,9012,pneumoniamnist-final_active_best-mc_bald_diverse-init3p-batch3pb-epc5-budget30p-9012.pth,141,42,1412,3.0,30.0,3.0,5,1553,cycle,12,645,val,0.0814,0.9618,0.9494,0.9807,0.9893,0.9703,mean,0,-1,-1,-1,-1
pneumoniamnist,active,mc_bald_diverse,9012,pneumoniamnist-final_active_best-mc_bald_diverse-init3p-batch3pb-epc5-budget30p-9012.pth,141,42,1412,3.0,30.0,3.0,5,1553,cycle,13,687,val,0.0526,0.8969,0.8457,0.9597,0.9766,0.9198,mean,0,-1,-1,-1,-1
pneumoniamnist,active,mc_bald_diverse,9012,pneumoniamnist-final_active_best-mc_bald_diverse-init3p-batch3pb-epc5-budget30p-9012.pth,141,42,1412,3.0,30.0,3.0,5,1553,cycle,14,729,val,0.0411,0.9618,0.9508,0.9916,0.9972,0.9754,mean,0,-1,-1,-1,-1
pneumoniamnist,active,mc_bald_diverse,9012,pneumoniamnist-final_active_best-mc_bald_diverse-init3p-batch3pb-epc5-budget30p-9012.pth,141,42,1412,3.0,30.0,3.0,5,1553,cycle,15,771,val,0.054,0.9542,0.9398,0.988,0.9947,0.9692,mean,0,-1,-1,-1,-1
pneumoniamnist,active,mc_bald_diverse,9012,pneumoniamnist-final_active_best-mc_bald_diverse-init3p-batch3pb-epc5-budget30p-9012.pth,141,42,1412,3.0,30.0,3.0,5,1553,cycle,16,813,val,0.0203,0.9618,0.9521,0.993,0.9977,0.9762,mean,0,-1,-1,-1,-1
pneumoniamnist,active,mc_bald_diverse,9012,pneumoniamnist-final_active_best-mc_bald_diverse-init3p-batch3pb-epc5-budget30p-9012.pth,141,42,1412,3.0,30.0,3.0,5,1553,cycle,17,855,val,0.0622,0.9466,0.926,0.985,0.9945,0.963,mean,0,-1,-1,-1,-1
pneumoniamnist,active,mc_bald_diverse,9012,pneumoniamnist-final_active_best-mc_bald_diverse-init3p-batch3pb-epc5-budget30p-9012.pth,141,42,1412,3.0,30.0,3.0,5,1553,cycle,18,897,val,0.0164,0.9676,0.9583,0.9952,0.9984,0.9799,mean,0,-1,-1,-1,-1
pneumoniamnist,active,mc_bald_diverse,9012,pneumoniamnist-final_active_best-mc_bald_diverse-init3p-batch3pb-epc5-budget30p-9012.pth,141,42,1412,3.0,30.0,3.0,5,1553,cycle,19,939,val,0.0399,0.9351,0.9209,0.994,0.998,0.962,mean,0,-1,-1,-1,-1
pneumoniamnist,active,mc_bald_diverse,9012,pneumoniamnist-final_active_best-mc_bald_diverse-init3p-batch3pb-epc5-budget30p-9012.pth,141,42,1412,3.0,30.0,3.0,5,1553,cycle,20,981,val,0.0455,0.9561,0.9453,0.9949,0.9984,0.9737,mean,0,-1,-1,-1,-1
pneumoniamnist,active,mc_bald_diverse,9012,pneumoniamnist-final_active_best-mc_bald_diverse-init3p-batch3pb-epc5-budget30p-9012.pth,141,42,1412,3.0,30.0,3.0,5,1553,cycle,21,1023,val,0.0111,0.9504,0.9328,0.9929,0.9977,0.9684,mean,0,-1,-1,-1,-1
pneumoniamnist,active,mc_bald_diverse,9012,pneumoniamnist-final_active_best-mc_bald_diverse-init3p-batch3pb-epc5-budget30p-9012.pth,141,42,1412,3.0,30.0,3.0,5,1553,cycle,22,1065,val,0.0234,0.9637,0.951,0.9934,0.9977,0.9765,mean,0,-1,-1,-1,-1
pneumoniamnist,active,mc_bald_diverse,9012,pneumoniamnist-final_active_best-mc_bald_diverse-init3p-batch3pb-epc5-budget30p-9012.pth,141,42,1412,3.0,30.0,3.0,5,1553,cycle,23,1107,val,0.0455,0.9542,0.942,0.9922,0.9975,0.9715,mean,0,-1,-1,-1,-1
pneumoniamnist,active,mc_bald_diverse,9012,pneumoniamnist-final_active_best-mc_bald_diverse-init3p-batch3pb-epc5-budget30p-9012.pth,141,42,1412,3.0,30.0,3.0,5,1553,cycle,24,1149,val,0.0104,0.9656,0.9561,0.9936,0.9979,0.9783,mean,0,-1,-1,-1,-1
pneumoniamnist,active,mc_bald_diverse,9012,pneumoniamnist-final_active_best-mc_bald_diverse-init3p-batch3pb-epc5-budget30p-9012.pth,141,42,1412,3.0,30.0,3.0,5,1553,cycle,25,1191,val,0.0212,0.9676,0.9579,0.9915,0.9972,0.9785,mean,0,-1,-1,-1,-1
pneumoniamnist,active,mc_bald_diverse,9012,pneumoniamnist-final_active_best-mc_bald_diverse-init3p-batch3pb-epc5-budget30p-9012.pth,141,42,1412,3.0,30.0,3.0,5,1553,cycle,26,1233,val,0.0322,0.9637,0.9523,0.9907,0.9967,0.9759,mean,0,-1,-1,-1,-1
pneumoniamnist,active,mc_bald_diverse,9012,pneumoniamnist-final_active_best-mc_bald_diverse-init3p-batch3pb-epc5-budget30p-9012.pth,141,42,1412,3.0,30.0,3.0,5,1553,cycle,27,1275,val,0.0166,0.958,0.9459,0.9928,0.9977,0.9736,mean,0,-1,-1,-1,-1
pneumoniamnist,active,mc_bald_diverse,9012,pneumoniamnist-final_active_best-mc_bald_diverse-init3p-batch3pb-epc5-budget30p-9012.pth,141,42,1412,3.0,30.0,3.0,5,1553,cycle,28,1317,val,0.005,0.9771,0.9702,0.9965,0.9989,0.9857,mean,1,-1,-1,-1,-1
pneumoniamnist,active,mc_bald_diverse,9012,pneumoniamnist-final_active_best-mc_bald_diverse-init3p-batch3pb-epc5-budget30p-9012.pth,141,42,1412,3.0,30.0,3.0,5,1553,cycle,29,1359,val,0.0258,0.9618,0.9483,0.9932,0.9977,0.9753,mean,0,-1,-1,-1,-1
pneumoniamnist,active,mc_bald_diverse,9012,pneumoniamnist-final_active_best-mc_bald_diverse-init3p-batch3pb-epc5-budget30p-9012.pth,141,42,1412,3.0,30.0,3.0,5,1553,cycle,30,1401,val,0.0154,0.9618,0.9486,0.992,0.9973,0.9749,mean,0,-1,-1,-1,-1
pneumoniamnist,active,mc_bald_diverse,9012,pneumoniamnist-final_active_best-mc_bald_diverse-init3p-batch3pb-epc5-budget30p-9012.pth,141,42,1412,3.0,30.0,3.0,5,1553,cycle,31,1443,val,0.011,0.9656,0.9553,0.994,0.998,0.9783,mean,0,-1,-1,-1,-1
pneumoniamnist,active,mc_bald_diverse,9012,pneumoniamnist-final_active_best-mc_bald_diverse-init3p-batch3pb-epc5-budget30p-9012.pth,141,42,1412,3.0,30.0,3.0,5,1553,cycle,32,1485,val,0.0008,0.9714,0.9625,0.9938,0.998,0.9814,mean,0,-1,-1,-1,-1
pneumoniamnist,active,mc_bald_diverse,9012,pneumoniamnist-final_active_best-mc_bald_diverse-init3p-batch3pb-epc5-budget30p-9012.pth,141,42,1412,3.0,30.0,3.0,5,1553,cycle,33,1553,val,0.0278,0.9637,0.952,0.9884,0.9944,0.9746,mean,0,-1,-1,-1,-1
pneumoniamnist,active,mc_bald_diverse,9012,pneumoniamnist-final_active_best-mc_bald_diverse-init3p-batch3pb-epc5-budget30p-9012.pth,141,42,1412,3.0,30.0,3.0,5,1553,final,-1,1317,test,-1,0.851,0.8238,0.9051,0.9089,,mean,-1,388,91,143,2
pneumoniamnist,active,mc_bald_diverse,34895,pneumoniamnist-final_active_best-mc_bald_diverse-init3p-batch3pb-epc5-budget30p-34895.pth,141,42,1412,3.0,30.0,3.0,5,1553,cycle,0,141,val,0.4221,0.7424,0.4261,0.3237,0.6798,0.543,mean,1,-1,-1,-1,-1
pneumoniamnist,active,mc_bald_diverse,34895,pneumoniamnist-final_active_best-mc_bald_diverse-init3p-batch3pb-epc5-budget30p-34895.pth,141,42,1412,3.0,30.0,3.0,5,1553,cycle,1,183,val,0.1499,0.7424,0.4261,0.5522,0.8103,0.6327,mean,1,-1,-1,-1,-1
pneumoniamnist,active,mc_bald_diverse,34895,pneumoniamnist-final_active_best-mc_bald_diverse-init3p-batch3pb-epc5-budget30p-34895.pth,141,42,1412,3.0,30.0,3.0,5,1553,cycle,2,225,val,0.0846,0.7424,0.4261,0.6577,0.8661,0.673,mean,1,-1,-1,-1,-1
pneumoniamnist,active,mc_bald_diverse,34895,pneumoniamnist-final_active_best-mc_bald_diverse-init3p-batch3pb-epc5-budget30p-34895.pth,141,42,1412,3.0,30.0,3.0,5,1553,cycle,3,267,val,0.0792,0.8034,0.6367,0.8818,0.9514,0.8183,mean,1,-1,-1,-1,-1
pneumoniamnist,active,mc_bald_diverse,34895,pneumoniamnist-final_active_best-mc_bald_diverse-init3p-batch3pb-epc5-budget30p-34895.pth,141,42,1412,3.0,30.0,3.0,5,1553,cycle,4,309,val,0.1232,0.9218,0.9003,0.9771,0.992,0.9478,mean,1,-1,-1,-1,-1
pneumoniamnist,active,mc_bald_diverse,34895,pneumoniamnist-final_active_best-mc_bald_diverse-init3p-batch3pb-epc5-budget30p-34895.pth,141,42,1412,3.0,30.0,3.0,5,1553,cycle,5,351,val,0.0843,0.937,0.9183,0.9748,0.9904,0.9551,mean,1,-1,-1,-1,-1
pneumoniamnist,active,mc_bald_diverse,34895,pneumoniamnist-final_active_best-mc_bald_diverse-init3p-batch3pb-epc5-budget30p-34895.pth,141,42,1412,3.0,30.0,3.0,5,1553,cycle,6,393,val,0.0743,0.9313,0.9145,0.9787,0.993,0.9544,mean,0,-1,-1,-1,-1
pneumoniamnist,active,mc_bald_diverse,34895,pneumoniamnist-final_active_best-mc_bald_diverse-init3p-batch3pb-epc5-budget30p-34895.pth,141,42,1412,3.0,30.0,3.0,5,1553,cycle,7,435,val,0.0469,0.9218,0.9048,0.9867,0.9953,0.9521,mean,0,-1,-1,-1,-1
pneumoniamnist,active,mc_bald_diverse,34895,pneumoniamnist-final_active_best-mc_bald_diverse-init3p-batch3pb-epc5-budget30p-34895.pth,141,42,1412,3.0,30.0,3.0,5,1553,cycle,8,477,val,0.1061,0.9141,0.878,0.9775,0.9915,0.9403,mean,0,-1,-1,-1,-1
pneumoniamnist,active,mc_bald_diverse,34895,pneumoniamnist-final_active_best-mc_bald_diverse-init3p-batch3pb-epc5-budget30p-34895.pth,141,42,1412,3.0,30.0,3.0,5,1553,cycle,9,519,val,0.0436,0.958,0.9451,0.9864,0.995,0.9711,mean,1,-1,-1,-1,-1
pneumoniamnist,active,mc_bald_diverse,34895,pneumoniamnist-final_active_best-mc_bald_diverse-init3p-batch3pb-epc5-budget30p-34895.pth,141,42,1412,3.0,30.0,3.0,5,1553,cycle,10,561,val,0.0455,0.9084,0.8671,0.947,0.9711,0.9234,mean,0,-1,-1,-1,-1
pneumoniamnist,active,mc_bald_diverse,34895,pneumoniamnist-final_active_best-mc_bald_diverse-init3p-batch3pb-epc5-budget30p-34895.pth,141,42,1412,3.0,30.0,3.0,5,1553,cycle,11,603,val,0.0558,0.7271,0.7143,0.9613,0.9878,0.8476,mean,0,-1,-1,-1,-1
pneumoniamnist,active,mc_bald_diverse,34895,pneumoniamnist-final_active_best-mc_bald_diverse-init3p-batch3pb-epc5-budget30p-34895.pth,141,42,1412,3.0,30.0,3.0,5,1553,cycle,12,645,val,0.0429,0.9542,0.9389,0.9841,0.9943,0.9679,mean,0,-1,-1,-1,-1
pneumoniamnist,active,mc_bald_diverse,34895,pneumoniamnist-final_active_best-mc_bald_diverse-init3p-batch3pb-epc5-budget30p-34895.pth,141,42,1412,3.0,30.0,3.0,5,1553,cycle,13,687,val,0.049,0.958,0.9437,0.9893,0.996,0.9718,mean,1,-1,-1,-1,-1
pneumoniamnist,active,mc_bald_diverse,34895,pneumoniamnist-final_active_best-mc_bald_diverse-init3p-batch3pb-epc5-budget30p-34895.pth,141,42,1412,3.0,30.0,3.0,5,1553,cycle,14,729,val,0.0466,0.9695,0.9597,0.9878,0.9956,0.9781,mean,1,-1,-1,-1,-1
pneumoniamnist,active,mc_bald_diverse,34895,pneumoniamnist-final_active_best-mc_bald_diverse-init3p-batch3pb-epc5-budget30p-34895.pth,141,42,1412,3.0,30.0,3.0,5,1553,cycle,15,771,val,0.0267,0.9656,0.9549,0.9849,0.9925,0.9745,mean,0,-1,-1,-1,-1
pneumoniamnist,active,mc_bald_diverse,34895,pneumoniamnist-final_active_best-mc_bald_diverse-init3p-batch3pb-epc5-budget30p-34895.pth,141,42,1412,3.0,30.0,3.0,5,1553,cycle,16,813,val,0.0656,0.9676,0.9569,0.9907,0.997,0.978,mean,0,-1,-1,-1,-1
pneumoniamnist,active,mc_bald_diverse,34895,pneumoniamnist-final_active_best-mc_bald_diverse-init3p-batch3pb-epc5-budget30p-34895.pth,141,42,1412,3.0,30.0,3.0,5,1553,cycle,17,855,val,0.0405,0.9752,0.9676,0.9943,0.998,0.9838,mean,1,-1,-1,-1,-1
pneumoniamnist,active,mc_bald_diverse,34895,pneumoniamnist-final_active_best-mc_bald_diverse-init3p-batch3pb-epc5-budget30p-34895.pth,141,42,1412,3.0,30.0,3.0,5,1553,cycle,18,897,val,0.0445,0.9618,0.9496,0.9921,0.9974,0.9752,mean,0,-1,-1,-1,-1
pneumoniamnist,active,mc_bald_diverse,34895,pneumoniamnist-final_active_best-mc_bald_diverse-init3p-batch3pb-epc5-budget30p-34895.pth,141,42,1412,3.0,30.0,3.0,5,1553,cycle,19,939,val,0.0315,0.9542,0.938,0.9738,0.9878,0.9634,mean,0,-1,-1,-1,-1
pneumoniamnist,active,mc_bald_diverse,34895,pneumoniamnist-final_active_best-mc_bald_diverse-init3p-batch3pb-epc5-budget30p-34895.pth,141,42,1412,3.0,30.0,3.0,5,1553,cycle,20,981,val,0.0346,0.9733,0.9656,0.9938,0.9978,0.9826,mean,0,-1,-1,-1,-1
pneumoniamnist,active,mc_bald_diverse,34895,pneumoniamnist-final_active_best-mc_bald_diverse-init3p-batch3pb-epc5-budget30p-34895.pth,141,42,1412,3.0,30.0,3.0,5,1553,cycle,21,1023,val,0.0154,0.7939,0.6096,0.8951,0.9381,0.8092,mean,0,-1,-1,-1,-1
pneumoniamnist,active,mc_bald_diverse,34895,pneumoniamnist-final_active_best-mc_bald_diverse-init3p-batch3pb-epc5-budget30p-34895.pth,141,42,1412,3.0,30.0,3.0,5,1553,cycle,22,1065,val,0.055,0.9695,0.9589,0.9877,0.9949,0.9777,mean,0,-1,-1,-1,-1
pneumoniamnist,active,mc_bald_diverse,34895,pneumoniamnist-final_active_best-mc_bald_diverse-init3p-batch3pb-epc5-budget30p-34895.pth,141,42,1412,3.0,30.0,3.0,5,1553,cycle,23,1107,val,0.0157,0.9599,0.9472,0.9945,0.9982,0.975,mean,0,-1,-1,-1,-1
pneumoniamnist,active,mc_bald_diverse,34895,pneumoniamnist-final_active_best-mc_bald_diverse-init3p-batch3pb-epc5-budget30p-34895.pth,141,42,1412,3.0,30.0,3.0,5,1553,cycle,24,1149,val,0.0258,0.9695,0.9601,0.9891,0.9946,0.9783,mean,0,-1,-1,-1,-1
pneumoniamnist,active,mc_bald_diverse,34895,pneumoniamnist-final_active_best-mc_bald_diverse-init3p-batch3pb-epc5-budget30p-34895.pth,141,42,1412,3.0,30.0,3.0,5,1553,cycle,25,1191,val,0.0324,0.9599,0.9462,0.9924,0.9975,0.974,mean,0,-1,-1,-1,-1
pneumoniamnist,active,mc_bald_diverse,34895,pneumoniamnist-final_active_best-mc_bald_diverse-init3p-batch3pb-epc5-budget30p-34895.pth,141,42,1412,3.0,30.0,3.0,5,1553,cycle,26,1233,val,0.033,0.9523,0.94,0.9941,0.998,0.9711,mean,0,-1,-1,-1,-1
pneumoniamnist,active,mc_bald_diverse,34895,pneumoniamnist-final_active_best-mc_bald_diverse-init3p-batch3pb-epc5-budget30p-34895.pth,141,42,1412,3.0,30.0,3.0,5,1553,cycle,27,1275,val,0.0224,0.9466,0.9252,0.9846,0.9939,0.9625,mean,0,-1,-1,-1,-1
pneumoniamnist,active,mc_bald_diverse,34895,pneumoniamnist-final_active_best-mc_bald_diverse-init3p-batch3pb-epc5-budget30p-34895.pth,141,42,1412,3.0,30.0,3.0,5,1553,cycle,28,1317,val,0.0165,0.958,0.9434,0.991,0.9969,0.9723,mean,0,-1,-1,-1,-1
pneumoniamnist,active,mc_bald_diverse,34895,pneumoniamnist-final_active_best-mc_bald_diverse-init3p-batch3pb-epc5-budget30p-34895.pth,141,42,1412,3.0,30.0,3.0,5,1553,cycle,29,1359,val,0.0164,0.9656,0.9557,0.9936,0.9979,0.9782,mean,0,-1,-1,-1,-1
pneumoniamnist,active,mc_bald_diverse,34895,pneumoniamnist-final_active_best-mc_bald_diverse-init3p-batch3pb-epc5-budget30p-34895.pth,141,42,1412,3.0,30.0,3.0,5,1553,cycle,30,1401,val,0.0095,0.9351,0.9209,0.994,0.9981,0.962,mean,0,-1,-1,-1,-1
pneumoniamnist,active,mc_bald_diverse,34895,pneumoniamnist-final_active_best-mc_bald_diverse-init3p-batch3pb-epc5-budget30p-34895.pth,141,42,1412,3.0,30.0,3.0,5,1553,cycle,31,1443,val,0.0232,0.9332,0.9167,0.9857,0.9952,0.9577,mean,0,-1,-1,-1,-1
pneumoniamnist,active,mc_bald_diverse,34895,pneumoniamnist-final_active_best-mc_bald_diverse-init3p-batch3pb-epc5-budget30p-34895.pth,141,42,1412,3.0,30.0,3.0,5,1553,cycle,32,1485,val,0.0371,0.9676,0.9573,0.9961,0.9987,0.9799,mean,0,-1,-1,-1,-1
pneumoniamnist,active,mc_bald_diverse,34895,pneumoniamnist-final_active_best-mc_bald_diverse-init3p-batch3pb-epc5-budget30p-34895.pth,141,42,1412,3.0,30.0,3.0,5,1553,cycle,33,1553,val,0.0168,0.9695,0.9597,0.9936,0.9979,0.9802,mean,0,-1,-1,-1,-1
pneumoniamnist,active,mc_bald_diverse,34895,pneumoniamnist-final_active_best-mc_bald_diverse-init3p-batch3pb-epc5-budget30p-34895.pth,141,42,1412,3.0,30.0,3.0,5,1553,final,-1,855,test,-1,0.8462,0.8189,0.8988,0.9004,,mean,-1,385,91,143,5
pneumoniamnist,active,mc_bald_diverse,148932,pneumoniamnist-final_active_best-mc_bald_diverse-init3p-batch3pb-epc5-budget30p-148932.pth,141,42,1412,3.0,30.0,3.0,5,1553,cycle,0,141,val,0.409,0.7424,0.4261,0.5067,0.7738,0.6122,mean,1,-1,-1,-1,-1
pneumoniamnist,active,mc_bald_diverse,148932,pneumoniamnist-final_active_best-mc_bald_diverse-init3p-batch3pb-epc5-budget30p-148932.pth,141,42,1412,3.0,30.0,3.0,5,1553,cycle,1,183,val,0.1004,0.7424,0.4261,0.5997,0.8154,0.6459,mean,1,-1,-1,-1,-1
pneumoniamnist,active,mc_bald_diverse,148932,pneumoniamnist-final_active_best-mc_bald_diverse-init3p-batch3pb-epc5-budget30p-148932.pth,141,42,1412,3.0,30.0,3.0,5,1553,cycle,2,225,val,0.1334,0.7424,0.4261,0.6518,0.8504,0.6676,mean,1,-1,-1,-1,-1
pneumoniamnist,active,mc_bald_diverse,148932,pneumoniamnist-final_active_best-mc_bald_diverse-init3p-batch3pb-epc5-budget30p-148932.pth,141,42,1412,3.0,30.0,3.0,5,1553,cycle,3,267,val,0.0343,0.8149,0.6642,0.8493,0.9225,0.8127,mean,1,-1,-1,-1,-1
pneumoniamnist,active,mc_bald_diverse,148932,pneumoniamnist-final_active_best-mc_bald_diverse-init3p-batch3pb-epc5-budget30p-148932.pth,141,42,1412,3.0,30.0,3.0,5,1553,cycle,4,309,val,0.0295,0.9351,0.9112,0.9699,0.9888,0.9512,mean,1,-1,-1,-1,-1
pneumoniamnist,active,mc_bald_diverse,148932,pneumoniamnist-final_active_best-mc_bald_diverse-init3p-batch3pb-epc5-budget30p-148932.pth,141,42,1412,3.0,30.0,3.0,5,1553,cycle,5,351,val,0.0988,0.7557,0.7407,0.976,0.9919,0.8661,mean,0,-1,-1,-1,-1
pneumoniamnist,active,mc_bald_diverse,148932,pneumoniamnist-final_active_best-mc_bald_diverse-init3p-batch3pb-epc5-budget30p-148932.pth,141,42,1412,3.0,30.0,3.0,5,1553,cycle,6,393,val,0.0712,0.9179,0.8855,0.9779,0.9917,0.9432,mean,0,-1,-1,-1,-1
pneumoniamnist,active,mc_bald_diverse,148932,pneumoniamnist-final_active_best-mc_bald_diverse-init3p-batch3pb-epc5-budget30p-148932.pth,141,42,1412,3.0,30.0,3.0,5,1553,cycle,7,435,val,0.0727,0.9561,0.9407,0.9783,0.9916,0.9667,mean,1,-1,-1,-1,-1
pneumoniamnist,active,mc_bald_diverse,148932,pneumoniamnist-final_active_best-mc_bald_diverse-init3p-batch3pb-epc5-budget30p-148932.pth,141,42,1412,3.0,30.0,3.0,5,1553,cycle,8,477,val,0.0642,0.9485,0.9344,0.9797,0.9921,0.9637,mean,0,-1,-1,-1,-1
pneumoniamnist,active,mc_bald_diverse,148932,pneumoniamnist-final_active_best-mc_bald_diverse-init3p-batch3pb-epc5-budget30p-148932.pth,141,42,1412,3.0,30.0,3.0,5,1553,cycle,9,519,val,0.0576,0.8168,0.6692,0.9653,0.9839,0.8588,mean,0,-1,-1,-1,-1
pneumoniamnist,active,mc_bald_diverse,148932,pneumoniamnist-final_active_best-mc_bald_diverse-init3p-batch3pb-epc5-budget30p-148932.pth,141,42,1412,3.0,30.0,3.0,5,1553,cycle,10,561,val,0.0546,0.9447,0.9307,0.986,0.995,0.9641,mean,0,-1,-1,-1,-1
pneumoniamnist,active,mc_bald_diverse,148932,pneumoniamnist-final_active_best-mc_bald_diverse-init3p-batch3pb-epc5-budget30p-148932.pth,141,42,1412,3.0,30.0,3.0,5,1553,cycle,11,603,val,0.0417,0.9523,0.94,0.9897,0.9966,0.9696,mean,1,-1,-1,-1,-1
pneumoniamnist,active,mc_bald_diverse,148932,pneumoniamnist-final_active_best-mc_bald_diverse-init3p-batch3pb-epc5-budget30p-148932.pth,141,42,1412,3.0,30.0,3.0,5,1553,cycle,12,645,val,0.0356,0.9523,0.9362,0.9863,0.9947,0.9674,mean,0,-1,-1,-1,-1
pneumoniamnist,active,mc_bald_diverse,148932,pneumoniamnist-final_active_best-mc_bald_diverse-init3p-batch3pb-epc5-budget30p-148932.pth,141,42,1412,3.0,30.0,3.0,5,1553,cycle,13,687,val,0.0354,0.9351,0.9081,0.9737,0.9887,0.9514,mean,0,-1,-1,-1,-1
pneumoniamnist,active,mc_bald_diverse,148932,pneumoniamnist-final_active_best-mc_bald_diverse-init3p-batch3pb-epc5-budget30p-148932.pth,141,42,1412,3.0,30.0,3.0,5,1553,cycle,14,729,val,0.0237,0.958,0.9464,0.9928,0.9974,0.9737,mean,1,-1,-1,-1,-1
pneumoniamnist,active,mc_bald_diverse,148932,pneumoniamnist-final_active_best-mc_bald_diverse-init3p-batch3pb-epc5-budget30p-148932.pth,141,42,1412,3.0,30.0,3.0,5,1553,cycle,15,771,val,0.0541,0.9218,0.8882,0.9628,0.9846,0.9393,mean,0,-1,-1,-1,-1
pneumoniamnist,active,mc_bald_diverse,148932,pneumoniamnist-final_active_best-mc_bald_diverse-init3p-batch3pb-epc5-budget30p-148932.pth,141,42,1412,3.0,30.0,3.0,5,1553,cycle,16,813,val,0.0338,0.9714,0.9621,0.9886,0.9949,0.9793,mean,1,-1,-1,-1,-1
pneumoniamnist,active,mc_bald_diverse,148932,pneumoniamnist-final_active_best-mc_bald_diverse-init3p-batch3pb-epc5-budget30p-148932.pth,141,42,1412,3.0,30.0,3.0,5,1553,cycle,17,855,val,0.0108,0.9733,0.9646,0.9924,0.9971,0.9818,mean,1,-1,-1,-1,-1
pneumoniamnist,active,mc_bald_diverse,148932,pneumoniamnist-final_active_best-mc_bald_diverse-init3p-batch3pb-epc5-budget30p-148932.pth,141,42,1412,3.0,30.0,3.0,5,1553,cycle,18,897,val,0.0259,0.958,0.9456,0.9817,0.9912,0.9691,mean,0,-1,-1,-1,-1
pneumoniamnist,active,mc_bald_diverse,148932,pneumoniamnist-final_active_best-mc_bald_diverse-init3p-batch3pb-epc5-budget30p-148932.pth,141,42,1412,3.0,30.0,3.0,5,1553,cycle,19,939,val,0.0437,0.9599,0.9482,0.9857,0.994,0.972,mean,0,-1,-1,-1,-1
pneumoniamnist,active,mc_bald_diverse,148932,pneumoniamnist-final_active_best-mc_bald_diverse-init3p-batch3pb-epc5-budget30p-148932.pth,141,42,1412,3.0,30.0,3.0,5,1553,cycle,20,981,val,0.0172,0.9733,0.9649,0.9903,0.9963,0.9812,mean,0,-1,-1,-1,-1
pneumoniamnist,active,mc_bald_diverse,148932,pneumoniamnist-final_active_best-mc_bald_diverse-init3p-batch3pb-epc5-budget30p-148932.pth,141,42,1412,3.0,30.0,3.0,5,1553,cycle,21,1023,val,0.0223,0.9637,0.9534,0.99,0.995,0.9755,mean,0,-1,-1,-1,-1
pneumoniamnist,active,mc_bald_diverse,148932,pneumoniamnist-final_active_best-mc_bald_diverse-init3p-batch3pb-epc5-budget30p-148932.pth,141,42,1412,3.0,30.0,3.0,5,1553,cycle,22,1065,val,0.0316,0.9618,0.951,0.9909,0.9966,0.9751,mean,0,-1,-1,-1,-1
pneumoniamnist,active,mc_bald_diverse,148932,pneumoniamnist-final_active_best-mc_bald_diverse-init3p-batch3pb-epc5-budget30p-148932.pth,141,42,1412,3.0,30.0,3.0,5,1553,cycle,23,1107,val,0.0205,0.9561,0.9428,0.9899,0.996,0.9712,mean,0,-1,-1,-1,-1
pneumoniamnist,active,mc_bald_diverse,148932,pneumoniamnist-final_active_best-mc_bald_diverse-init3p-batch3pb-epc5-budget30p-148932.pth,141,42,1412,3.0,30.0,3.0,5,1553,cycle,24,1149,val,0.0281,0.9523,0.9389,0.987,0.995,0.9683,mean,0,-1,-1,-1,-1
pneumoniamnist,active,mc_bald_diverse,148932,pneumoniamnist-final_active_best-mc_bald_diverse-init3p-batch3pb-epc5-budget30p-148932.pth,141,42,1412,3.0,30.0,3.0,5,1553,cycle,25,1191,val,0.0478,0.9485,0.9293,0.9877,0.9952,0.9652,mean,0,-1,-1,-1,-1
pneumoniamnist,active,mc_bald_diverse,148932,pneumoniamnist-final_active_best-mc_bald_diverse-init3p-batch3pb-epc5-budget30p-148932.pth,141,42,1412,3.0,30.0,3.0,5,1553,cycle,26,1233,val,0.0176,0.9618,0.9513,0.9955,0.9985,0.9768,mean,0,-1,-1,-1,-1
pneumoniamnist,active,mc_bald_diverse,148932,pneumoniamnist-final_active_best-mc_bald_diverse-init3p-batch3pb-epc5-budget30p-148932.pth,141,42,1412,3.0,30.0,3.0,5,1553,cycle,27,1275,val,0.0251,0.9695,0.9599,0.9905,0.9964,0.9791,mean,0,-1,-1,-1,-1
pneumoniamnist,active,mc_bald_diverse,148932,pneumoniamnist-final_active_best-mc_bald_diverse-init3p-batch3pb-epc5-budget30p-148932.pth,141,42,1412,3.0,30.0,3.0,5,1553,cycle,28,1317,val,0.0203,0.9714,0.9627,0.99,0.9921,0.979,mean,0,-1,-1,-1,-1
pneumoniamnist,active,mc_bald_diverse,148932,pneumoniamnist-final_active_best-mc_bald_diverse-init3p-batch3pb-epc5-budget30p-148932.pth,141,42,1412,3.0,30.0,3.0,5,1553,cycle,29,1359,val,0.0165,0.9695,0.9605,0.9917,0.9966,0.9795,mean,0,-1,-1,-1,-1
pneumoniamnist,active,mc_bald_diverse,148932,pneumoniamnist-final_active_best-mc_bald_diverse-init3p-batch3pb-epc5-budget30p-148932.pth,141,42,1412,3.0,30.0,3.0,5,1553,cycle,30,1401,val,0.011,0.9561,0.9433,0.992,0.9972,0.9722,mean,0,-1,-1,-1,-1
pneumoniamnist,active,mc_bald_diverse,148932,pneumoniamnist-final_active_best-mc_bald_diverse-init3p-batch3pb-epc5-budget30p-148932.pth,141,42,1412,3.0,30.0,3.0,5,1553,cycle,31,1443,val,0.0187,0.9618,0.9486,0.9911,0.9961,0.9744,mean,0,-1,-1,-1,-1
pneumoniamnist,active,mc_bald_diverse,148932,pneumoniamnist-final_active_best-mc_bald_diverse-init3p-batch3pb-epc5-budget30p-148932.pth,141,42,1412,3.0,30.0,3.0,5,1553,cycle,32,1485,val,0.0049,0.9618,0.9513,0.9955,0.9985,0.9768,mean,0,-1,-1,-1,-1
pneumoniamnist,active,mc_bald_diverse,148932,pneumoniamnist-final_active_best-mc_bald_diverse-init3p-batch3pb-epc5-budget30p-148932.pth,141,42,1412,3.0,30.0,3.0,5,1553,cycle,33,1553,val,0.0127,0.9771,0.9702,0.9905,0.9956,0.9834,mean,1,-1,-1,-1,-1
pneumoniamnist,active,mc_bald_diverse,148932,pneumoniamnist-final_active_best-mc_bald_diverse-init3p-batch3pb-epc5-budget30p-148932.pth,141,42,1412,3.0,30.0,3.0,5,1553,final,-1,1553,test,-1,0.8686,0.8475,0.8976,0.905,,mean,-1,387,79,155,3
pneumoniamnist,active,egl_fc,17,pneumoniamnist-final_active_best-egl_fc-init3p-batch3pb-epc5-budget30p-17.pth,141,42,1412,3.0,30.0,3.0,5,1553,cycle,0,141,val,0.2704,0.7424,0.4261,0.7885,0.912,0.7172,mean,1,-1,-1,-1,-1
pneumoniamnist,active,egl_fc,17,pneumoniamnist-final_active_best-egl_fc-init3p-batch3pb-epc5-budget30p-17.pth,141,42,1412,3.0,30.0,3.0,5,1553,cycle,1,183,val,0.3341,0.7424,0.4261,0.783,0.9104,0.7155,mean,0,-1,-1,-1,-1
pneumoniamnist,active,egl_fc,17,pneumoniamnist-final_active_best-egl_fc-init3p-batch3pb-epc5-budget30p-17.pth,141,42,1412,3.0,30.0,3.0,5,1553,cycle,2,225,val,0.1324,0.7424,0.4261,0.8486,0.9283,0.7364,mean,1,-1,-1,-1,-1
pneumoniamnist,active,egl_fc,17,pneumoniamnist-final_active_best-egl_fc-init3p-batch3pb-epc5-budget30p-17.pth,141,42,1412,3.0,30.0,3.0,5,1553,cycle,3,267,val,0.0646,0.7538,0.4714,0.8999,0.9544,0.7699,mean,1,-1,-1,-1,-1
pneumoniamnist,active,egl_fc,17,pneumoniamnist-final_active_best-egl_fc-init3p-batch3pb-epc5-budget30p-17.pth,141,42,1412,3.0,30.0,3.0,5,1553,cycle,4,309,val,0.0644,0.855,0.8302,0.9596,0.9848,0.9074,mean,1,-1,-1,-1,-1
pneumoniamnist,active,egl_fc,17,pneumoniamnist-final_active_best-egl_fc-init3p-batch3pb-epc5-budget30p-17.pth,141,42,1412,3.0,30.0,3.0,5,1553,cycle,5,351,val,0.0894,0.9141,0.8751,0.9694,0.9867,0.9363,mean,1,-1,-1,-1,-1
pneumoniamnist,active,egl_fc,17,pneumoniamnist-final_active_best-egl_fc-init3p-batch3pb-epc5-budget30p-17.pth,141,42,1412,3.0,30.0,3.0,5,1553,cycle,6,393,val,0.0843,0.958,0.9437,0.9862,0.9956,0.9709,mean,1,-1,-1,-1,-1
pneumoniamnist,active,egl_fc,17,pneumoniamnist-final_active_best-egl_fc-init3p-batch3pb-epc5-budget30p-17.pth,141,42,1412,3.0,30.0,3.0,5,1553,cycle,7,435,val,0.1015,0.9408,0.9174,0.9838,0.9937,0.9589,mean,0,-1,-1,-1,-1
pneumoniamnist,active,egl_fc,17,pneumoniamnist-final_active_best-egl_fc-init3p-batch3pb-epc5-budget30p-17.pth,141,42,1412,3.0,30.0,3.0,5,1553,cycle,8,477,val,0.0537,0.9504,0.9335,0.9842,0.9938,0.9655,mean,0,-1,-1,-1,-1
pneumoniamnist,active,egl_fc,17,pneumoniamnist-final_active_best-egl_fc-init3p-batch3pb-epc5-budget30p-17.pth,141,42,1412,3.0,30.0,3.0,5,1553,cycle,9,519,val,0.0812,0.9561,0.9428,0.9913,0.997,0.9718,mean,1,-1,-1,-1,-1
pneumoniamnist,active,egl_fc,17,pneumoniamnist-final_active_best-egl_fc-init3p-batch3pb-epc5-budget30p-17.pth,141,42,1412,3.0,30.0,3.0,5,1553,cycle,10,561,val,0.0868,0.9275,0.9105,0.9881,0.9957,0.9555,mean,0,-1,-1,-1,-1
pneumoniamnist,active,egl_fc,17,pneumoniamnist-final_active_best-egl_fc-init3p-batch3pb-epc5-budget30p-17.pth,141,42,1412,3.0,30.0,3.0,5,1553,cycle,11,603,val,0.0874,0.9676,0.9566,0.9884,0.9956,0.9771,mean,1,-1,-1,-1,-1
pneumoniamnist,active,egl_fc,17,pneumoniamnist-final_active_best-egl_fc-init3p-batch3pb-epc5-budget30p-17.pth,141,42,1412,3.0,30.0,3.0,5,1553,cycle,12,645,val,0.0968,0.9485,0.9285,0.9817,0.993,0.9629,mean,0,-1,-1,-1,-1
pneumoniamnist,active,egl_fc,17,pneumoniamnist-final_active_best-egl_fc-init3p-batch3pb-epc5-budget30p-17.pth,141,42,1412,3.0,30.0,3.0,5,1553,cycle,13,687,val,0.0702,0.9676,0.9564,0.9915,0.9971,0.9781,mean,1,-1,-1,-1,-1
pneumoniamnist,active,egl_fc,17,pneumoniamnist-final_active_best-egl_fc-init3p-batch3pb-epc5-budget30p-17.pth,141,42,1412,3.0,30.0,3.0,5,1553,cycle,14,729,val,0.0728,0.8702,0.793,0.9758,0.986,0.9063,mean,0,-1,-1,-1,-1
pneumoniamnist,active,egl_fc,17,pneumoniamnist-final_active_best-egl_fc-init3p-batch3pb-epc5-budget30p-17.pth,141,42,1412,3.0,30.0,3.0,5,1553,cycle,15,771,val,0.0385,0.9637,0.9525,0.9946,0.9981,0.9772,mean,0,-1,-1,-1,-1
pneumoniamnist,active,egl_fc,17,pneumoniamnist-final_active_best-egl_fc-init3p-batch3pb-epc5-budget30p-17.pth,141,42,1412,3.0,30.0,3.0,5,1553,cycle,16,813,val,0.046,0.9294,0.9144,0.9898,0.9952,0.9572,mean,0,-1,-1,-1,-1
pneumoniamnist,active,egl_fc,17,pneumoniamnist-final_active_best-egl_fc-init3p-batch3pb-epc5-budget30p-17.pth,141,42,1412,3.0,30.0,3.0,5,1553,cycle,17,855,val,0.056,0.9523,0.9362,0.9687,0.9851,0.9606,mean,0,-1,-1,-1,-1
pneumoniamnist,active,egl_fc,17,pneumoniamnist-final_active_best-egl_fc-init3p-batch3pb-epc5-budget30p-17.pth,141,42,1412,3.0,30.0,3.0,5,1553,cycle,18,897,val,0.0244,0.9542,0.9398,0.9851,0.9943,0.9684,mean,0,-1,-1,-1,-1
pneumoniamnist,active,egl_fc,17,pneumoniamnist-final_active_best-egl_fc-init3p-batch3pb-epc5-budget30p-17.pth,141,42,1412,3.0,30.0,3.0,5,1553,cycle,19,939,val,0.0316,0.9714,0.963,0.9923,0.9963,0.9808,mean,1,-1,-1,-1,-1
pneumoniamnist,active,egl_fc,17,pneumoniamnist-final_active_best-egl_fc-init3p-batch3pb-epc5-budget30p-17.pth,141,42,1412,3.0,30.0,3.0,5,1553,cycle,20,981,val,0.0636,0.9714,0.9637,0.9964,0.9987,0.9826,mean,1,-1,-1,-1,-1
pneumoniamnist,active,egl_fc,17,pneumoniamnist-final_active_best-egl_fc-init3p-batch3pb-epc5-budget30p-17.pth,141,42,1412,3.0,30.0,3.0,5,1553,cycle,21,1023,val,0.0357,0.9599,0.947,0.9952,0.9983,0.9751,mean,0,-1,-1,-1,-1
pneumoniamnist,active,egl_fc,17,pneumoniamnist-final_active_best-egl_fc-init3p-batch3pb-epc5-budget30p-17.pth,141,42,1412,3.0,30.0,3.0,5,1553,cycle,22,1065,val,0.044,0.9733,0.966,0.995,0.9982,0.9831,mean,1,-1,-1,-1,-1
pneumoniamnist,active,egl_fc,17,pneumoniamnist-final_active_best-egl_fc-init3p-batch3pb-epc5-budget30p-17.pth,141,42,1412,3.0,30.0,3.0,5,1553,cycle,23,1107,val,0.0571,0.9351,0.9206,0.9941,0.998,0.9619,mean,0,-1,-1,-1,-1
pneumoniamnist,active,egl_fc,17,pneumoniamnist-final_active_best-egl_fc-init3p-batch3pb-epc5-budget30p-17.pth,141,42,1412,3.0,30.0,3.0,5,1553,cycle,24,1149,val,0.0255,0.9714,0.9621,0.9918,0.9955,0.9802,mean,0,-1,-1,-1,-1
pneumoniamnist,active,egl_fc,17,pneumoniamnist-final_active_best-egl_fc-init3p-batch3pb-epc5-budget30p-17.pth,141,42,1412,3.0,30.0,3.0,5,1553,cycle,25,1191,val,0.01,0.9695,0.9607,0.9925,0.9968,0.9799,mean,0,-1,-1,-1,-1
pneumoniamnist,active,egl_fc,17,pneumoniamnist-final_active_best-egl_fc-init3p-batch3pb-epc5-budget30p-17.pth,141,42,1412,3.0,30.0,3.0,5,1553,cycle,26,1233,val,0.0112,0.9485,0.9358,0.9957,0.9985,0.9696,mean,0,-1,-1,-1,-1
pneumoniamnist,active,egl_fc,17,pneumoniamnist-final_active_best-egl_fc-init3p-batch3pb-epc5-budget30p-17.pth,141,42,1412,3.0,30.0,3.0,5,1553,cycle,27,1275,val,0.0216,0.9656,0.9557,0.9906,0.996,0.977,mean,0,-1,-1,-1,-1
pneumoniamnist,active,egl_fc,17,pneumoniamnist-final_active_best-egl_fc-init3p-batch3pb-epc5-budget30p-17.pth,141,42,1412,3.0,30.0,3.0,5,1553,cycle,28,1317,val,0.0207,0.9676,0.9579,0.9885,0.9937,0.9769,mean,0,-1,-1,-1,-1
pneumoniamnist,active,egl_fc,17,pneumoniamnist-final_active_best-egl_fc-init3p-batch3pb-epc5-budget30p-17.pth,141,42,1412,3.0,30.0,3.0,5,1553,cycle,29,1359,val,0.006,0.9637,0.9538,0.9916,0.9957,0.9762,mean,0,-1,-1,-1,-1
pneumoniamnist,active,egl_fc,17,pneumoniamnist-final_active_best-egl_fc-init3p-batch3pb-epc5-budget30p-17.pth,141,42,1412,3.0,30.0,3.0,5,1553,cycle,30,1401,val,0.0267,0.9695,0.9599,0.9881,0.9935,0.9777,mean,0,-1,-1,-1,-1
pneumoniamnist,active,egl_fc,17,pneumoniamnist-final_active_best-egl_fc-init3p-batch3pb-epc5-budget30p-17.pth,141,42,1412,3.0,30.0,3.0,5,1553,cycle,31,1443,val,0.0103,0.9733,0.9654,0.988,0.9923,0.9797,mean,0,-1,-1,-1,-1
pneumoniamnist,active,egl_fc,17,pneumoniamnist-final_active_best-egl_fc-init3p-batch3pb-epc5-budget30p-17.pth,141,42,1412,3.0,30.0,3.0,5,1553,cycle,32,1485,val,0.021,0.9466,0.9265,0.965,0.976,0.9535,mean,0,-1,-1,-1,-1
pneumoniamnist,active,egl_fc,17,pneumoniamnist-final_active_best-egl_fc-init3p-batch3pb-epc5-budget30p-17.pth,141,42,1412,3.0,30.0,3.0,5,1553,cycle,33,1553,val,0.0225,0.9733,0.9652,0.991,0.996,0.9814,mean,0,-1,-1,-1,-1
pneumoniamnist,active,egl_fc,17,pneumoniamnist-final_active_best-egl_fc-init3p-batch3pb-epc5-budget30p-17.pth,141,42,1412,3.0,30.0,3.0,5,1553,final,-1,1065,test,-1,0.8798,0.8633,0.9254,0.9257,,mean,-1,383,68,166,7
pneumoniamnist,active,egl_fc,246,pneumoniamnist-final_active_best-egl_fc-init3p-batch3pb-epc5-budget30p-246.pth,141,42,1412,3.0,30.0,3.0,5,1553,cycle,0,141,val,0.3037,0.7424,0.4261,0.4856,0.7433,0.5993,mean,1,-1,-1,-1,-1
pneumoniamnist,active,egl_fc,246,pneumoniamnist-final_active_best-egl_fc-init3p-batch3pb-epc5-budget30p-246.pth,141,42,1412,3.0,30.0,3.0,5,1553,cycle,1,183,val,0.1202,0.7424,0.4261,0.3573,0.6836,0.5523,mean,0,-1,-1,-1,-1
pneumoniamnist,active,egl_fc,246,pneumoniamnist-final_active_best-egl_fc-init3p-batch3pb-epc5-budget30p-246.pth,141,42,1412,3.0,30.0,3.0,5,1553,cycle,2,225,val,0.0809,0.792,0.6,0.9493,0.9816,0.8307,mean,1,-1,-1,-1,-1
pneumoniamnist,active,egl_fc,246,pneumoniamnist-final_active_best-egl_fc-init3p-batch3pb-epc5-budget30p-246.pth,141,42,1412,3.0,30.0,3.0,5,1553,cycle,3,267,val,0.0817,0.8263,0.7817,0.8651,0.9403,0.8534,mean,1,-1,-1,-1,-1
pneumoniamnist,active,egl_fc,246,pneumoniamnist-final_active_best-egl_fc-init3p-batch3pb-epc5-budget30p-246.pth,141,42,1412,3.0,30.0,3.0,5,1553,cycle,4,309,val,0.0778,0.7844,0.7659,0.9344,0.9786,0.8658,mean,1,-1,-1,-1,-1
pneumoniamnist,active,egl_fc,246,pneumoniamnist-final_active_best-egl_fc-init3p-batch3pb-epc5-budget30p-246.pth,141,42,1412,3.0,30.0,3.0,5,1553,cycle,5,351,val,0.0506,0.937,0.9149,0.9693,0.9881,0.9523,mean,1,-1,-1,-1,-1
pneumoniamnist,active,egl_fc,246,pneumoniamnist-final_active_best-egl_fc-init3p-batch3pb-epc5-budget30p-246.pth,141,42,1412,3.0,30.0,3.0,5,1553,cycle,6,393,val,0.0645,0.9332,0.9157,0.9792,0.9919,0.955,mean,1,-1,-1,-1,-1
pneumoniamnist,active,egl_fc,246,pneumoniamnist-final_active_best-egl_fc-init3p-batch3pb-epc5-budget30p-246.pth,141,42,1412,3.0,30.0,3.0,5,1553,cycle,7,435,val,0.106,0.9466,0.9311,0.9863,0.9954,0.9648,mean,1,-1,-1,-1,-1
pneumoniamnist,active,egl_fc,246,pneumoniamnist-final_active_best-egl_fc-init3p-batch3pb-epc5-budget30p-246.pth,141,42,1412,3.0,30.0,3.0,5,1553,cycle,8,477,val,0.1539,0.9332,0.916,0.9845,0.9946,0.9571,mean,0,-1,-1,-1,-1
pneumoniamnist,active,egl_fc,246,pneumoniamnist-final_active_best-egl_fc-init3p-batch3pb-epc5-budget30p-246.pth,141,42,1412,3.0,30.0,3.0,5,1553,cycle,9,519,val,0.0652,0.9294,0.9131,0.985,0.9945,0.9555,mean,0,-1,-1,-1,-1
pneumoniamnist,active,egl_fc,246,pneumoniamnist-final_active_best-egl_fc-init3p-batch3pb-epc5-budget30p-246.pth,141,42,1412,3.0,30.0,3.0,5,1553,cycle,10,561,val,0.049,0.9523,0.9384,0.9887,0.9959,0.9688,mean,1,-1,-1,-1,-1
pneumoniamnist,active,egl_fc,246,pneumoniamnist-final_active_best-egl_fc-init3p-batch3pb-epc5-budget30p-246.pth,141,42,1412,3.0,30.0,3.0,5,1553,cycle,11,603,val,0.0729,0.7099,0.6985,0.9702,0.99,0.8422,mean,0,-1,-1,-1,-1
pneumoniamnist,active,egl_fc,246,pneumoniamnist-final_active_best-egl_fc-init3p-batch3pb-epc5-budget30p-246.pth,141,42,1412,3.0,30.0,3.0,5,1553,cycle,12,645,val,0.0492,0.9676,0.9575,0.9903,0.9965,0.978,mean,1,-1,-1,-1,-1
pneumoniamnist,active,egl_fc,246,pneumoniamnist-final_active_best-egl_fc-init3p-batch3pb-epc5-budget30p-246.pth,141,42,1412,3.0,30.0,3.0,5,1553,cycle,13,687,val,0.0829,0.9656,0.9555,0.9866,0.9942,0.9755,mean,0,-1,-1,-1,-1
pneumoniamnist,active,egl_fc,246,pneumoniamnist-final_active_best-egl_fc-init3p-batch3pb-epc5-budget30p-246.pth,141,42,1412,3.0,30.0,3.0,5,1553,cycle,14,729,val,0.0635,0.8683,0.8481,0.9705,0.9903,0.9193,mean,0,-1,-1,-1,-1
pneumoniamnist,active,egl_fc,246,pneumoniamnist-final_active_best-egl_fc-init3p-batch3pb-epc5-budget30p-246.pth,141,42,1412,3.0,30.0,3.0,5,1553,cycle,15,771,val,0.0446,0.8435,0.8246,0.9902,0.9967,0.9138,mean,0,-1,-1,-1,-1
pneumoniamnist,active,egl_fc,246,pneumoniamnist-final_active_best-egl_fc-init3p-batch3pb-epc5-budget30p-246.pth,141,42,1412,3.0,30.0,3.0,5,1553,cycle,16,813,val,0.0359,0.9676,0.9587,0.994,0.9981,0.9796,mean,1,-1,-1,-1,-1
pneumoniamnist,active,egl_fc,246,pneumoniamnist-final_active_best-egl_fc-init3p-batch3pb-epc5-budget30p-246.pth,141,42,1412,3.0,30.0,3.0,5,1553,cycle,17,855,val,0.0489,0.9561,0.9404,0.9917,0.9973,0.9714,mean,0,-1,-1,-1,-1
pneumoniamnist,active,egl_fc,246,pneumoniamnist-final_active_best-egl_fc-init3p-batch3pb-epc5-budget30p-246.pth,141,42,1412,3.0,30.0,3.0,5,1553,cycle,18,897,val,0.0317,0.8263,0.8067,0.9853,0.9949,0.9033,mean,0,-1,-1,-1,-1
pneumoniamnist,active,egl_fc,246,pneumoniamnist-final_active_best-egl_fc-init3p-batch3pb-epc5-budget30p-246.pth,141,42,1412,3.0,30.0,3.0,5,1553,cycle,19,939,val,0.0123,0.9676,0.9571,0.9949,0.9983,0.9795,mean,0,-1,-1,-1,-1
pneumoniamnist,active,egl_fc,246,pneumoniamnist-final_active_best-egl_fc-init3p-batch3pb-epc5-budget30p-246.pth,141,42,1412,3.0,30.0,3.0,5,1553,cycle,20,981,val,0.0629,0.9523,0.94,0.9937,0.9979,0.971,mean,0,-1,-1,-1,-1
pneumoniamnist,active,egl_fc,246,pneumoniamnist-final_active_best-egl_fc-init3p-batch3pb-epc5-budget30p-246.pth,141,42,1412,3.0,30.0,3.0,5,1553,cycle,21,1023,val,0.0508,0.9561,0.941,0.9935,0.9979,0.9721,mean,0,-1,-1,-1,-1
pneumoniamnist,active,egl_fc,246,pneumoniamnist-final_active_best-egl_fc-init3p-batch3pb-epc5-budget30p-246.pth,141,42,1412,3.0,30.0,3.0,5,1553,cycle,22,1065,val,0.0566,0.9523,0.9398,0.9929,0.9975,0.9706,mean,0,-1,-1,-1,-1
pneumoniamnist,active,egl_fc,246,pneumoniamnist-final_active_best-egl_fc-init3p-batch3pb-epc5-budget30p-246.pth,141,42,1412,3.0,30.0,3.0,5,1553,cycle,23,1107,val,0.0334,0.9637,0.951,0.9887,0.9947,0.9745,mean,0,-1,-1,-1,-1
pneumoniamnist,active,egl_fc,246,pneumoniamnist-final_active_best-egl_fc-init3p-batch3pb-epc5-budget30p-246.pth,141,42,1412,3.0,30.0,3.0,5,1553,cycle,24,1149,val,0.0446,0.9599,0.948,0.9945,0.9981,0.9751,mean,0,-1,-1,-1,-1
pneumoniamnist,active,egl_fc,246,pneumoniamnist-final_active_best-egl_fc-init3p-batch3pb-epc5-budget30p-246.pth,141,42,1412,3.0,30.0,3.0,5,1553,cycle,25,1191,val,0.0284,0.9561,0.9394,0.9927,0.997,0.9713,mean,0,-1,-1,-1,-1
pneumoniamnist,active,egl_fc,246,pneumoniamnist-final_active_best-egl_fc-init3p-batch3pb-epc5-budget30p-246.pth,141,42,1412,3.0,30.0,3.0,5,1553,cycle,26,1233,val,0.0464,0.9695,0.9593,0.9919,0.9969,0.9794,mean,0,-1,-1,-1,-1
pneumoniamnist,active,egl_fc,246,pneumoniamnist-final_active_best-egl_fc-init3p-batch3pb-epc5-budget30p-246.pth,141,42,1412,3.0,30.0,3.0,5,1553,cycle,27,1275,val,0.0144,0.9771,0.9705,0.9974,0.9991,0.986,mean,1,-1,-1,-1,-1
pneumoniamnist,active,egl_fc,246,pneumoniamnist-final_active_best-egl_fc-init3p-batch3pb-epc5-budget30p-246.pth,141,42,1412,3.0,30.0,3.0,5,1553,cycle,28,1317,val,0.0316,0.9561,0.9394,0.9904,0.9963,0.9705,mean,0,-1,-1,-1,-1
pneumoniamnist,active,egl_fc,246,pneumoniamnist-final_active_best-egl_fc-init3p-batch3pb-epc5-budget30p-246.pth,141,42,1412,3.0,30.0,3.0,5,1553,cycle,29,1359,val,0.0478,0.9656,0.9551,0.9937,0.9979,0.9781,mean,0,-1,-1,-1,-1
pneumoniamnist,active,egl_fc,246,pneumoniamnist-final_active_best-egl_fc-init3p-batch3pb-epc5-budget30p-246.pth,141,42,1412,3.0,30.0,3.0,5,1553,cycle,30,1401,val,0.0064,0.9752,0.9678,0.9965,0.9988,0.9846,mean,0,-1,-1,-1,-1
pneumoniamnist,active,egl_fc,246,pneumoniamnist-final_active_best-egl_fc-init3p-batch3pb-epc5-budget30p-246.pth,141,42,1412,3.0,30.0,3.0,5,1553,cycle,31,1443,val,0.0003,0.9656,0.9549,0.9963,0.9988,0.9789,mean,0,-1,-1,-1,-1
pneumoniamnist,active,egl_fc,246,pneumoniamnist-final_active_best-egl_fc-init3p-batch3pb-epc5-budget30p-246.pth,141,42,1412,3.0,30.0,3.0,5,1553,cycle,32,1485,val,0.0001,0.9676,0.9575,0.9964,0.9988,0.9801,mean,0,-1,-1,-1,-1
pneumoniamnist,active,egl_fc,246,pneumoniamnist-final_active_best-egl_fc-init3p-batch3pb-epc5-budget30p-246.pth,141,42,1412,3.0,30.0,3.0,5,1553,cycle,33,1553,val,0.0,0.9695,0.9601,0.9964,0.9988,0.9812,mean,0,-1,-1,-1,-1
pneumoniamnist,active,egl_fc,246,pneumoniamnist-final_active_best-egl_fc-init3p-batch3pb-epc5-budget30p-246.pth,141,42,1412,3.0,30.0,3.0,5,1553,final,-1,1275,test,-1,0.8734,0.8545,0.9033,0.8897,,mean,-1,385,74,160,5
pneumoniamnist,active,egl_fc,9012,pneumoniamnist-final_active_best-egl_fc-init3p-batch3pb-epc5-budget30p-9012.pth,141,42,1412,3.0,30.0,3.0,5,1553,cycle,0,141,val,0.2974,0.7424,0.4261,0.6218,0.8146,0.6512,mean,1,-1,-1,-1,-1
pneumoniamnist,active,egl_fc,9012,pneumoniamnist-final_active_best-egl_fc-init3p-batch3pb-epc5-budget30p-9012.pth,141,42,1412,3.0,30.0,3.0,5,1553,cycle,1,183,val,0.1232,0.7424,0.4261,0.6448,0.8237,0.6592,mean,1,-1,-1,-1,-1
pneumoniamnist,active,egl_fc,9012,pneumoniamnist-final_active_best-egl_fc-init3p-batch3pb-epc5-budget30p-9012.pth,141,42,1412,3.0,30.0,3.0,5,1553,cycle,2,225,val,0.1448,0.7595,0.4928,0.884,0.9607,0.7743,mean,1,-1,-1,-1,-1
pneumoniamnist,active,egl_fc,9012,pneumoniamnist-final_active_best-egl_fc-init3p-batch3pb-epc5-budget30p-9012.pth,141,42,1412,3.0,30.0,3.0,5,1553,cycle,3,267,val,0.0721,0.8683,0.7938,0.9164,0.9675,0.8865,mean,1,-1,-1,-1,-1
pneumoniamnist,active,egl_fc,9012,pneumoniamnist-final_active_best-egl_fc-init3p-batch3pb-epc5-budget30p-9012.pth,141,42,1412,3.0,30.0,3.0,5,1553,cycle,4,309,val,0.1069,0.9198,0.8878,0.9678,0.9885,0.941,mean,1,-1,-1,-1,-1
pneumoniamnist,active,egl_fc,9012,pneumoniamnist-final_active_best-egl_fc-init3p-batch3pb-epc5-budget30p-9012.pth,141,42,1412,3.0,30.0,3.0,5,1553,cycle,5,351,val,0.0873,0.9466,0.928,0.976,0.9908,0.9604,mean,1,-1,-1,-1,-1
pneumoniamnist,active,egl_fc,9012,pneumoniamnist-final_active_best-egl_fc-init3p-batch3pb-epc5-budget30p-9012.pth,141,42,1412,3.0,30.0,3.0,5,1553,cycle,6,393,val,0.0668,0.8607,0.8299,0.9411,0.9801,0.9029,mean,0,-1,-1,-1,-1
pneumoniamnist,active,egl_fc,9012,pneumoniamnist-final_active_best-egl_fc-init3p-batch3pb-epc5-budget30p-9012.pth,141,42,1412,3.0,30.0,3.0,5,1553,cycle,7,435,val,0.0693,0.8989,0.8814,0.9821,0.9944,0.9392,mean,0,-1,-1,-1,-1
pneumoniamnist,active,egl_fc,9012,pneumoniamnist-final_active_best-egl_fc-init3p-batch3pb-epc5-budget30p-9012.pth,141,42,1412,3.0,30.0,3.0,5,1553,cycle,8,477,val,0.1019,0.9637,0.9527,0.9909,0.997,0.9761,mean,1,-1,-1,-1,-1
pneumoniamnist,active,egl_fc,9012,pneumoniamnist-final_active_best-egl_fc-init3p-batch3pb-epc5-budget30p-9012.pth,141,42,1412,3.0,30.0,3.0,5,1553,cycle,9,519,val,0.0854,0.8931,0.874,0.9796,0.9927,0.9349,mean,0,-1,-1,-1,-1
pneumoniamnist,active,egl_fc,9012,pneumoniamnist-final_active_best-egl_fc-init3p-batch3pb-epc5-budget30p-9012.pth,141,42,1412,3.0,30.0,3.0,5,1553,cycle,10,561,val,0.0702,0.9313,0.9166,0.991,0.997,0.9589,mean,0,-1,-1,-1,-1
pneumoniamnist,active,egl_fc,9012,pneumoniamnist-final_active_best-egl_fc-init3p-batch3pb-epc5-budget30p-9012.pth,141,42,1412,3.0,30.0,3.0,5,1553,cycle,11,603,val,0.0538,0.9027,0.8855,0.9884,0.9963,0.9432,mean,0,-1,-1,-1,-1
pneumoniamnist,active,egl_fc,9012,pneumoniamnist-final_active_best-egl_fc-init3p-batch3pb-epc5-budget30p-9012.pth,141,42,1412,3.0,30.0,3.0,5,1553,cycle,12,645,val,0.0426,0.9656,0.9549,0.9921,0.9974,0.9775,mean,1,-1,-1,-1,-1
pneumoniamnist,active,egl_fc,9012,pneumoniamnist-final_active_best-egl_fc-init3p-batch3pb-epc5-budget30p-9012.pth,141,42,1412,3.0,30.0,3.0,5,1553,cycle,13,687,val,0.0864,0.9408,0.9243,0.9798,0.9927,0.9594,mean,0,-1,-1,-1,-1
pneumoniamnist,active,egl_fc,9012,pneumoniamnist-final_active_best-egl_fc-init3p-batch3pb-epc5-budget30p-9012.pth,141,42,1412,3.0,30.0,3.0,5,1553,cycle,14,729,val,0.0473,0.9447,0.9295,0.9821,0.9925,0.9622,mean,0,-1,-1,-1,-1
pneumoniamnist,active,egl_fc,9012,pneumoniamnist-final_active_best-egl_fc-init3p-batch3pb-epc5-budget30p-9012.pth,141,42,1412,3.0,30.0,3.0,5,1553,cycle,15,771,val,0.0632,0.9504,0.9328,0.9725,0.9841,0.96,mean,0,-1,-1,-1,-1
pneumoniamnist,active,egl_fc,9012,pneumoniamnist-final_active_best-egl_fc-init3p-batch3pb-epc5-budget30p-9012.pth,141,42,1412,3.0,30.0,3.0,5,1553,cycle,16,813,val,0.0439,0.9351,0.9076,0.9872,0.9952,0.9563,mean,0,-1,-1,-1,-1
pneumoniamnist,active,egl_fc,9012,pneumoniamnist-final_active_best-egl_fc-init3p-batch3pb-epc5-budget30p-9012.pth,141,42,1412,3.0,30.0,3.0,5,1553,cycle,17,855,val,0.0232,0.9676,0.9577,0.9929,0.9974,0.9789,mean,1,-1,-1,-1,-1
pneumoniamnist,active,egl_fc,9012,pneumoniamnist-final_active_best-egl_fc-init3p-batch3pb-epc5-budget30p-9012.pth,141,42,1412,3.0,30.0,3.0,5,1553,cycle,18,897,val,0.0348,0.9542,0.937,0.9899,0.9956,0.9692,mean,0,-1,-1,-1,-1
pneumoniamnist,active,egl_fc,9012,pneumoniamnist-final_active_best-egl_fc-init3p-batch3pb-epc5-budget30p-9012.pth,141,42,1412,3.0,30.0,3.0,5,1553,cycle,19,939,val,0.0278,0.9695,0.9605,0.9937,0.9974,0.9803,mean,1,-1,-1,-1,-1
pneumoniamnist,active,egl_fc,9012,pneumoniamnist-final_active_best-egl_fc-init3p-batch3pb-epc5-budget30p-9012.pth,141,42,1412,3.0,30.0,3.0,5,1553,cycle,20,981,val,0.0763,0.9714,0.9634,0.9955,0.9985,0.9822,mean,1,-1,-1,-1,-1
pneumoniamnist,active,egl_fc,9012,pneumoniamnist-final_active_best-egl_fc-init3p-batch3pb-epc5-budget30p-9012.pth,141,42,1412,3.0,30.0,3.0,5,1553,cycle,21,1023,val,0.064,0.958,0.9434,0.9908,0.9965,0.9722,mean,0,-1,-1,-1,-1
pneumoniamnist,active,egl_fc,9012,pneumoniamnist-final_active_best-egl_fc-init3p-batch3pb-epc5-budget30p-9012.pth,141,42,1412,3.0,30.0,3.0,5,1553,cycle,22,1065,val,0.0215,0.9695,0.9603,0.9974,0.9991,0.9815,mean,0,-1,-1,-1,-1
pneumoniamnist,active,egl_fc,9012,pneumoniamnist-final_active_best-egl_fc-init3p-batch3pb-epc5-budget30p-9012.pth,141,42,1412,3.0,30.0,3.0,5,1553,cycle,23,1107,val,0.025,0.9637,0.952,0.9931,0.9975,0.9766,mean,0,-1,-1,-1,-1
pneumoniamnist,active,egl_fc,9012,pneumoniamnist-final_active_best-egl_fc-init3p-batch3pb-epc5-budget30p-9012.pth,141,42,1412,3.0,30.0,3.0,5,1553,cycle,24,1149,val,0.0292,0.9714,0.9619,0.9912,0.9965,0.9803,mean,0,-1,-1,-1,-1
pneumoniamnist,active,egl_fc,9012,pneumoniamnist-final_active_best-egl_fc-init3p-batch3pb-epc5-budget30p-9012.pth,141,42,1412,3.0,30.0,3.0,5,1553,cycle,25,1191,val,0.0587,0.958,0.9466,0.9893,0.9958,0.9724,mean,0,-1,-1,-1,-1
pneumoniamnist,active,egl_fc,9012,pneumoniamnist-final_active_best-egl_fc-init3p-batch3pb-epc5-budget30p-9012.pth,141,42,1412,3.0,30.0,3.0,5,1553,cycle,26,1233,val,0.0194,0.9656,0.9563,0.9951,0.9984,0.9789,mean,0,-1,-1,-1,-1
pneumoniamnist,active,egl_fc,9012,pneumoniamnist-final_active_best-egl_fc-init3p-batch3pb-epc5-budget30p-9012.pth,141,42,1412,3.0,30.0,3.0,5,1553,cycle,27,1275,val,0.0197,0.9485,0.9358,0.9932,0.9978,0.9688,mean,0,-1,-1,-1,-1
pneumoniamnist,active,egl_fc,9012,pneumoniamnist-final_active_best-egl_fc-init3p-batch3pb-epc5-budget30p-9012.pth,141,42,1412,3.0,30.0,3.0,5,1553,cycle,28,1317,val,0.0237,0.9618,0.948,0.993,0.997,0.975,mean,0,-1,-1,-1,-1
pneumoniamnist,active,egl_fc,9012,pneumoniamnist-final_active_best-egl_fc-init3p-batch3pb-epc5-budget30p-9012.pth,141,42,1412,3.0,30.0,3.0,5,1553,cycle,29,1359,val,0.0172,0.9695,0.9601,0.9945,0.998,0.9805,mean,0,-1,-1,-1,-1
pneumoniamnist,active,egl_fc,9012,pneumoniamnist-final_active_best-egl_fc-init3p-batch3pb-epc5-budget30p-9012.pth,141,42,1412,3.0,30.0,3.0,5,1553,cycle,30,1401,val,0.0139,0.979,0.9728,0.9985,0.9995,0.9874,mean,1,-1,-1,-1,-1
pneumoniamnist,active,egl_fc,9012,pneumoniamnist-final_active_best-egl_fc-init3p-batch3pb-epc5-budget30p-9012.pth,141,42,1412,3.0,30.0,3.0,5,1553,cycle,31,1443,val,0.0271,0.9695,0.9601,0.995,0.9983,0.9807,mean,0,-1,-1,-1,-1
pneumoniamnist,active,egl_fc,9012,pneumoniamnist-final_active_best-egl_fc-init3p-batch3pb-epc5-budget30p-9012.pth,141,42,1412,3.0,30.0,3.0,5,1553,cycle,32,1485,val,0.0146,0.979,0.973,0.9974,0.9991,0.9871,mean,0,-1,-1,-1,-1
pneumoniamnist,active,egl_fc,9012,pneumoniamnist-final_active_best-egl_fc-init3p-batch3pb-epc5-budget30p-9012.pth,141,42,1412,3.0,30.0,3.0,5,1553,cycle,33,1553,val,0.0095,0.9695,0.9612,0.9958,0.9986,0.9813,mean,0,-1,-1,-1,-1
pneumoniamnist,active,egl_fc,9012,pneumoniamnist-final_active_best-egl_fc-init3p-batch3pb-epc5-budget30p-9012.pth,141,42,1412,3.0,30.0,3.0,5,1553,final,-1,1401,test,-1,0.8606,0.8371,0.9543,0.9646,,mean,-1,387,84,150,3
pneumoniamnist,active,egl_fc,34895,pneumoniamnist-final_active_best-egl_fc-init3p-batch3pb-epc5-budget30p-34895.pth,141,42,1412,3.0,30.0,3.0,5,1553,cycle,0,141,val,0.4221,0.7424,0.4261,0.3237,0.6798,0.543,mean,1,-1,-1,-1,-1
pneumoniamnist,active,egl_fc,34895,pneumoniamnist-final_active_best-egl_fc-init3p-batch3pb-epc5-budget30p-34895.pth,141,42,1412,3.0,30.0,3.0,5,1553,cycle,1,183,val,0.0885,0.7424,0.4261,0.2619,0.6529,0.5208,mean,0,-1,-1,-1,-1
pneumoniamnist,active,egl_fc,34895,pneumoniamnist-final_active_best-egl_fc-init3p-batch3pb-epc5-budget30p-34895.pth,141,42,1412,3.0,30.0,3.0,5,1553,cycle,2,225,val,0.0981,0.7424,0.4261,0.5449,0.7637,0.6192,mean,1,-1,-1,-1,-1
pneumoniamnist,active,egl_fc,34895,pneumoniamnist-final_active_best-egl_fc-init3p-batch3pb-epc5-budget30p-34895.pth,141,42,1412,3.0,30.0,3.0,5,1553,cycle,3,267,val,0.0389,0.8149,0.6673,0.9681,0.9876,0.8595,mean,1,-1,-1,-1,-1
pneumoniamnist,active,egl_fc,34895,pneumoniamnist-final_active_best-egl_fc-init3p-batch3pb-epc5-budget30p-34895.pth,141,42,1412,3.0,30.0,3.0,5,1553,cycle,4,309,val,0.0989,0.9046,0.8782,0.9621,0.9868,0.9329,mean,1,-1,-1,-1,-1
pneumoniamnist,active,egl_fc,34895,pneumoniamnist-final_active_best-egl_fc-init3p-batch3pb-epc5-budget30p-34895.pth,141,42,1412,3.0,30.0,3.0,5,1553,cycle,5,351,val,0.0726,0.9351,0.9135,0.9725,0.9901,0.9528,mean,1,-1,-1,-1,-1
pneumoniamnist,active,egl_fc,34895,pneumoniamnist-final_active_best-egl_fc-init3p-batch3pb-epc5-budget30p-34895.pth,141,42,1412,3.0,30.0,3.0,5,1553,cycle,6,393,val,0.0903,0.9237,0.8919,0.9533,0.9783,0.9368,mean,0,-1,-1,-1,-1
pneumoniamnist,active,egl_fc,34895,pneumoniamnist-final_active_best-egl_fc-init3p-batch3pb-epc5-budget30p-34895.pth,141,42,1412,3.0,30.0,3.0,5,1553,cycle,7,435,val,0.0313,0.9275,0.909,0.9669,0.988,0.9479,mean,0,-1,-1,-1,-1
pneumoniamnist,active,egl_fc,34895,pneumoniamnist-final_active_best-egl_fc-init3p-batch3pb-epc5-budget30p-34895.pth,141,42,1412,3.0,30.0,3.0,5,1553,cycle,8,477,val,0.0836,0.9351,0.9112,0.9828,0.9942,0.9558,mean,1,-1,-1,-1,-1
pneumoniamnist,active,egl_fc,34895,pneumoniamnist-final_active_best-egl_fc-init3p-batch3pb-epc5-budget30p-34895.pth,141,42,1412,3.0,30.0,3.0,5,1553,cycle,9,519,val,0.0598,0.9427,0.9233,0.9813,0.9935,0.9602,mean,1,-1,-1,-1,-1
pneumoniamnist,active,egl_fc,34895,pneumoniamnist-final_active_best-egl_fc-init3p-batch3pb-epc5-budget30p-34895.pth,141,42,1412,3.0,30.0,3.0,5,1553,cycle,10,561,val,0.0582,0.9504,0.9345,0.9825,0.9943,0.9654,mean,1,-1,-1,-1,-1
pneumoniamnist,active,egl_fc,34895,pneumoniamnist-final_active_best-egl_fc-init3p-batch3pb-epc5-budget30p-34895.pth,141,42,1412,3.0,30.0,3.0,5,1553,cycle,11,603,val,0.0658,0.9485,0.9304,0.9762,0.9899,0.9612,mean,0,-1,-1,-1,-1
pneumoniamnist,active,egl_fc,34895,pneumoniamnist-final_active_best-egl_fc-init3p-batch3pb-epc5-budget30p-34895.pth,141,42,1412,3.0,30.0,3.0,5,1553,cycle,12,645,val,0.0743,0.9599,0.947,0.9918,0.9973,0.974,mean,1,-1,-1,-1,-1
pneumoniamnist,active,egl_fc,34895,pneumoniamnist-final_active_best-egl_fc-init3p-batch3pb-epc5-budget30p-34895.pth,141,42,1412,3.0,30.0,3.0,5,1553,cycle,13,687,val,0.072,0.9542,0.9415,0.9876,0.9957,0.9698,mean,0,-1,-1,-1,-1
pneumoniamnist,active,egl_fc,34895,pneumoniamnist-final_active_best-egl_fc-init3p-batch3pb-epc5-budget30p-34895.pth,141,42,1412,3.0,30.0,3.0,5,1553,cycle,14,729,val,0.0369,0.9313,0.9021,0.9799,0.9921,0.9513,mean,0,-1,-1,-1,-1
pneumoniamnist,active,egl_fc,34895,pneumoniamnist-final_active_best-egl_fc-init3p-batch3pb-epc5-budget30p-34895.pth,141,42,1412,3.0,30.0,3.0,5,1553,cycle,15,771,val,0.0596,0.9561,0.9419,0.9931,0.9978,0.9722,mean,0,-1,-1,-1,-1
pneumoniamnist,active,egl_fc,34895,pneumoniamnist-final_active_best-egl_fc-init3p-batch3pb-epc5-budget30p-34895.pth,141,42,1412,3.0,30.0,3.0,5,1553,cycle,16,813,val,0.0419,0.9466,0.9276,0.9796,0.9894,0.9608,mean,0,-1,-1,-1,-1
pneumoniamnist,active,egl_fc,34895,pneumoniamnist-final_active_best-egl_fc-init3p-batch3pb-epc5-budget30p-34895.pth,141,42,1412,3.0,30.0,3.0,5,1553,cycle,17,855,val,0.0732,0.9542,0.938,0.9833,0.993,0.9671,mean,0,-1,-1,-1,-1
pneumoniamnist,active,egl_fc,34895,pneumoniamnist-final_active_best-egl_fc-init3p-batch3pb-epc5-budget30p-34895.pth,141,42,1412,3.0,30.0,3.0,5,1553,cycle,18,897,val,0.0419,0.9542,0.9413,0.9906,0.997,0.9708,mean,0,-1,-1,-1,-1
pneumoniamnist,active,egl_fc,34895,pneumoniamnist-final_active_best-egl_fc-init3p-batch3pb-epc5-budget30p-34895.pth,141,42,1412,3.0,30.0,3.0,5,1553,cycle,19,939,val,0.0834,0.9351,0.9164,0.9865,0.9954,0.9584,mean,0,-1,-1,-1,-1
pneumoniamnist,active,egl_fc,34895,pneumoniamnist-final_active_best-egl_fc-init3p-batch3pb-epc5-budget30p-34895.pth,141,42,1412,3.0,30.0,3.0,5,1553,cycle,20,981,val,0.0344,0.9599,0.9489,0.9933,0.9979,0.975,mean,1,-1,-1,-1,-1
pneumoniamnist,active,egl_fc,34895,pneumoniamnist-final_active_best-egl_fc-init3p-batch3pb-epc5-budget30p-34895.pth,141,42,1412,3.0,30.0,3.0,5,1553,cycle,21,1023,val,0.0343,0.9523,0.9372,0.9891,0.9962,0.9687,mean,0,-1,-1,-1,-1
pneumoniamnist,active,egl_fc,34895,pneumoniamnist-final_active_best-egl_fc-init3p-batch3pb-epc5-budget30p-34895.pth,141,42,1412,3.0,30.0,3.0,5,1553,cycle,22,1065,val,0.0333,0.9656,0.9557,0.9916,0.9974,0.9776,mean,1,-1,-1,-1,-1
pneumoniamnist,active,egl_fc,34895,pneumoniamnist-final_active_best-egl_fc-init3p-batch3pb-epc5-budget30p-34895.pth,141,42,1412,3.0,30.0,3.0,5,1553,cycle,23,1107,val,0.0408,0.9637,0.952,0.9894,0.9959,0.9753,mean,0,-1,-1,-1,-1
pneumoniamnist,active,egl_fc,34895,pneumoniamnist-final_active_best-egl_fc-init3p-batch3pb-epc5-budget30p-34895.pth,141,42,1412,3.0,30.0,3.0,5,1553,cycle,24,1149,val,0.0366,0.958,0.9434,0.9834,0.9935,0.9696,mean,0,-1,-1,-1,-1
pneumoniamnist,active,egl_fc,34895,pneumoniamnist-final_active_best-egl_fc-init3p-batch3pb-epc5-budget30p-34895.pth,141,42,1412,3.0,30.0,3.0,5,1553,cycle,25,1191,val,0.0231,0.9714,0.9632,0.994,0.9981,0.9817,mean,1,-1,-1,-1,-1
pneumoniamnist,active,egl_fc,34895,pneumoniamnist-final_active_best-egl_fc-init3p-batch3pb-epc5-budget30p-34895.pth,141,42,1412,3.0,30.0,3.0,5,1553,cycle,26,1233,val,0.0381,0.9561,0.9401,0.9797,0.9912,0.9668,mean,0,-1,-1,-1,-1
pneumoniamnist,active,egl_fc,34895,pneumoniamnist-final_active_best-egl_fc-init3p-batch3pb-epc5-budget30p-34895.pth,141,42,1412,3.0,30.0,3.0,5,1553,cycle,27,1275,val,0.0137,0.9599,0.9494,0.9947,0.9982,0.9755,mean,0,-1,-1,-1,-1
pneumoniamnist,active,egl_fc,34895,pneumoniamnist-final_active_best-egl_fc-init3p-batch3pb-epc5-budget30p-34895.pth,141,42,1412,3.0,30.0,3.0,5,1553,cycle,28,1317,val,0.0342,0.9504,0.9366,0.9895,0.9965,0.9682,mean,0,-1,-1,-1,-1
pneumoniamnist,active,egl_fc,34895,pneumoniamnist-final_active_best-egl_fc-init3p-batch3pb-epc5-budget30p-34895.pth,141,42,1412,3.0,30.0,3.0,5,1553,cycle,29,1359,val,0.0263,0.9695,0.9607,0.9915,0.9968,0.9796,mean,0,-1,-1,-1,-1
pneumoniamnist,active,egl_fc,34895,pneumoniamnist-final_active_best-egl_fc-init3p-batch3pb-epc5-budget30p-34895.pth,141,42,1412,3.0,30.0,3.0,5,1553,cycle,30,1401,val,0.0017,0.9771,0.9699,0.9914,0.9965,0.9837,mean,1,-1,-1,-1,-1
pneumoniamnist,active,egl_fc,34895,pneumoniamnist-final_active_best-egl_fc-init3p-batch3pb-epc5-budget30p-34895.pth,141,42,1412,3.0,30.0,3.0,5,1553,cycle,31,1443,val,0.0299,0.9637,0.9529,0.9893,0.9957,0.9754,mean,0,-1,-1,-1,-1
pneumoniamnist,active,egl_fc,34895,pneumoniamnist-final_active_best-egl_fc-init3p-batch3pb-epc5-budget30p-34895.pth,141,42,1412,3.0,30.0,3.0,5,1553,cycle,32,1485,val,0.0114,0.9656,0.9549,0.9884,0.9942,0.9758,mean,0,-1,-1,-1,-1
pneumoniamnist,active,egl_fc,34895,pneumoniamnist-final_active_best-egl_fc-init3p-batch3pb-epc5-budget30p-34895.pth,141,42,1412,3.0,30.0,3.0,5,1553,cycle,33,1553,val,0.023,0.9752,0.9675,0.9944,0.9982,0.9838,mean,0,-1,-1,-1,-1
pneumoniamnist,active,egl_fc,34895,pneumoniamnist-final_active_best-egl_fc-init3p-batch3pb-epc5-budget30p-34895.pth,141,42,1412,3.0,30.0,3.0,5,1553,final,-1,1401,test,-1,0.8622,0.8392,0.9022,0.8914,,mean,-1,387,83,151,3
pneumoniamnist,active,egl_fc,148932,pneumoniamnist-final_active_best-egl_fc-init3p-batch3pb-epc5-budget30p-148932.pth,141,42,1412,3.0,30.0,3.0,5,1553,cycle,0,141,val,0.409,0.7424,0.4261,0.5067,0.7738,0.6122,mean,1,-1,-1,-1,-1
pneumoniamnist,active,egl_fc,148932,pneumoniamnist-final_active_best-egl_fc-init3p-batch3pb-epc5-budget30p-148932.pth,141,42,1412,3.0,30.0,3.0,5,1553,cycle,1,183,val,0.1703,0.7424,0.4261,0.5074,0.7452,0.6053,mean,0,-1,-1,-1,-1
pneumoniamnist,active,egl_fc,148932,pneumoniamnist-final_active_best-egl_fc-init3p-batch3pb-epc5-budget30p-148932.pth,141,42,1412,3.0,30.0,3.0,5,1553,cycle,2,225,val,0.1089,0.7424,0.4261,0.6856,0.8348,0.6722,mean,1,-1,-1,-1,-1
pneumoniamnist,active,egl_fc,148932,pneumoniamnist-final_active_best-egl_fc-init3p-batch3pb-epc5-budget30p-148932.pth,141,42,1412,3.0,30.0,3.0,5,1553,cycle,3,267,val,0.0541,0.8378,0.7279,0.8545,0.9103,0.8326,mean,1,-1,-1,-1,-1
pneumoniamnist,active,egl_fc,148932,pneumoniamnist-final_active_best-egl_fc-init3p-batch3pb-epc5-budget30p-148932.pth,141,42,1412,3.0,30.0,3.0,5,1553,cycle,4,309,val,0.0864,0.9198,0.8878,0.9642,0.9867,0.9396,mean,1,-1,-1,-1,-1
pneumoniamnist,active,egl_fc,148932,pneumoniamnist-final_active_best-egl_fc-init3p-batch3pb-epc5-budget30p-148932.pth,141,42,1412,3.0,30.0,3.0,5,1553,cycle,5,351,val,0.0835,0.9294,0.9079,0.9837,0.9943,0.9538,mean,1,-1,-1,-1,-1
pneumoniamnist,active,egl_fc,148932,pneumoniamnist-final_active_best-egl_fc-init3p-batch3pb-epc5-budget30p-148932.pth,141,42,1412,3.0,30.0,3.0,5,1553,cycle,6,393,val,0.061,0.8378,0.8185,0.9797,0.9932,0.9073,mean,0,-1,-1,-1,-1
pneumoniamnist,active,egl_fc,148932,pneumoniamnist-final_active_best-egl_fc-init3p-batch3pb-epc5-budget30p-148932.pth,141,42,1412,3.0,30.0,3.0,5,1553,cycle,7,435,val,0.0493,0.9542,0.941,0.9898,0.9963,0.9703,mean,1,-1,-1,-1,-1
pneumoniamnist,active,egl_fc,148932,pneumoniamnist-final_active_best-egl_fc-init3p-batch3pb-epc5-budget30p-148932.pth,141,42,1412,3.0,30.0,3.0,5,1553,cycle,8,477,val,0.1259,0.9466,0.9311,0.983,0.9937,0.9636,mean,0,-1,-1,-1,-1
pneumoniamnist,active,egl_fc,148932,pneumoniamnist-final_active_best-egl_fc-init3p-batch3pb-epc5-budget30p-148932.pth,141,42,1412,3.0,30.0,3.0,5,1553,cycle,9,519,val,0.1075,0.9466,0.9284,0.9783,0.9919,0.9613,mean,0,-1,-1,-1,-1
pneumoniamnist,active,egl_fc,148932,pneumoniamnist-final_active_best-egl_fc-init3p-batch3pb-epc5-budget30p-148932.pth,141,42,1412,3.0,30.0,3.0,5,1553,cycle,10,561,val,0.0698,0.9523,0.9372,0.9922,0.9974,0.9698,mean,0,-1,-1,-1,-1
pneumoniamnist,active,egl_fc,148932,pneumoniamnist-final_active_best-egl_fc-init3p-batch3pb-epc5-budget30p-148932.pth,141,42,1412,3.0,30.0,3.0,5,1553,cycle,11,603,val,0.0994,0.9561,0.9443,0.9918,0.9972,0.9724,mean,1,-1,-1,-1,-1
pneumoniamnist,active,egl_fc,148932,pneumoniamnist-final_active_best-egl_fc-init3p-batch3pb-epc5-budget30p-148932.pth,141,42,1412,3.0,30.0,3.0,5,1553,cycle,12,645,val,0.0588,0.9561,0.9419,0.9855,0.994,0.9694,mean,0,-1,-1,-1,-1
pneumoniamnist,active,egl_fc,148932,pneumoniamnist-final_active_best-egl_fc-init3p-batch3pb-epc5-budget30p-148932.pth,141,42,1412,3.0,30.0,3.0,5,1553,cycle,13,687,val,0.0646,0.9351,0.9092,0.9866,0.9953,0.9566,mean,0,-1,-1,-1,-1
pneumoniamnist,active,egl_fc,148932,pneumoniamnist-final_active_best-egl_fc-init3p-batch3pb-epc5-budget30p-148932.pth,141,42,1412,3.0,30.0,3.0,5,1553,cycle,14,729,val,0.0454,0.9294,0.9124,0.9883,0.9959,0.9565,mean,0,-1,-1,-1,-1
pneumoniamnist,active,egl_fc,148932,pneumoniamnist-final_active_best-egl_fc-init3p-batch3pb-epc5-budget30p-148932.pth,141,42,1412,3.0,30.0,3.0,5,1553,cycle,15,771,val,0.0463,0.9542,0.9395,0.9884,0.9955,0.9694,mean,0,-1,-1,-1,-1
pneumoniamnist,active,egl_fc,148932,pneumoniamnist-final_active_best-egl_fc-init3p-batch3pb-epc5-budget30p-148932.pth,141,42,1412,3.0,30.0,3.0,5,1553,cycle,16,813,val,0.052,0.9332,0.9046,0.9852,0.9926,0.9539,mean,0,-1,-1,-1,-1
pneumoniamnist,active,egl_fc,148932,pneumoniamnist-final_active_best-egl_fc-init3p-batch3pb-epc5-budget30p-148932.pth,141,42,1412,3.0,30.0,3.0,5,1553,cycle,17,855,val,0.0507,0.9561,0.943,0.9911,0.997,0.9718,mean,0,-1,-1,-1,-1
pneumoniamnist,active,egl_fc,148932,pneumoniamnist-final_active_best-egl_fc-init3p-batch3pb-epc5-budget30p-148932.pth,141,42,1412,3.0,30.0,3.0,5,1553,cycle,18,897,val,0.0578,0.9542,0.937,0.995,0.9983,0.9711,mean,0,-1,-1,-1,-1
pneumoniamnist,active,egl_fc,148932,pneumoniamnist-final_active_best-egl_fc-init3p-batch3pb-epc5-budget30p-148932.pth,141,42,1412,3.0,30.0,3.0,5,1553,cycle,19,939,val,0.0411,0.9618,0.9503,0.9938,0.9979,0.976,mean,1,-1,-1,-1,-1
pneumoniamnist,active,egl_fc,148932,pneumoniamnist-final_active_best-egl_fc-init3p-batch3pb-epc5-budget30p-148932.pth,141,42,1412,3.0,30.0,3.0,5,1553,cycle,20,981,val,0.0372,0.9485,0.9344,0.9833,0.9944,0.9651,mean,0,-1,-1,-1,-1
pneumoniamnist,active,egl_fc,148932,pneumoniamnist-final_active_best-egl_fc-init3p-batch3pb-epc5-budget30p-148932.pth,141,42,1412,3.0,30.0,3.0,5,1553,cycle,21,1023,val,0.0483,0.9504,0.9351,0.9833,0.9923,0.9653,mean,0,-1,-1,-1,-1
pneumoniamnist,active,egl_fc,148932,pneumoniamnist-final_active_best-egl_fc-init3p-batch3pb-epc5-budget30p-148932.pth,141,42,1412,3.0,30.0,3.0,5,1553,cycle,22,1065,val,0.0299,0.9485,0.9355,0.9943,0.9981,0.9691,mean,0,-1,-1,-1,-1
pneumoniamnist,active,egl_fc,148932,pneumoniamnist-final_active_best-egl_fc-init3p-batch3pb-epc5-budget30p-148932.pth,141,42,1412,3.0,30.0,3.0,5,1553,cycle,23,1107,val,0.0429,0.9733,0.9649,0.9903,0.9964,0.9812,mean,1,-1,-1,-1,-1
pneumoniamnist,active,egl_fc,148932,pneumoniamnist-final_active_best-egl_fc-init3p-batch3pb-epc5-budget30p-148932.pth,141,42,1412,3.0,30.0,3.0,5,1553,cycle,24,1149,val,0.0167,0.9656,0.9557,0.9953,0.9984,0.9788,mean,0,-1,-1,-1,-1
pneumoniamnist,active,egl_fc,148932,pneumoniamnist-final_active_best-egl_fc-init3p-batch3pb-epc5-budget30p-148932.pth,141,42,1412,3.0,30.0,3.0,5,1553,cycle,25,1191,val,0.0273,0.9733,0.9647,0.9932,0.9973,0.9821,mean,1,-1,-1,-1,-1
pneumoniamnist,active,egl_fc,148932,pneumoniamnist-final_active_best-egl_fc-init3p-batch3pb-epc5-budget30p-148932.pth,141,42,1412,3.0,30.0,3.0,5,1553,cycle,26,1233,val,0.0289,0.9714,0.9615,0.991,0.996,0.98,mean,0,-1,-1,-1,-1
pneumoniamnist,active,egl_fc,148932,pneumoniamnist-final_active_best-egl_fc-init3p-batch3pb-epc5-budget30p-148932.pth,141,42,1412,3.0,30.0,3.0,5,1553,cycle,27,1275,val,0.0418,0.9637,0.9544,0.9954,0.9986,0.978,mean,0,-1,-1,-1,-1
pneumoniamnist,active,egl_fc,148932,pneumoniamnist-final_active_best-egl_fc-init3p-batch3pb-epc5-budget30p-148932.pth,141,42,1412,3.0,30.0,3.0,5,1553,cycle,28,1317,val,0.0234,0.9733,0.9652,0.9957,0.9986,0.9832,mean,1,-1,-1,-1,-1
pneumoniamnist,active,egl_fc,148932,pneumoniamnist-final_active_best-egl_fc-init3p-batch3pb-epc5-budget30p-148932.pth,141,42,1412,3.0,30.0,3.0,5,1553,cycle,29,1359,val,0.0293,0.9733,0.9649,0.9951,0.9984,0.9829,mean,0,-1,-1,-1,-1
pneumoniamnist,active,egl_fc,148932,pneumoniamnist-final_active_best-egl_fc-init3p-batch3pb-epc5-budget30p-148932.pth,141,42,1412,3.0,30.0,3.0,5,1553,cycle,30,1401,val,0.0134,0.9695,0.9599,0.9935,0.9978,0.9802,mean,0,-1,-1,-1,-1
pneumoniamnist,active,egl_fc,148932,pneumoniamnist-final_active_best-egl_fc-init3p-batch3pb-epc5-budget30p-148932.pth,141,42,1412,3.0,30.0,3.0,5,1553,cycle,31,1443,val,0.0196,0.9504,0.9378,0.9924,0.9974,0.9695,mean,0,-1,-1,-1,-1
pneumoniamnist,active,egl_fc,148932,pneumoniamnist-final_active_best-egl_fc-init3p-batch3pb-epc5-budget30p-148932.pth,141,42,1412,3.0,30.0,3.0,5,1553,cycle,32,1485,val,0.0216,0.9427,0.9285,0.9906,0.9963,0.9646,mean,0,-1,-1,-1,-1
pneumoniamnist,active,egl_fc,148932,pneumoniamnist-final_active_best-egl_fc-init3p-batch3pb-epc5-budget30p-148932.pth,141,42,1412,3.0,30.0,3.0,5,1553,cycle,33,1553,val,0.0084,0.9695,0.9593,0.9941,0.9978,0.9801,mean,0,-1,-1,-1,-1
pneumoniamnist,active,egl_fc,148932,pneumoniamnist-final_active_best-egl_fc-init3p-batch3pb-epc5-budget30p-148932.pth,141,42,1412,3.0,30.0,3.0,5,1553,final,-1,1317,test,-1,0.8686,0.8471,0.9003,0.8764,,mean,-1,388,80,154,2
pathmnist,active,random,17,pathmnist-final_active_best-random-init3p-batch3pb-epc5-budget30p-17.pth,2103,637,21026,3.0,30.0,3.0,5,23129,cycle,0,2103,val,0.3685,0.7682,0.7615,0.873,0.8402,0.8108,mean,1,-1,-1,-1,-1
pathmnist,active,random,17,pathmnist-final_active_best-random-init3p-batch3pb-epc5-budget30p-17.pth,2103,637,21026,3.0,30.0,3.0,5,23129,cycle,1,2740,val,0.1765,0.7724,0.7683,0.8866,0.8548,0.8205,mean,1,-1,-1,-1,-1
pathmnist,active,random,17,pathmnist-final_active_best-random-init3p-batch3pb-epc5-budget30p-17.pth,2103,637,21026,3.0,30.0,3.0,5,23129,cycle,2,3377,val,0.1219,0.848,0.848,0.9255,0.8942,0.8789,mean,1,-1,-1,-1,-1
pathmnist,active,random,17,pathmnist-final_active_best-random-init3p-batch3pb-epc5-budget30p-17.pth,2103,637,21026,3.0,30.0,3.0,5,23129,cycle,3,4014,val,0.091,0.8353,0.8352,0.9002,0.8519,0.8557,mean,0,-1,-1,-1,-1
pathmnist,active,random,17,pathmnist-final_active_best-random-init3p-batch3pb-epc5-budget30p-17.pth,2103,637,21026,3.0,30.0,3.0,5,23129,cycle,4,4651,val,0.0717,0.7813,0.7702,0.8956,0.8856,0.8332,mean,0,-1,-1,-1,-1
pathmnist,active,random,17,pathmnist-final_active_best-random-init3p-batch3pb-epc5-budget30p-17.pth,2103,637,21026,3.0,30.0,3.0,5,23129,cycle,5,5288,val,0.0659,0.8487,0.8472,0.9307,0.9217,0.8871,mean,1,-1,-1,-1,-1
pathmnist,active,random,17,pathmnist-final_active_best-random-init3p-batch3pb-epc5-budget30p-17.pth,2103,637,21026,3.0,30.0,3.0,5,23129,cycle,6,5925,val,0.0578,0.814,0.8088,0.9236,0.9061,0.8631,mean,0,-1,-1,-1,-1
pathmnist,active,random,17,pathmnist-final_active_best-random-init3p-batch3pb-epc5-budget30p-17.pth,2103,637,21026,3.0,30.0,3.0,5,23129,cycle,7,6562,val,0.045,0.6294,0.5809,0.7501,0.7093,0.6674,mean,0,-1,-1,-1,-1
pathmnist,active,random,17,pathmnist-final_active_best-random-init3p-batch3pb-epc5-budget30p-17.pth,2103,637,21026,3.0,30.0,3.0,5,23129,cycle,8,7199,val,0.0529,0.8956,0.8956,0.9628,0.9526,0.9267,mean,1,-1,-1,-1,-1
pathmnist,active,random,17,pathmnist-final_active_best-random-init3p-batch3pb-epc5-budget30p-17.pth,2103,637,21026,3.0,30.0,3.0,5,23129,cycle,9,7836,val,0.0383,0.8512,0.8512,0.9339,0.9171,0.8884,mean,0,-1,-1,-1,-1
pathmnist,active,random,17,pathmnist-final_active_best-random-init3p-batch3pb-epc5-budget30p-17.pth,2103,637,21026,3.0,30.0,3.0,5,23129,cycle,10,8473,val,0.0506,0.8797,0.8797,0.9506,0.937,0.9117,mean,0,-1,-1,-1,-1
pathmnist,active,random,17,pathmnist-final_active_best-random-init3p-batch3pb-epc5-budget30p-17.pth,2103,637,21026,3.0,30.0,3.0,5,23129,cycle,11,9110,val,0.0338,0.8983,0.8982,0.9644,0.9553,0.9291,mean,1,-1,-1,-1,-1
pathmnist,active,random,17,pathmnist-final_active_best-random-init3p-batch3pb-epc5-budget30p-17.pth,2103,637,21026,3.0,30.0,3.0,5,23129,cycle,12,9747,val,0.0266,0.8792,0.8789,0.95,0.932,0.91,mean,0,-1,-1,-1,-1
pathmnist,active,random,17,pathmnist-final_active_best-random-init3p-batch3pb-epc5-budget30p-17.pth,2103,637,21026,3.0,30.0,3.0,5,23129,cycle,13,10384,val,0.0303,0.8809,0.8808,0.952,0.9376,0.9128,mean,0,-1,-1,-1,-1
pathmnist,active,random,17,pathmnist-final_active_best-random-init3p-batch3pb-epc5-budget30p-17.pth,2103,637,21026,3.0,30.0,3.0,5,23129,cycle,14,11021,val,0.0255,0.8759,0.8756,0.9471,0.935,0.9084,mean,0,-1,-1,-1,-1
pathmnist,active,random,17,pathmnist-final_active_best-random-init3p-batch3pb-epc5-budget30p-17.pth,2103,637,21026,3.0,30.0,3.0,5,23129,cycle,15,11658,val,0.0274,0.8483,0.8464,0.9376,0.9167,0.8872,mean,0,-1,-1,-1,-1
pathmnist,active,random,17,pathmnist-final_active_best-random-init3p-batch3pb-epc5-budget30p-17.pth,2103,637,21026,3.0,30.0,3.0,5,23129,cycle,16,12295,val,0.024,0.8412,0.8356,0.9537,0.9458,0.8941,mean,0,-1,-1,-1,-1
pathmnist,active,random,17,pathmnist-final_active_best-random-init3p-batch3pb-epc5-budget30p-17.pth,2103,637,21026,3.0,30.0,3.0,5,23129,cycle,17,12932,val,0.0208,0.8165,0.8137,0.9115,0.8796,0.8553,mean,0,-1,-1,-1,-1
pathmnist,active,random,17,pathmnist-final_active_best-random-init3p-batch3pb-epc5-budget30p-17.pth,2103,637,21026,3.0,30.0,3.0,5,23129,cycle,18,13569,val,0.0218,0.8668,0.8652,0.9329,0.9273,0.898,mean,0,-1,-1,-1,-1
pathmnist,active,random,17,pathmnist-final_active_best-random-init3p-batch3pb-epc5-budget30p-17.pth,2103,637,21026,3.0,30.0,3.0,5,23129,cycle,19,14206,val,0.0203,0.8912,0.891,0.9565,0.943,0.9204,mean,0,-1,-1,-1,-1
pathmnist,active,random,17,pathmnist-final_active_best-random-init3p-batch3pb-epc5-budget30p-17.pth,2103,637,21026,3.0,30.0,3.0,5,23129,cycle,20,14843,val,0.0172,0.7149,0.6881,0.8606,0.8418,0.7764,mean,0,-1,-1,-1,-1
pathmnist,active,random,17,pathmnist-final_active_best-random-init3p-batch3pb-epc5-budget30p-17.pth,2103,637,21026,3.0,30.0,3.0,5,23129,cycle,21,15480,val,0.029,0.9045,0.9043,0.9642,0.9512,0.931,mean,1,-1,-1,-1,-1
pathmnist,active,random,17,pathmnist-final_active_best-random-init3p-batch3pb-epc5-budget30p-17.pth,2103,637,21026,3.0,30.0,3.0,5,23129,cycle,22,16117,val,0.0134,0.9181,0.918,0.9721,0.9629,0.9428,mean,1,-1,-1,-1,-1
pathmnist,active,random,17,pathmnist-final_active_best-random-init3p-batch3pb-epc5-budget30p-17.pth,2103,637,21026,3.0,30.0,3.0,5,23129,cycle,23,16754,val,0.0158,0.9114,0.9113,0.9661,0.95,0.9347,mean,0,-1,-1,-1,-1
pathmnist,active,random,17,pathmnist-final_active_best-random-init3p-batch3pb-epc5-budget30p-17.pth,2103,637,21026,3.0,30.0,3.0,5,23129,cycle,24,17391,val,0.0154,0.8524,0.8514,0.9246,0.9097,0.8845,mean,0,-1,-1,-1,-1
pathmnist,active,random,17,pathmnist-final_active_best-random-init3p-batch3pb-epc5-budget30p-17.pth,2103,637,21026,3.0,30.0,3.0,5,23129,cycle,25,18028,val,0.0149,0.9107,0.9106,0.9724,0.9648,0.9396,mean,0,-1,-1,-1,-1
pathmnist,active,random,17,pathmnist-final_active_best-random-init3p-batch3pb-epc5-budget30p-17.pth,2103,637,21026,3.0,30.0,3.0,5,23129,cycle,26,18665,val,0.0154,0.9144,0.9142,0.9713,0.9635,0.9408,mean,0,-1,-1,-1,-1
pathmnist,active,random,17,pathmnist-final_active_best-random-init3p-batch3pb-epc5-budget30p-17.pth,2103,637,21026,3.0,30.0,3.0,5,23129,cycle,27,19302,val,0.0126,0.8806,0.8796,0.9529,0.9445,0.9144,mean,0,-1,-1,-1,-1
pathmnist,active,random,17,pathmnist-final_active_best-random-init3p-batch3pb-epc5-budget30p-17.pth,2103,637,21026,3.0,30.0,3.0,5,23129,cycle,28,19939,val,0.0142,0.9041,0.904,0.9654,0.9556,0.9323,mean,0,-1,-1,-1,-1
pathmnist,active,random,17,pathmnist-final_active_best-random-init3p-batch3pb-epc5-budget30p-17.pth,2103,637,21026,3.0,30.0,3.0,5,23129,cycle,29,20576,val,0.0516,0.9163,0.9159,0.9705,0.9612,0.941,mean,0,-1,-1,-1,-1
pathmnist,active,random,17,pathmnist-final_active_best-random-init3p-batch3pb-epc5-budget30p-17.pth,2103,637,21026,3.0,30.0,3.0,5,23129,cycle,30,21213,val,0.0098,0.9148,0.9146,0.9701,0.9591,0.9397,mean,0,-1,-1,-1,-1
pathmnist,active,random,17,pathmnist-final_active_best-random-init3p-batch3pb-epc5-budget30p-17.pth,2103,637,21026,3.0,30.0,3.0,5,23129,cycle,31,21850,val,0.0104,0.9166,0.9164,0.9713,0.9612,0.9414,mean,0,-1,-1,-1,-1
pathmnist,active,random,17,pathmnist-final_active_best-random-init3p-batch3pb-epc5-budget30p-17.pth,2103,637,21026,3.0,30.0,3.0,5,23129,cycle,32,22487,val,0.0126,0.9176,0.9171,0.9746,0.9682,0.9444,mean,1,-1,-1,-1,-1
pathmnist,active,random,17,pathmnist-final_active_best-random-init3p-batch3pb-epc5-budget30p-17.pth,2103,637,21026,3.0,30.0,3.0,5,23129,cycle,33,23129,val,0.0128,0.8974,0.8965,0.9645,0.9584,0.9292,mean,0,-1,-1,-1,-1
pathmnist,active,random,17,pathmnist-final_active_best-random-init3p-batch3pb-epc5-budget30p-17.pth,2103,637,21026,3.0,30.0,3.0,5,23129,final,-1,22487,test,-1,0.8858,0.8764,0.9523,0.9119,,mean,-1,1741,399,3307,252
pathmnist,active,random,246,pathmnist-final_active_best-random-init3p-batch3pb-epc5-budget30p-246.pth,2103,637,21026,3.0,30.0,3.0,5,23129,cycle,0,2103,val,0.335,0.8075,0.8016,0.9119,0.8971,0.8545,mean,1,-1,-1,-1,-1
pathmnist,active,random,246,pathmnist-final_active_best-random-init3p-batch3pb-epc5-budget30p-246.pth,2103,637,21026,3.0,30.0,3.0,5,23129,cycle,1,2740,val,0.1647,0.7655,0.762,0.863,0.8415,0.808,mean,0,-1,-1,-1,-1
pathmnist,active,random,246,pathmnist-final_active_best-random-init3p-batch3pb-epc5-budget30p-246.pth,2103,637,21026,3.0,30.0,3.0,5,23129,cycle,2,3377,val,0.1115,0.8679,0.8678,0.9386,0.9249,0.8998,mean,1,-1,-1,-1,-1
pathmnist,active,random,246,pathmnist-final_active_best-random-init3p-batch3pb-epc5-budget30p-246.pth,2103,637,21026,3.0,30.0,3.0,5,23129,cycle,3,4014,val,0.0965,0.8469,0.8459,0.9259,0.9126,0.8828,mean,0,-1,-1,-1,-1
pathmnist,active,random,246,pathmnist-final_active_best-random-init3p-batch3pb-epc5-budget30p-246.pth,2103,637,21026,3.0,30.0,3.0,5,23129,cycle,4,4651,val,0.0736,0.8388,0.835,0.9362,0.9147,0.8812,mean,0,-1,-1,-1,-1
pathmnist,active,random,246,pathmnist-final_active_best-random-init3p-batch3pb-epc5-budget30p-246.pth,2103,637,21026,3.0,30.0,3.0,5,23129,cycle,5,5288,val,0.0609,0.8479,0.8457,0.9334,0.9207,0.8869,mean,0,-1,-1,-1,-1
pathmnist,active,random,246,pathmnist-final_active_best-random-init3p-batch3pb-epc5-budget30p-246.pth,2103,637,21026,3.0,30.0,3.0,5,23129,cycle,6,5925,val,0.0526,0.8414,0.8384,0.9252,0.9171,0.8805,mean,0,-1,-1,-1,-1
pathmnist,active,random,246,pathmnist-final_active_best-random-init3p-batch3pb-epc5-budget30p-246.pth,2103,637,21026,3.0,30.0,3.0,5,23129,cycle,7,6562,val,0.044,0.843,0.8397,0.937,0.9172,0.8842,mean,0,-1,-1,-1,-1
pathmnist,active,random,246,pathmnist-final_active_best-random-init3p-batch3pb-epc5-budget30p-246.pth,2103,637,21026,3.0,30.0,3.0,5,23129,cycle,8,7199,val,0.0486,0.8027,0.8021,0.9018,0.8732,0.845,mean,0,-1,-1,-1,-1
pathmnist,active,random,246,pathmnist-final_active_best-random-init3p-batch3pb-epc5-budget30p-246.pth,2103,637,21026,3.0,30.0,3.0,5,23129,cycle,9,7836,val,0.0527,0.8606,0.8595,0.941,0.935,0.8991,mean,0,-1,-1,-1,-1
pathmnist,active,random,246,pathmnist-final_active_best-random-init3p-batch3pb-epc5-budget30p-246.pth,2103,637,21026,3.0,30.0,3.0,5,23129,cycle,10,8473,val,0.0303,0.8722,0.8719,0.9441,0.9235,0.9029,mean,1,-1,-1,-1,-1
pathmnist,active,random,246,pathmnist-final_active_best-random-init3p-batch3pb-epc5-budget30p-246.pth,2103,637,21026,3.0,30.0,3.0,5,23129,cycle,11,9110,val,0.0335,0.8851,0.8845,0.9496,0.9304,0.9124,mean,1,-1,-1,-1,-1
pathmnist,active,random,246,pathmnist-final_active_best-random-init3p-batch3pb-epc5-budget30p-246.pth,2103,637,21026,3.0,30.0,3.0,5,23129,cycle,12,9747,val,0.0306,0.8,0.7988,0.8792,0.8276,0.8264,mean,0,-1,-1,-1,-1
pathmnist,active,random,246,pathmnist-final_active_best-random-init3p-batch3pb-epc5-budget30p-246.pth,2103,637,21026,3.0,30.0,3.0,5,23129,cycle,13,10384,val,0.0258,0.88,0.8777,0.9621,0.9546,0.9186,mean,1,-1,-1,-1,-1
pathmnist,active,random,246,pathmnist-final_active_best-random-init3p-batch3pb-epc5-budget30p-246.pth,2103,637,21026,3.0,30.0,3.0,5,23129,cycle,14,11021,val,0.0287,0.8985,0.8983,0.9622,0.9502,0.9273,mean,1,-1,-1,-1,-1
pathmnist,active,random,246,pathmnist-final_active_best-random-init3p-batch3pb-epc5-budget30p-246.pth,2103,637,21026,3.0,30.0,3.0,5,23129,cycle,15,11658,val,0.0232,0.8936,0.8934,0.957,0.9433,0.9218,mean,0,-1,-1,-1,-1
pathmnist,active,random,246,pathmnist-final_active_best-random-init3p-batch3pb-epc5-budget30p-246.pth,2103,637,21026,3.0,30.0,3.0,5,23129,cycle,16,12295,val,0.0234,0.9013,0.9007,0.965,0.9591,0.9315,mean,1,-1,-1,-1,-1
pathmnist,active,random,246,pathmnist-final_active_best-random-init3p-batch3pb-epc5-budget30p-246.pth,2103,637,21026,3.0,30.0,3.0,5,23129,cycle,17,12932,val,0.0201,0.8075,0.8066,0.8995,0.8762,0.8475,mean,0,-1,-1,-1,-1
pathmnist,active,random,246,pathmnist-final_active_best-random-init3p-batch3pb-epc5-budget30p-246.pth,2103,637,21026,3.0,30.0,3.0,5,23129,cycle,18,13569,val,0.0209,0.9158,0.9153,0.9723,0.9668,0.9426,mean,1,-1,-1,-1,-1
pathmnist,active,random,246,pathmnist-final_active_best-random-init3p-batch3pb-epc5-budget30p-246.pth,2103,637,21026,3.0,30.0,3.0,5,23129,cycle,19,14206,val,0.0203,0.8835,0.8829,0.951,0.945,0.9156,mean,0,-1,-1,-1,-1
pathmnist,active,random,246,pathmnist-final_active_best-random-init3p-batch3pb-epc5-budget30p-246.pth,2103,637,21026,3.0,30.0,3.0,5,23129,cycle,20,14843,val,0.0166,0.8177,0.8171,0.9016,0.876,0.8531,mean,0,-1,-1,-1,-1
pathmnist,active,random,246,pathmnist-final_active_best-random-init3p-batch3pb-epc5-budget30p-246.pth,2103,637,21026,3.0,30.0,3.0,5,23129,cycle,21,15480,val,0.0186,0.9009,0.9001,0.9682,0.9634,0.9332,mean,0,-1,-1,-1,-1
pathmnist,active,random,246,pathmnist-final_active_best-random-init3p-batch3pb-epc5-budget30p-246.pth,2103,637,21026,3.0,30.0,3.0,5,23129,cycle,22,16117,val,0.0183,0.9225,0.9221,0.9739,0.967,0.9464,mean,1,-1,-1,-1,-1
pathmnist,active,random,246,pathmnist-final_active_best-random-init3p-batch3pb-epc5-budget30p-246.pth,2103,637,21026,3.0,30.0,3.0,5,23129,cycle,23,16754,val,0.0152,0.881,0.8804,0.9507,0.9394,0.9129,mean,0,-1,-1,-1,-1
pathmnist,active,random,246,pathmnist-final_active_best-random-init3p-batch3pb-epc5-budget30p-246.pth,2103,637,21026,3.0,30.0,3.0,5,23129,cycle,24,17391,val,0.0156,0.9214,0.9211,0.9753,0.9704,0.9471,mean,1,-1,-1,-1,-1
pathmnist,active,random,246,pathmnist-final_active_best-random-init3p-batch3pb-epc5-budget30p-246.pth,2103,637,21026,3.0,30.0,3.0,5,23129,cycle,25,18028,val,0.0158,0.8579,0.857,0.9372,0.9182,0.8926,mean,0,-1,-1,-1,-1
pathmnist,active,random,246,pathmnist-final_active_best-random-init3p-batch3pb-epc5-budget30p-246.pth,2103,637,21026,3.0,30.0,3.0,5,23129,cycle,26,18665,val,0.0139,0.901,0.901,0.9663,0.9597,0.932,mean,0,-1,-1,-1,-1
pathmnist,active,random,246,pathmnist-final_active_best-random-init3p-batch3pb-epc5-budget30p-246.pth,2103,637,21026,3.0,30.0,3.0,5,23129,cycle,27,19302,val,0.0193,0.8589,0.8562,0.9397,0.9202,0.8938,mean,0,-1,-1,-1,-1
pathmnist,active,random,246,pathmnist-final_active_best-random-init3p-batch3pb-epc5-budget30p-246.pth,2103,637,21026,3.0,30.0,3.0,5,23129,cycle,28,19939,val,0.0113,0.9036,0.9024,0.9682,0.9629,0.9343,mean,0,-1,-1,-1,-1
pathmnist,active,random,246,pathmnist-final_active_best-random-init3p-batch3pb-epc5-budget30p-246.pth,2103,637,21026,3.0,30.0,3.0,5,23129,cycle,29,20576,val,0.0123,0.893,0.8929,0.9612,0.9491,0.924,mean,0,-1,-1,-1,-1
pathmnist,active,random,246,pathmnist-final_active_best-random-init3p-batch3pb-epc5-budget30p-246.pth,2103,637,21026,3.0,30.0,3.0,5,23129,cycle,30,21213,val,0.0124,0.906,0.9055,0.9641,0.9562,0.933,mean,0,-1,-1,-1,-1
pathmnist,active,random,246,pathmnist-final_active_best-random-init3p-batch3pb-epc5-budget30p-246.pth,2103,637,21026,3.0,30.0,3.0,5,23129,cycle,31,21850,val,0.0116,0.9031,0.9022,0.9698,0.9629,0.9345,mean,0,-1,-1,-1,-1
pathmnist,active,random,246,pathmnist-final_active_best-random-init3p-batch3pb-epc5-budget30p-246.pth,2103,637,21026,3.0,30.0,3.0,5,23129,cycle,32,22487,val,0.0099,0.9149,0.9147,0.973,0.9685,0.9428,mean,0,-1,-1,-1,-1
pathmnist,active,random,246,pathmnist-final_active_best-random-init3p-batch3pb-epc5-budget30p-246.pth,2103,637,21026,3.0,30.0,3.0,5,23129,cycle,33,23129,val,0.0118,0.9213,0.9212,0.9709,0.9599,0.9433,mean,0,-1,-1,-1,-1
pathmnist,active,random,246,pathmnist-final_active_best-random-init3p-batch3pb-epc5-budget30p-246.pth,2103,637,21026,3.0,30.0,3.0,5,23129,final,-1,17391,test,-1,0.9088,0.9016,0.9592,0.9293,,mean,-1,1819,346,3360,174
pathmnist,active,random,9012,pathmnist-final_active_best-random-init3p-batch3pb-epc5-budget30p-9012.pth,2103,637,21026,3.0,30.0,3.0,5,23129,cycle,0,2103,val,0.3476,0.8125,0.808,0.919,0.8976,0.8593,mean,1,-1,-1,-1,-1
pathmnist,active,random,9012,pathmnist-final_active_best-random-init3p-batch3pb-epc5-budget30p-9012.pth,2103,637,21026,3.0,30.0,3.0,5,23129,cycle,1,2740,val,0.1891,0.8342,0.8341,0.9121,0.8828,0.8658,mean,1,-1,-1,-1,-1
pathmnist,active,random,9012,pathmnist-final_active_best-random-init3p-batch3pb-epc5-budget30p-9012.pth,2103,637,21026,3.0,30.0,3.0,5,23129,cycle,2,3377,val,0.1255,0.7765,0.7619,0.9198,0.9072,0.8413,mean,0,-1,-1,-1,-1
pathmnist,active,random,9012,pathmnist-final_active_best-random-init3p-batch3pb-epc5-budget30p-9012.pth,2103,637,21026,3.0,30.0,3.0,5,23129,cycle,3,4014,val,0.0952,0.8403,0.84,0.9347,0.9131,0.882,mean,1,-1,-1,-1,-1
pathmnist,active,random,9012,pathmnist-final_active_best-random-init3p-batch3pb-epc5-budget30p-9012.pth,2103,637,21026,3.0,30.0,3.0,5,23129,cycle,4,4651,val,0.0696,0.833,0.8328,0.9334,0.9218,0.8802,mean,0,-1,-1,-1,-1
pathmnist,active,random,9012,pathmnist-final_active_best-random-init3p-batch3pb-epc5-budget30p-9012.pth,2103,637,21026,3.0,30.0,3.0,5,23129,cycle,5,5288,val,0.0682,0.8534,0.8533,0.9508,0.9416,0.8998,mean,1,-1,-1,-1,-1
pathmnist,active,random,9012,pathmnist-final_active_best-random-init3p-batch3pb-epc5-budget30p-9012.pth,2103,637,21026,3.0,30.0,3.0,5,23129,cycle,6,5925,val,0.053,0.8494,0.8464,0.9404,0.9281,0.8911,mean,0,-1,-1,-1,-1
pathmnist,active,random,9012,pathmnist-final_active_best-random-init3p-batch3pb-epc5-budget30p-9012.pth,2103,637,21026,3.0,30.0,3.0,5,23129,cycle,7,6562,val,0.0573,0.8204,0.8148,0.9168,0.9124,0.8661,mean,0,-1,-1,-1,-1
pathmnist,active,random,9012,pathmnist-final_active_best-random-init3p-batch3pb-epc5-budget30p-9012.pth,2103,637,21026,3.0,30.0,3.0,5,23129,cycle,8,7199,val,0.0419,0.8795,0.8793,0.9513,0.9413,0.9128,mean,1,-1,-1,-1,-1
pathmnist,active,random,9012,pathmnist-final_active_best-random-init3p-batch3pb-epc5-budget30p-9012.pth,2103,637,21026,3.0,30.0,3.0,5,23129,cycle,9,7836,val,0.038,0.8663,0.8645,0.9464,0.9329,0.9025,mean,0,-1,-1,-1,-1
pathmnist,active,random,9012,pathmnist-final_active_best-random-init3p-batch3pb-epc5-budget30p-9012.pth,2103,637,21026,3.0,30.0,3.0,5,23129,cycle,10,8473,val,0.0429,0.8729,0.8717,0.9451,0.9353,0.9062,mean,0,-1,-1,-1,-1
pathmnist,active,random,9012,pathmnist-final_active_best-random-init3p-batch3pb-epc5-budget30p-9012.pth,2103,637,21026,3.0,30.0,3.0,5,23129,cycle,11,9110,val,0.0328,0.8719,0.8699,0.9538,0.9432,0.9097,mean,0,-1,-1,-1,-1
pathmnist,active,random,9012,pathmnist-final_active_best-random-init3p-batch3pb-epc5-budget30p-9012.pth,2103,637,21026,3.0,30.0,3.0,5,23129,cycle,12,9747,val,0.03,0.8873,0.887,0.9582,0.9493,0.9204,mean,1,-1,-1,-1,-1
pathmnist,active,random,9012,pathmnist-final_active_best-random-init3p-batch3pb-epc5-budget30p-9012.pth,2103,637,21026,3.0,30.0,3.0,5,23129,cycle,13,10384,val,0.0313,0.8813,0.8804,0.9534,0.9422,0.9143,mean,0,-1,-1,-1,-1
pathmnist,active,random,9012,pathmnist-final_active_best-random-init3p-batch3pb-epc5-budget30p-9012.pth,2103,637,21026,3.0,30.0,3.0,5,23129,cycle,14,11021,val,0.0251,0.8627,0.8608,0.9423,0.9339,0.8999,mean,0,-1,-1,-1,-1
pathmnist,active,random,9012,pathmnist-final_active_best-random-init3p-batch3pb-epc5-budget30p-9012.pth,2103,637,21026,3.0,30.0,3.0,5,23129,cycle,15,11658,val,0.0247,0.8578,0.8545,0.9477,0.9387,0.8997,mean,0,-1,-1,-1,-1
pathmnist,active,random,9012,pathmnist-final_active_best-random-init3p-batch3pb-epc5-budget30p-9012.pth,2103,637,21026,3.0,30.0,3.0,5,23129,cycle,16,12295,val,0.0233,0.9087,0.9084,0.9708,0.9646,0.9382,mean,1,-1,-1,-1,-1
pathmnist,active,random,9012,pathmnist-final_active_best-random-init3p-batch3pb-epc5-budget30p-9012.pth,2103,637,21026,3.0,30.0,3.0,5,23129,cycle,17,12932,val,0.0204,0.8941,0.8941,0.9609,0.9437,0.9232,mean,0,-1,-1,-1,-1
pathmnist,active,random,9012,pathmnist-final_active_best-random-init3p-batch3pb-epc5-budget30p-9012.pth,2103,637,21026,3.0,30.0,3.0,5,23129,cycle,18,13569,val,0.0211,0.8763,0.8744,0.9538,0.9455,0.9125,mean,0,-1,-1,-1,-1
pathmnist,active,random,9012,pathmnist-final_active_best-random-init3p-batch3pb-epc5-budget30p-9012.pth,2103,637,21026,3.0,30.0,3.0,5,23129,cycle,19,14206,val,0.0181,0.9149,0.9145,0.9723,0.9652,0.9417,mean,1,-1,-1,-1,-1
pathmnist,active,random,9012,pathmnist-final_active_best-random-init3p-batch3pb-epc5-budget30p-9012.pth,2103,637,21026,3.0,30.0,3.0,5,23129,cycle,20,14843,val,0.022,0.9161,0.9157,0.9709,0.9639,0.9416,mean,0,-1,-1,-1,-1
pathmnist,active,random,9012,pathmnist-final_active_best-random-init3p-batch3pb-epc5-budget30p-9012.pth,2103,637,21026,3.0,30.0,3.0,5,23129,cycle,21,15480,val,0.0184,0.8987,0.8985,0.9587,0.9497,0.9264,mean,0,-1,-1,-1,-1
pathmnist,active,random,9012,pathmnist-final_active_best-random-init3p-batch3pb-epc5-budget30p-9012.pth,2103,637,21026,3.0,30.0,3.0,5,23129,cycle,22,16117,val,0.017,0.908,0.9076,0.9715,0.9646,0.9379,mean,0,-1,-1,-1,-1
pathmnist,active,random,9012,pathmnist-final_active_best-random-init3p-batch3pb-epc5-budget30p-9012.pth,2103,637,21026,3.0,30.0,3.0,5,23129,cycle,23,16754,val,0.0156,0.8274,0.8266,0.916,0.894,0.866,mean,0,-1,-1,-1,-1
pathmnist,active,random,9012,pathmnist-final_active_best-random-init3p-batch3pb-epc5-budget30p-9012.pth,2103,637,21026,3.0,30.0,3.0,5,23129,cycle,24,17391,val,0.0139,0.8885,0.8874,0.9562,0.9504,0.9206,mean,0,-1,-1,-1,-1
pathmnist,active,random,9012,pathmnist-final_active_best-random-init3p-batch3pb-epc5-budget30p-9012.pth,2103,637,21026,3.0,30.0,3.0,5,23129,cycle,25,18028,val,0.0143,0.833,0.8261,0.9514,0.9427,0.8883,mean,0,-1,-1,-1,-1
pathmnist,active,random,9012,pathmnist-final_active_best-random-init3p-batch3pb-epc5-budget30p-9012.pth,2103,637,21026,3.0,30.0,3.0,5,23129,cycle,26,18665,val,0.0146,0.9143,0.914,0.9711,0.9633,0.9407,mean,0,-1,-1,-1,-1
pathmnist,active,random,9012,pathmnist-final_active_best-random-init3p-batch3pb-epc5-budget30p-9012.pth,2103,637,21026,3.0,30.0,3.0,5,23129,cycle,27,19302,val,0.0205,0.9184,0.9179,0.973,0.9665,0.9439,mean,1,-1,-1,-1,-1
pathmnist,active,random,9012,pathmnist-final_active_best-random-init3p-batch3pb-epc5-budget30p-9012.pth,2103,637,21026,3.0,30.0,3.0,5,23129,cycle,28,19939,val,0.011,0.9102,0.9101,0.9727,0.9657,0.9397,mean,0,-1,-1,-1,-1
pathmnist,active,random,9012,pathmnist-final_active_best-random-init3p-batch3pb-epc5-budget30p-9012.pth,2103,637,21026,3.0,30.0,3.0,5,23129,cycle,29,20576,val,0.0114,0.9066,0.9059,0.9672,0.9606,0.9351,mean,0,-1,-1,-1,-1
pathmnist,active,random,9012,pathmnist-final_active_best-random-init3p-batch3pb-epc5-budget30p-9012.pth,2103,637,21026,3.0,30.0,3.0,5,23129,cycle,30,21213,val,0.0134,0.8613,0.8591,0.9445,0.9364,0.9003,mean,0,-1,-1,-1,-1
pathmnist,active,random,9012,pathmnist-final_active_best-random-init3p-batch3pb-epc5-budget30p-9012.pth,2103,637,21026,3.0,30.0,3.0,5,23129,cycle,31,21850,val,0.0108,0.8912,0.8911,0.9591,0.9491,0.9226,mean,0,-1,-1,-1,-1
pathmnist,active,random,9012,pathmnist-final_active_best-random-init3p-batch3pb-epc5-budget30p-9012.pth,2103,637,21026,3.0,30.0,3.0,5,23129,cycle,32,22487,val,0.0115,0.9188,0.9186,0.9706,0.9634,0.9429,mean,0,-1,-1,-1,-1
pathmnist,active,random,9012,pathmnist-final_active_best-random-init3p-batch3pb-epc5-budget30p-9012.pth,2103,637,21026,3.0,30.0,3.0,5,23129,cycle,33,23129,val,0.0115,0.9249,0.9247,0.9754,0.9697,0.9487,mean,1,-1,-1,-1,-1
pathmnist,active,random,9012,pathmnist-final_active_best-random-init3p-batch3pb-epc5-budget30p-9012.pth,2103,637,21026,3.0,30.0,3.0,5,23129,final,-1,23129,test,-1,0.8966,0.8894,0.9609,0.9324,,mean,-1,1825,421,3285,168
pathmnist,active,random,34895,pathmnist-final_active_best-random-init3p-batch3pb-epc5-budget30p-34895.pth,2103,637,21026,3.0,30.0,3.0,5,23129,cycle,0,2103,val,0.3083,0.8604,0.8591,0.9352,0.9153,0.8925,mean,1,-1,-1,-1,-1
pathmnist,active,random,34895,pathmnist-final_active_best-random-init3p-batch3pb-epc5-budget30p-34895.pth,2103,637,21026,3.0,30.0,3.0,5,23129,cycle,1,2740,val,0.1603,0.8058,0.8048,0.9002,0.8814,0.848,mean,0,-1,-1,-1,-1
pathmnist,active,random,34895,pathmnist-final_active_best-random-init3p-batch3pb-epc5-budget30p-34895.pth,2103,637,21026,3.0,30.0,3.0,5,23129,cycle,2,3377,val,0.1181,0.8596,0.8589,0.9375,0.9198,0.894,mean,1,-1,-1,-1,-1
pathmnist,active,random,34895,pathmnist-final_active_best-random-init3p-batch3pb-epc5-budget30p-34895.pth,2103,637,21026,3.0,30.0,3.0,5,23129,cycle,3,4014,val,0.0836,0.8801,0.88,0.953,0.9436,0.9142,mean,1,-1,-1,-1,-1
pathmnist,active,random,34895,pathmnist-final_active_best-random-init3p-batch3pb-epc5-budget30p-34895.pth,2103,637,21026,3.0,30.0,3.0,5,23129,cycle,4,4651,val,0.0653,0.7966,0.7878,0.9242,0.9003,0.8522,mean,0,-1,-1,-1,-1
pathmnist,active,random,34895,pathmnist-final_active_best-random-init3p-batch3pb-epc5-budget30p-34895.pth,2103,637,21026,3.0,30.0,3.0,5,23129,cycle,5,5288,val,0.0627,0.8736,0.8733,0.9469,0.9333,0.9068,mean,0,-1,-1,-1,-1
pathmnist,active,random,34895,pathmnist-final_active_best-random-init3p-batch3pb-epc5-budget30p-34895.pth,2103,637,21026,3.0,30.0,3.0,5,23129,cycle,6,5925,val,0.0482,0.886,0.8854,0.9533,0.9459,0.9177,mean,1,-1,-1,-1,-1
pathmnist,active,random,34895,pathmnist-final_active_best-random-init3p-batch3pb-epc5-budget30p-34895.pth,2103,637,21026,3.0,30.0,3.0,5,23129,cycle,7,6562,val,0.0642,0.8675,0.8664,0.9453,0.9319,0.9028,mean,0,-1,-1,-1,-1
pathmnist,active,random,34895,pathmnist-final_active_best-random-init3p-batch3pb-epc5-budget30p-34895.pth,2103,637,21026,3.0,30.0,3.0,5,23129,cycle,8,7199,val,0.0448,0.7976,0.7865,0.9253,0.9131,0.8556,mean,0,-1,-1,-1,-1
pathmnist,active,random,34895,pathmnist-final_active_best-random-init3p-batch3pb-epc5-budget30p-34895.pth,2103,637,21026,3.0,30.0,3.0,5,23129,cycle,9,7836,val,0.0354,0.8872,0.8865,0.9578,0.9464,0.9195,mean,1,-1,-1,-1,-1
pathmnist,active,random,34895,pathmnist-final_active_best-random-init3p-batch3pb-epc5-budget30p-34895.pth,2103,637,21026,3.0,30.0,3.0,5,23129,cycle,10,8473,val,0.0318,0.8985,0.8983,0.9637,0.9537,0.9285,mean,1,-1,-1,-1,-1
pathmnist,active,random,34895,pathmnist-final_active_best-random-init3p-batch3pb-epc5-budget30p-34895.pth,2103,637,21026,3.0,30.0,3.0,5,23129,cycle,11,9110,val,0.0309,0.8073,0.8023,0.9089,0.8892,0.8519,mean,0,-1,-1,-1,-1
pathmnist,active,random,34895,pathmnist-final_active_best-random-init3p-batch3pb-epc5-budget30p-34895.pth,2103,637,21026,3.0,30.0,3.0,5,23129,cycle,12,9747,val,0.0301,0.8405,0.84,0.9187,0.8907,0.8725,mean,0,-1,-1,-1,-1
pathmnist,active,random,34895,pathmnist-final_active_best-random-init3p-batch3pb-epc5-budget30p-34895.pth,2103,637,21026,3.0,30.0,3.0,5,23129,cycle,13,10384,val,0.0281,0.851,0.8504,0.929,0.9109,0.8853,mean,0,-1,-1,-1,-1
pathmnist,active,random,34895,pathmnist-final_active_best-random-init3p-batch3pb-epc5-budget30p-34895.pth,2103,637,21026,3.0,30.0,3.0,5,23129,cycle,14,11021,val,0.0279,0.9114,0.9111,0.9709,0.9637,0.9393,mean,1,-1,-1,-1,-1
pathmnist,active,random,34895,pathmnist-final_active_best-random-init3p-batch3pb-epc5-budget30p-34895.pth,2103,637,21026,3.0,30.0,3.0,5,23129,cycle,15,11658,val,0.0239,0.8383,0.8382,0.9208,0.8938,0.8728,mean,0,-1,-1,-1,-1
pathmnist,active,random,34895,pathmnist-final_active_best-random-init3p-batch3pb-epc5-budget30p-34895.pth,2103,637,21026,3.0,30.0,3.0,5,23129,cycle,16,12295,val,0.0219,0.8894,0.8886,0.958,0.9485,0.9211,mean,0,-1,-1,-1,-1
pathmnist,active,random,34895,pathmnist-final_active_best-random-init3p-batch3pb-epc5-budget30p-34895.pth,2103,637,21026,3.0,30.0,3.0,5,23129,cycle,17,12932,val,0.0241,0.8534,0.8498,0.9475,0.9385,0.8973,mean,0,-1,-1,-1,-1
pathmnist,active,random,34895,pathmnist-final_active_best-random-init3p-batch3pb-epc5-budget30p-34895.pth,2103,637,21026,3.0,30.0,3.0,5,23129,cycle,18,13569,val,0.0202,0.8562,0.8533,0.9477,0.9358,0.8983,mean,0,-1,-1,-1,-1
pathmnist,active,random,34895,pathmnist-final_active_best-random-init3p-batch3pb-epc5-budget30p-34895.pth,2103,637,21026,3.0,30.0,3.0,5,23129,cycle,19,14206,val,0.0177,0.856,0.8558,0.9345,0.9189,0.8913,mean,0,-1,-1,-1,-1
pathmnist,active,random,34895,pathmnist-final_active_best-random-init3p-batch3pb-epc5-budget30p-34895.pth,2103,637,21026,3.0,30.0,3.0,5,23129,cycle,20,14843,val,0.0197,0.8723,0.8709,0.9443,0.9289,0.9041,mean,0,-1,-1,-1,-1
pathmnist,active,random,34895,pathmnist-final_active_best-random-init3p-batch3pb-epc5-budget30p-34895.pth,2103,637,21026,3.0,30.0,3.0,5,23129,cycle,21,15480,val,0.1284,0.9102,0.9097,0.9715,0.966,0.9393,mean,0,-1,-1,-1,-1
pathmnist,active,random,34895,pathmnist-final_active_best-random-init3p-batch3pb-epc5-budget30p-34895.pth,2103,637,21026,3.0,30.0,3.0,5,23129,cycle,22,16117,val,0.0156,0.887,0.8854,0.9639,0.9567,0.9233,mean,0,-1,-1,-1,-1
pathmnist,active,random,34895,pathmnist-final_active_best-random-init3p-batch3pb-epc5-budget30p-34895.pth,2103,637,21026,3.0,30.0,3.0,5,23129,cycle,23,16754,val,0.0153,0.8995,0.8995,0.9635,0.9491,0.9279,mean,0,-1,-1,-1,-1
pathmnist,active,random,34895,pathmnist-final_active_best-random-init3p-batch3pb-epc5-budget30p-34895.pth,2103,637,21026,3.0,30.0,3.0,5,23129,cycle,24,17391,val,0.0165,0.9048,0.904,0.9692,0.962,0.935,mean,0,-1,-1,-1,-1
pathmnist,active,random,34895,pathmnist-final_active_best-random-init3p-batch3pb-epc5-budget30p-34895.pth,2103,637,21026,3.0,30.0,3.0,5,23129,cycle,25,18028,val,0.0155,0.8752,0.8749,0.9465,0.9362,0.9082,mean,0,-1,-1,-1,-1
pathmnist,active,random,34895,pathmnist-final_active_best-random-init3p-batch3pb-epc5-budget30p-34895.pth,2103,637,21026,3.0,30.0,3.0,5,23129,cycle,26,18665,val,0.0198,0.8996,0.8996,0.9662,0.9578,0.9308,mean,0,-1,-1,-1,-1
pathmnist,active,random,34895,pathmnist-final_active_best-random-init3p-batch3pb-epc5-budget30p-34895.pth,2103,637,21026,3.0,30.0,3.0,5,23129,cycle,27,19302,val,0.0142,0.8714,0.8688,0.9575,0.9488,0.9116,mean,0,-1,-1,-1,-1
pathmnist,active,random,34895,pathmnist-final_active_best-random-init3p-batch3pb-epc5-budget30p-34895.pth,2103,637,21026,3.0,30.0,3.0,5,23129,cycle,28,19939,val,0.0134,0.9161,0.916,0.9715,0.9617,0.9413,mean,1,-1,-1,-1,-1
pathmnist,active,random,34895,pathmnist-final_active_best-random-init3p-batch3pb-epc5-budget30p-34895.pth,2103,637,21026,3.0,30.0,3.0,5,23129,cycle,29,20576,val,0.014,0.8933,0.8924,0.9615,0.9511,0.9246,mean,0,-1,-1,-1,-1
pathmnist,active,random,34895,pathmnist-final_active_best-random-init3p-batch3pb-epc5-budget30p-34895.pth,2103,637,21026,3.0,30.0,3.0,5,23129,cycle,30,21213,val,0.0183,0.9105,0.9105,0.9705,0.9615,0.9382,mean,0,-1,-1,-1,-1
pathmnist,active,random,34895,pathmnist-final_active_best-random-init3p-batch3pb-epc5-budget30p-34895.pth,2103,637,21026,3.0,30.0,3.0,5,23129,cycle,31,21850,val,0.0186,0.9093,0.9092,0.9725,0.9663,0.9393,mean,0,-1,-1,-1,-1
pathmnist,active,random,34895,pathmnist-final_active_best-random-init3p-batch3pb-epc5-budget30p-34895.pth,2103,637,21026,3.0,30.0,3.0,5,23129,cycle,32,22487,val,0.01,0.9032,0.9027,0.9669,0.9581,0.9327,mean,0,-1,-1,-1,-1
pathmnist,active,random,34895,pathmnist-final_active_best-random-init3p-batch3pb-epc5-budget30p-34895.pth,2103,637,21026,3.0,30.0,3.0,5,23129,cycle,33,23129,val,0.0119,0.9113,0.9107,0.9711,0.9631,0.939,mean,0,-1,-1,-1,-1
pathmnist,active,random,34895,pathmnist-final_active_best-random-init3p-batch3pb-epc5-budget30p-34895.pth,2103,637,21026,3.0,30.0,3.0,5,23129,final,-1,19939,test,-1,0.868,0.8573,0.9339,0.8967,,mean,-1,1692,451,3255,301
pathmnist,active,random,148932,pathmnist-final_active_best-random-init3p-batch3pb-epc5-budget30p-148932.pth,2103,637,21026,3.0,30.0,3.0,5,23129,cycle,0,2103,val,0.3286,0.7038,0.6703,0.8885,0.8641,0.7817,mean,1,-1,-1,-1,-1
pathmnist,active,random,148932,pathmnist-final_active_best-random-init3p-batch3pb-epc5-budget30p-148932.pth,2103,637,21026,3.0,30.0,3.0,5,23129,cycle,1,2740,val,0.1575,0.8514,0.8508,0.9227,0.9103,0.8838,mean,1,-1,-1,-1,-1
pathmnist,active,random,148932,pathmnist-final_active_best-random-init3p-batch3pb-epc5-budget30p-148932.pth,2103,637,21026,3.0,30.0,3.0,5,23129,cycle,2,3377,val,0.1194,0.6319,0.5526,0.8657,0.8318,0.7205,mean,0,-1,-1,-1,-1
pathmnist,active,random,148932,pathmnist-final_active_best-random-init3p-batch3pb-epc5-budget30p-148932.pth,2103,637,21026,3.0,30.0,3.0,5,23129,cycle,3,4014,val,0.106,0.8333,0.829,0.9258,0.9188,0.8767,mean,0,-1,-1,-1,-1
pathmnist,active,random,148932,pathmnist-final_active_best-random-init3p-batch3pb-epc5-budget30p-148932.pth,2103,637,21026,3.0,30.0,3.0,5,23129,cycle,4,4651,val,0.0662,0.88,0.8799,0.9533,0.9426,0.9139,mean,1,-1,-1,-1,-1
pathmnist,active,random,148932,pathmnist-final_active_best-random-init3p-batch3pb-epc5-budget30p-148932.pth,2103,637,21026,3.0,30.0,3.0,5,23129,cycle,5,5288,val,0.0542,0.8509,0.8508,0.9308,0.9034,0.8839,mean,0,-1,-1,-1,-1
pathmnist,active,random,148932,pathmnist-final_active_best-random-init3p-batch3pb-epc5-budget30p-148932.pth,2103,637,21026,3.0,30.0,3.0,5,23129,cycle,6,5925,val,0.0498,0.8637,0.8635,0.9422,0.9292,0.8997,mean,0,-1,-1,-1,-1
pathmnist,active,random,148932,pathmnist-final_active_best-random-init3p-batch3pb-epc5-budget30p-148932.pth,2103,637,21026,3.0,30.0,3.0,5,23129,cycle,7,6562,val,0.0493,0.8656,0.8655,0.9446,0.9318,0.9019,mean,0,-1,-1,-1,-1
pathmnist,active,random,148932,pathmnist-final_active_best-random-init3p-batch3pb-epc5-budget30p-148932.pth,2103,637,21026,3.0,30.0,3.0,5,23129,cycle,8,7199,val,0.0464,0.8046,0.8032,0.8843,0.8609,0.8383,mean,0,-1,-1,-1,-1
pathmnist,active,random,148932,pathmnist-final_active_best-random-init3p-batch3pb-epc5-budget30p-148932.pth,2103,637,21026,3.0,30.0,3.0,5,23129,cycle,9,7836,val,0.0437,0.8965,0.8961,0.9616,0.9559,0.9275,mean,1,-1,-1,-1,-1
pathmnist,active,random,148932,pathmnist-final_active_best-random-init3p-batch3pb-epc5-budget30p-148932.pth,2103,637,21026,3.0,30.0,3.0,5,23129,cycle,10,8473,val,0.0382,0.8814,0.8803,0.9551,0.9481,0.9162,mean,0,-1,-1,-1,-1
pathmnist,active,random,148932,pathmnist-final_active_best-random-init3p-batch3pb-epc5-budget30p-148932.pth,2103,637,21026,3.0,30.0,3.0,5,23129,cycle,11,9110,val,0.0338,0.8887,0.8883,0.9595,0.9529,0.9224,mean,0,-1,-1,-1,-1
pathmnist,active,random,148932,pathmnist-final_active_best-random-init3p-batch3pb-epc5-budget30p-148932.pth,2103,637,21026,3.0,30.0,3.0,5,23129,cycle,12,9747,val,0.0297,0.8722,0.8721,0.9426,0.9272,0.9035,mean,0,-1,-1,-1,-1
pathmnist,active,random,148932,pathmnist-final_active_best-random-init3p-batch3pb-epc5-budget30p-148932.pth,2103,637,21026,3.0,30.0,3.0,5,23129,cycle,13,10384,val,0.0276,0.8931,0.8926,0.9576,0.9447,0.922,mean,0,-1,-1,-1,-1
pathmnist,active,random,148932,pathmnist-final_active_best-random-init3p-batch3pb-epc5-budget30p-148932.pth,2103,637,21026,3.0,30.0,3.0,5,23129,cycle,14,11021,val,0.0245,0.8674,0.8668,0.9401,0.9245,0.8997,mean,0,-1,-1,-1,-1
pathmnist,active,random,148932,pathmnist-final_active_best-random-init3p-batch3pb-epc5-budget30p-148932.pth,2103,637,21026,3.0,30.0,3.0,5,23129,cycle,15,11658,val,0.0279,0.881,0.8804,0.9532,0.9438,0.9146,mean,0,-1,-1,-1,-1
pathmnist,active,random,148932,pathmnist-final_active_best-random-init3p-batch3pb-epc5-budget30p-148932.pth,2103,637,21026,3.0,30.0,3.0,5,23129,cycle,16,12295,val,0.0341,0.9051,0.9048,0.9671,0.9592,0.9341,mean,1,-1,-1,-1,-1
pathmnist,active,random,148932,pathmnist-final_active_best-random-init3p-batch3pb-epc5-budget30p-148932.pth,2103,637,21026,3.0,30.0,3.0,5,23129,cycle,17,12932,val,0.0185,0.8473,0.8472,0.9225,0.9,0.8793,mean,0,-1,-1,-1,-1
pathmnist,active,random,148932,pathmnist-final_active_best-random-init3p-batch3pb-epc5-budget30p-148932.pth,2103,637,21026,3.0,30.0,3.0,5,23129,cycle,18,13569,val,0.0218,0.8659,0.8631,0.9544,0.946,0.9073,mean,0,-1,-1,-1,-1
pathmnist,active,random,148932,pathmnist-final_active_best-random-init3p-batch3pb-epc5-budget30p-148932.pth,2103,637,21026,3.0,30.0,3.0,5,23129,cycle,19,14206,val,0.0181,0.8473,0.847,0.9278,0.9016,0.8809,mean,0,-1,-1,-1,-1
pathmnist,active,random,148932,pathmnist-final_active_best-random-init3p-batch3pb-epc5-budget30p-148932.pth,2103,637,21026,3.0,30.0,3.0,5,23129,cycle,20,14843,val,0.0209,0.9046,0.9046,0.966,0.9576,0.9332,mean,0,-1,-1,-1,-1
pathmnist,active,random,148932,pathmnist-final_active_best-random-init3p-batch3pb-epc5-budget30p-148932.pth,2103,637,21026,3.0,30.0,3.0,5,23129,cycle,21,15480,val,0.0177,0.8888,0.8885,0.9588,0.9503,0.9216,mean,0,-1,-1,-1,-1
pathmnist,active,random,148932,pathmnist-final_active_best-random-init3p-batch3pb-epc5-budget30p-148932.pth,2103,637,21026,3.0,30.0,3.0,5,23129,cycle,22,16117,val,0.0175,0.9077,0.9075,0.967,0.9572,0.9348,mean,1,-1,-1,-1,-1
pathmnist,active,random,148932,pathmnist-final_active_best-random-init3p-batch3pb-epc5-budget30p-148932.pth,2103,637,21026,3.0,30.0,3.0,5,23129,cycle,23,16754,val,0.0166,0.9071,0.9064,0.97,0.9644,0.937,mean,1,-1,-1,-1,-1
pathmnist,active,random,148932,pathmnist-final_active_best-random-init3p-batch3pb-epc5-budget30p-148932.pth,2103,637,21026,3.0,30.0,3.0,5,23129,cycle,24,17391,val,0.015,0.8195,0.8167,0.9059,0.8767,0.8547,mean,0,-1,-1,-1,-1
pathmnist,active,random,148932,pathmnist-final_active_best-random-init3p-batch3pb-epc5-budget30p-148932.pth,2103,637,21026,3.0,30.0,3.0,5,23129,cycle,25,18028,val,0.0144,0.9123,0.9117,0.9713,0.9667,0.9405,mean,1,-1,-1,-1,-1
pathmnist,active,random,148932,pathmnist-final_active_best-random-init3p-batch3pb-epc5-budget30p-148932.pth,2103,637,21026,3.0,30.0,3.0,5,23129,cycle,26,18665,val,0.0152,0.9094,0.909,0.9687,0.9621,0.9373,mean,0,-1,-1,-1,-1
pathmnist,active,random,148932,pathmnist-final_active_best-random-init3p-batch3pb-epc5-budget30p-148932.pth,2103,637,21026,3.0,30.0,3.0,5,23129,cycle,27,19302,val,0.0142,0.9204,0.9201,0.9745,0.9705,0.9464,mean,1,-1,-1,-1,-1
pathmnist,active,random,148932,pathmnist-final_active_best-random-init3p-batch3pb-epc5-budget30p-148932.pth,2103,637,21026,3.0,30.0,3.0,5,23129,cycle,28,19939,val,0.0138,0.8555,0.851,0.9566,0.9497,0.9032,mean,0,-1,-1,-1,-1
pathmnist,active,random,148932,pathmnist-final_active_best-random-init3p-batch3pb-epc5-budget30p-148932.pth,2103,637,21026,3.0,30.0,3.0,5,23129,cycle,29,20576,val,0.0123,0.9155,0.9155,0.9734,0.9678,0.9431,mean,0,-1,-1,-1,-1
pathmnist,active,random,148932,pathmnist-final_active_best-random-init3p-batch3pb-epc5-budget30p-148932.pth,2103,637,21026,3.0,30.0,3.0,5,23129,cycle,30,21213,val,0.0125,0.9067,0.9059,0.969,0.965,0.9367,mean,0,-1,-1,-1,-1
pathmnist,active,random,148932,pathmnist-final_active_best-random-init3p-batch3pb-epc5-budget30p-148932.pth,2103,637,21026,3.0,30.0,3.0,5,23129,cycle,31,21850,val,0.0113,0.9072,0.9071,0.9672,0.9563,0.9344,mean,0,-1,-1,-1,-1
pathmnist,active,random,148932,pathmnist-final_active_best-random-init3p-batch3pb-epc5-budget30p-148932.pth,2103,637,21026,3.0,30.0,3.0,5,23129,cycle,32,22487,val,0.0132,0.9208,0.9205,0.9747,0.9698,0.9465,mean,0,-1,-1,-1,-1
pathmnist,active,random,148932,pathmnist-final_active_best-random-init3p-batch3pb-epc5-budget30p-148932.pth,2103,637,21026,3.0,30.0,3.0,5,23129,cycle,33,23129,val,0.0105,0.923,0.9226,0.9782,0.9748,0.9497,mean,1,-1,-1,-1,-1
pathmnist,active,random,148932,pathmnist-final_active_best-random-init3p-batch3pb-epc5-budget30p-148932.pth,2103,637,21026,3.0,30.0,3.0,5,23129,final,-1,23129,test,-1,0.8919,0.8824,0.9544,0.919,,mean,-1,1730,353,3353,263
pathmnist,active,entropy,17,pathmnist-final_active_best-entropy-init3p-batch3pb-epc5-budget30p-17.pth,2103,637,21026,3.0,30.0,3.0,5,23129,cycle,0,2103,val,0.3685,0.7682,0.7615,0.873,0.8402,0.8108,mean,1,-1,-1,-1,-1
pathmnist,active,entropy,17,pathmnist-final_active_best-entropy-init3p-batch3pb-epc5-budget30p-17.pth,2103,637,21026,3.0,30.0,3.0,5,23129,cycle,1,2740,val,0.1921,0.769,0.7615,0.8736,0.8473,0.8128,mean,1,-1,-1,-1,-1
pathmnist,active,entropy,17,pathmnist-final_active_best-entropy-init3p-batch3pb-epc5-budget30p-17.pth,2103,637,21026,3.0,30.0,3.0,5,23129,cycle,2,3377,val,0.1425,0.8525,0.8525,0.9361,0.9201,0.8903,mean,1,-1,-1,-1,-1
pathmnist,active,entropy,17,pathmnist-final_active_best-entropy-init3p-batch3pb-epc5-budget30p-17.pth,2103,637,21026,3.0,30.0,3.0,5,23129,cycle,3,4014,val,0.1205,0.7887,0.7843,0.8891,0.8771,0.8348,mean,0,-1,-1,-1,-1
pathmnist,active,entropy,17,pathmnist-final_active_best-entropy-init3p-batch3pb-epc5-budget30p-17.pth,2103,637,21026,3.0,30.0,3.0,5,23129,cycle,4,4651,val,0.0878,0.861,0.861,0.9313,0.9054,0.8897,mean,0,-1,-1,-1,-1
pathmnist,active,entropy,17,pathmnist-final_active_best-entropy-init3p-batch3pb-epc5-budget30p-17.pth,2103,637,21026,3.0,30.0,3.0,5,23129,cycle,5,5288,val,0.0833,0.8862,0.8859,0.9522,0.9381,0.9156,mean,1,-1,-1,-1,-1
pathmnist,active,entropy,17,pathmnist-final_active_best-entropy-init3p-batch3pb-epc5-budget30p-17.pth,2103,637,21026,3.0,30.0,3.0,5,23129,cycle,6,5925,val,0.1084,0.8999,0.8995,0.9612,0.9553,0.929,mean,1,-1,-1,-1,-1
pathmnist,active,entropy,17,pathmnist-final_active_best-entropy-init3p-batch3pb-epc5-budget30p-17.pth,2103,637,21026,3.0,30.0,3.0,5,23129,cycle,7,6562,val,0.0721,0.9184,0.9181,0.9739,0.9684,0.9447,mean,1,-1,-1,-1,-1
pathmnist,active,entropy,17,pathmnist-final_active_best-entropy-init3p-batch3pb-epc5-budget30p-17.pth,2103,637,21026,3.0,30.0,3.0,5,23129,cycle,8,7199,val,0.1028,0.9022,0.902,0.9661,0.9584,0.9322,mean,0,-1,-1,-1,-1
pathmnist,active,entropy,17,pathmnist-final_active_best-entropy-init3p-batch3pb-epc5-budget30p-17.pth,2103,637,21026,3.0,30.0,3.0,5,23129,cycle,9,7836,val,0.0611,0.8981,0.898,0.9607,0.9483,0.9262,mean,0,-1,-1,-1,-1
pathmnist,active,entropy,17,pathmnist-final_active_best-entropy-init3p-batch3pb-epc5-budget30p-17.pth,2103,637,21026,3.0,30.0,3.0,5,23129,cycle,10,8473,val,0.0603,0.9053,0.9052,0.9638,0.9527,0.9317,mean,0,-1,-1,-1,-1
pathmnist,active,entropy,17,pathmnist-final_active_best-entropy-init3p-batch3pb-epc5-budget30p-17.pth,2103,637,21026,3.0,30.0,3.0,5,23129,cycle,11,9110,val,0.0527,0.905,0.9048,0.9566,0.9328,0.9248,mean,0,-1,-1,-1,-1
pathmnist,active,entropy,17,pathmnist-final_active_best-entropy-init3p-batch3pb-epc5-budget30p-17.pth,2103,637,21026,3.0,30.0,3.0,5,23129,cycle,12,9747,val,0.0628,0.8706,0.8701,0.9468,0.9377,0.9063,mean,0,-1,-1,-1,-1
pathmnist,active,entropy,17,pathmnist-final_active_best-entropy-init3p-batch3pb-epc5-budget30p-17.pth,2103,637,21026,3.0,30.0,3.0,5,23129,cycle,13,10384,val,0.0442,0.8646,0.8628,0.9428,0.9337,0.901,mean,0,-1,-1,-1,-1
pathmnist,active,entropy,17,pathmnist-final_active_best-entropy-init3p-batch3pb-epc5-budget30p-17.pth,2103,637,21026,3.0,30.0,3.0,5,23129,cycle,14,11021,val,0.0393,0.9026,0.9019,0.9647,0.9512,0.9301,mean,0,-1,-1,-1,-1
pathmnist,active,entropy,17,pathmnist-final_active_best-entropy-init3p-batch3pb-epc5-budget30p-17.pth,2103,637,21026,3.0,30.0,3.0,5,23129,cycle,15,11658,val,0.0414,0.9268,0.9266,0.9795,0.9762,0.9523,mean,1,-1,-1,-1,-1
pathmnist,active,entropy,17,pathmnist-final_active_best-entropy-init3p-batch3pb-epc5-budget30p-17.pth,2103,637,21026,3.0,30.0,3.0,5,23129,cycle,16,12295,val,0.0461,0.9213,0.9212,0.9768,0.9706,0.9475,mean,0,-1,-1,-1,-1
pathmnist,active,entropy,17,pathmnist-final_active_best-entropy-init3p-batch3pb-epc5-budget30p-17.pth,2103,637,21026,3.0,30.0,3.0,5,23129,cycle,17,12932,val,0.0411,0.9312,0.9309,0.9809,0.9776,0.9552,mean,1,-1,-1,-1,-1
pathmnist,active,entropy,17,pathmnist-final_active_best-entropy-init3p-batch3pb-epc5-budget30p-17.pth,2103,637,21026,3.0,30.0,3.0,5,23129,cycle,18,13569,val,0.0383,0.9253,0.9252,0.9777,0.9712,0.9498,mean,0,-1,-1,-1,-1
pathmnist,active,entropy,17,pathmnist-final_active_best-entropy-init3p-batch3pb-epc5-budget30p-17.pth,2103,637,21026,3.0,30.0,3.0,5,23129,cycle,19,14206,val,0.0602,0.918,0.9176,0.973,0.9711,0.9449,mean,0,-1,-1,-1,-1
pathmnist,active,entropy,17,pathmnist-final_active_best-entropy-init3p-batch3pb-epc5-budget30p-17.pth,2103,637,21026,3.0,30.0,3.0,5,23129,cycle,20,14843,val,0.0549,0.9166,0.9165,0.9744,0.9659,0.9433,mean,0,-1,-1,-1,-1
pathmnist,active,entropy,17,pathmnist-final_active_best-entropy-init3p-batch3pb-epc5-budget30p-17.pth,2103,637,21026,3.0,30.0,3.0,5,23129,cycle,21,15480,val,0.0286,0.9,0.8984,0.9723,0.9685,0.9348,mean,0,-1,-1,-1,-1
pathmnist,active,entropy,17,pathmnist-final_active_best-entropy-init3p-batch3pb-epc5-budget30p-17.pth,2103,637,21026,3.0,30.0,3.0,5,23129,cycle,22,16117,val,0.0297,0.9312,0.9309,0.9793,0.9744,0.954,mean,0,-1,-1,-1,-1
pathmnist,active,entropy,17,pathmnist-final_active_best-entropy-init3p-batch3pb-epc5-budget30p-17.pth,2103,637,21026,3.0,30.0,3.0,5,23129,cycle,23,16754,val,0.0336,0.9353,0.9351,0.9814,0.9778,0.9574,mean,1,-1,-1,-1,-1
pathmnist,active,entropy,17,pathmnist-final_active_best-entropy-init3p-batch3pb-epc5-budget30p-17.pth,2103,637,21026,3.0,30.0,3.0,5,23129,cycle,24,17391,val,0.0316,0.8962,0.8949,0.9628,0.9564,0.9276,mean,0,-1,-1,-1,-1
pathmnist,active,entropy,17,pathmnist-final_active_best-entropy-init3p-batch3pb-epc5-budget30p-17.pth,2103,637,21026,3.0,30.0,3.0,5,23129,cycle,25,18028,val,0.026,0.9274,0.9272,0.9787,0.9738,0.9518,mean,0,-1,-1,-1,-1
pathmnist,active,entropy,17,pathmnist-final_active_best-entropy-init3p-batch3pb-epc5-budget30p-17.pth,2103,637,21026,3.0,30.0,3.0,5,23129,cycle,26,18665,val,0.0248,0.9179,0.9176,0.9727,0.9639,0.943,mean,0,-1,-1,-1,-1
pathmnist,active,entropy,17,pathmnist-final_active_best-entropy-init3p-batch3pb-epc5-budget30p-17.pth,2103,637,21026,3.0,30.0,3.0,5,23129,cycle,27,19302,val,0.0245,0.9182,0.9176,0.9772,0.974,0.9467,mean,0,-1,-1,-1,-1
pathmnist,active,entropy,17,pathmnist-final_active_best-entropy-init3p-batch3pb-epc5-budget30p-17.pth,2103,637,21026,3.0,30.0,3.0,5,23129,cycle,28,19939,val,0.024,0.9321,0.9319,0.981,0.9775,0.9556,mean,0,-1,-1,-1,-1
pathmnist,active,entropy,17,pathmnist-final_active_best-entropy-init3p-batch3pb-epc5-budget30p-17.pth,2103,637,21026,3.0,30.0,3.0,5,23129,cycle,29,20576,val,0.0366,0.9465,0.9462,0.9871,0.985,0.9662,mean,1,-1,-1,-1,-1
pathmnist,active,entropy,17,pathmnist-final_active_best-entropy-init3p-batch3pb-epc5-budget30p-17.pth,2103,637,21026,3.0,30.0,3.0,5,23129,cycle,30,21213,val,0.0226,0.9149,0.9149,0.9743,0.9656,0.9424,mean,0,-1,-1,-1,-1
pathmnist,active,entropy,17,pathmnist-final_active_best-entropy-init3p-batch3pb-epc5-budget30p-17.pth,2103,637,21026,3.0,30.0,3.0,5,23129,cycle,31,21850,val,0.0193,0.9379,0.9378,0.9845,0.9798,0.96,mean,0,-1,-1,-1,-1
pathmnist,active,entropy,17,pathmnist-final_active_best-entropy-init3p-batch3pb-epc5-budget30p-17.pth,2103,637,21026,3.0,30.0,3.0,5,23129,cycle,32,22487,val,0.0223,0.9317,0.9314,0.9801,0.9757,0.9547,mean,0,-1,-1,-1,-1
pathmnist,active,entropy,17,pathmnist-final_active_best-entropy-init3p-batch3pb-epc5-budget30p-17.pth,2103,637,21026,3.0,30.0,3.0,5,23129,cycle,33,23129,val,0.0186,0.8864,0.8851,0.9569,0.9477,0.919,mean,0,-1,-1,-1,-1
pathmnist,active,entropy,17,pathmnist-final_active_best-entropy-init3p-batch3pb-epc5-budget30p-17.pth,2103,637,21026,3.0,30.0,3.0,5,23129,final,-1,20576,test,-1,0.8975,0.889,0.9585,0.9315,,mean,-1,1767,358,3348,226
pathmnist,active,entropy,246,pathmnist-final_active_best-entropy-init3p-batch3pb-epc5-budget30p-246.pth,2103,637,21026,3.0,30.0,3.0,5,23129,cycle,0,2103,val,0.335,0.8075,0.8016,0.9119,0.8971,0.8545,mean,1,-1,-1,-1,-1
pathmnist,active,entropy,246,pathmnist-final_active_best-entropy-init3p-batch3pb-epc5-budget30p-246.pth,2103,637,21026,3.0,30.0,3.0,5,23129,cycle,1,2740,val,0.2059,0.7923,0.7921,0.8661,0.8213,0.818,mean,0,-1,-1,-1,-1
pathmnist,active,entropy,246,pathmnist-final_active_best-entropy-init3p-batch3pb-epc5-budget30p-246.pth,2103,637,21026,3.0,30.0,3.0,5,23129,cycle,2,3377,val,0.1289,0.8476,0.8476,0.9299,0.9155,0.8852,mean,1,-1,-1,-1,-1
pathmnist,active,entropy,246,pathmnist-final_active_best-entropy-init3p-batch3pb-epc5-budget30p-246.pth,2103,637,21026,3.0,30.0,3.0,5,23129,cycle,3,4014,val,0.1199,0.8607,0.8603,0.9386,0.9272,0.8967,mean,1,-1,-1,-1,-1
pathmnist,active,entropy,246,pathmnist-final_active_best-entropy-init3p-batch3pb-epc5-budget30p-246.pth,2103,637,21026,3.0,30.0,3.0,5,23129,cycle,4,4651,val,0.0945,0.6615,0.6119,0.8338,0.8029,0.7275,mean,0,-1,-1,-1,-1
pathmnist,active,entropy,246,pathmnist-final_active_best-entropy-init3p-batch3pb-epc5-budget30p-246.pth,2103,637,21026,3.0,30.0,3.0,5,23129,cycle,5,5288,val,0.0681,0.8281,0.8272,0.9148,0.8922,0.8656,mean,0,-1,-1,-1,-1
pathmnist,active,entropy,246,pathmnist-final_active_best-entropy-init3p-batch3pb-epc5-budget30p-246.pth,2103,637,21026,3.0,30.0,3.0,5,23129,cycle,6,5925,val,0.0691,0.8135,0.8127,0.8926,0.8531,0.843,mean,0,-1,-1,-1,-1
pathmnist,active,entropy,246,pathmnist-final_active_best-entropy-init3p-batch3pb-epc5-budget30p-246.pth,2103,637,21026,3.0,30.0,3.0,5,23129,cycle,7,6562,val,0.0727,0.7664,0.7596,0.833,0.841,0.8,mean,0,-1,-1,-1,-1
pathmnist,active,entropy,246,pathmnist-final_active_best-entropy-init3p-batch3pb-epc5-budget30p-246.pth,2103,637,21026,3.0,30.0,3.0,5,23129,cycle,8,7199,val,0.0562,0.8967,0.8964,0.9591,0.9444,0.9241,mean,1,-1,-1,-1,-1
pathmnist,active,entropy,246,pathmnist-final_active_best-entropy-init3p-batch3pb-epc5-budget30p-246.pth,2103,637,21026,3.0,30.0,3.0,5,23129,cycle,9,7836,val,0.0759,0.8808,0.8808,0.9589,0.9502,0.9177,mean,0,-1,-1,-1,-1
pathmnist,active,entropy,246,pathmnist-final_active_best-entropy-init3p-batch3pb-epc5-budget30p-246.pth,2103,637,21026,3.0,30.0,3.0,5,23129,cycle,10,8473,val,0.0532,0.8913,0.8912,0.9641,0.9558,0.9256,mean,1,-1,-1,-1,-1
pathmnist,active,entropy,246,pathmnist-final_active_best-entropy-init3p-batch3pb-epc5-budget30p-246.pth,2103,637,21026,3.0,30.0,3.0,5,23129,cycle,11,9110,val,0.0508,0.7833,0.7758,0.8726,0.8567,0.8221,mean,0,-1,-1,-1,-1
pathmnist,active,entropy,246,pathmnist-final_active_best-entropy-init3p-batch3pb-epc5-budget30p-246.pth,2103,637,21026,3.0,30.0,3.0,5,23129,cycle,12,9747,val,0.0407,0.8908,0.8908,0.9586,0.9475,0.9219,mean,0,-1,-1,-1,-1
pathmnist,active,entropy,246,pathmnist-final_active_best-entropy-init3p-batch3pb-epc5-budget30p-246.pth,2103,637,21026,3.0,30.0,3.0,5,23129,cycle,13,10384,val,0.0405,0.9127,0.9124,0.972,0.9666,0.9409,mean,1,-1,-1,-1,-1
pathmnist,active,entropy,246,pathmnist-final_active_best-entropy-init3p-batch3pb-epc5-budget30p-246.pth,2103,637,21026,3.0,30.0,3.0,5,23129,cycle,14,11021,val,0.0595,0.8906,0.8889,0.965,0.9609,0.9264,mean,0,-1,-1,-1,-1
pathmnist,active,entropy,246,pathmnist-final_active_best-entropy-init3p-batch3pb-epc5-budget30p-246.pth,2103,637,21026,3.0,30.0,3.0,5,23129,cycle,15,11658,val,0.0593,0.9017,0.9016,0.9595,0.9399,0.9257,mean,0,-1,-1,-1,-1
pathmnist,active,entropy,246,pathmnist-final_active_best-entropy-init3p-batch3pb-epc5-budget30p-246.pth,2103,637,21026,3.0,30.0,3.0,5,23129,cycle,16,12295,val,0.0349,0.8802,0.8786,0.9621,0.9524,0.9183,mean,0,-1,-1,-1,-1
pathmnist,active,entropy,246,pathmnist-final_active_best-entropy-init3p-batch3pb-epc5-budget30p-246.pth,2103,637,21026,3.0,30.0,3.0,5,23129,cycle,17,12932,val,0.0932,0.9316,0.9314,0.9796,0.9739,0.9541,mean,1,-1,-1,-1,-1
pathmnist,active,entropy,246,pathmnist-final_active_best-entropy-init3p-batch3pb-epc5-budget30p-246.pth,2103,637,21026,3.0,30.0,3.0,5,23129,cycle,18,13569,val,0.0373,0.9245,0.9241,0.9751,0.9667,0.9476,mean,0,-1,-1,-1,-1
pathmnist,active,entropy,246,pathmnist-final_active_best-entropy-init3p-batch3pb-epc5-budget30p-246.pth,2103,637,21026,3.0,30.0,3.0,5,23129,cycle,19,14206,val,0.0354,0.8286,0.8248,0.9197,0.8991,0.8681,mean,0,-1,-1,-1,-1
pathmnist,active,entropy,246,pathmnist-final_active_best-entropy-init3p-batch3pb-epc5-budget30p-246.pth,2103,637,21026,3.0,30.0,3.0,5,23129,cycle,20,14843,val,0.0289,0.9048,0.9047,0.963,0.946,0.9296,mean,0,-1,-1,-1,-1
pathmnist,active,entropy,246,pathmnist-final_active_best-entropy-init3p-batch3pb-epc5-budget30p-246.pth,2103,637,21026,3.0,30.0,3.0,5,23129,cycle,21,15480,val,0.0311,0.9135,0.9132,0.9693,0.9578,0.9384,mean,0,-1,-1,-1,-1
pathmnist,active,entropy,246,pathmnist-final_active_best-entropy-init3p-batch3pb-epc5-budget30p-246.pth,2103,637,21026,3.0,30.0,3.0,5,23129,cycle,22,16117,val,0.0312,0.8321,0.8266,0.9284,0.9207,0.8769,mean,0,-1,-1,-1,-1
pathmnist,active,entropy,246,pathmnist-final_active_best-entropy-init3p-batch3pb-epc5-budget30p-246.pth,2103,637,21026,3.0,30.0,3.0,5,23129,cycle,23,16754,val,0.0246,0.9158,0.9155,0.9702,0.9593,0.9402,mean,0,-1,-1,-1,-1
pathmnist,active,entropy,246,pathmnist-final_active_best-entropy-init3p-batch3pb-epc5-budget30p-246.pth,2103,637,21026,3.0,30.0,3.0,5,23129,cycle,24,17391,val,0.0275,0.9055,0.9045,0.9698,0.9642,0.936,mean,0,-1,-1,-1,-1
pathmnist,active,entropy,246,pathmnist-final_active_best-entropy-init3p-batch3pb-epc5-budget30p-246.pth,2103,637,21026,3.0,30.0,3.0,5,23129,cycle,25,18028,val,0.0244,0.9162,0.9159,0.9752,0.9703,0.9444,mean,0,-1,-1,-1,-1
pathmnist,active,entropy,246,pathmnist-final_active_best-entropy-init3p-batch3pb-epc5-budget30p-246.pth,2103,637,21026,3.0,30.0,3.0,5,23129,cycle,26,18665,val,0.0249,0.9317,0.9314,0.9827,0.9791,0.9562,mean,1,-1,-1,-1,-1
pathmnist,active,entropy,246,pathmnist-final_active_best-entropy-init3p-batch3pb-epc5-budget30p-246.pth,2103,637,21026,3.0,30.0,3.0,5,23129,cycle,27,19302,val,0.0263,0.9075,0.9074,0.9651,0.9568,0.9342,mean,0,-1,-1,-1,-1
pathmnist,active,entropy,246,pathmnist-final_active_best-entropy-init3p-batch3pb-epc5-budget30p-246.pth,2103,637,21026,3.0,30.0,3.0,5,23129,cycle,28,19939,val,0.0218,0.8217,0.8143,0.9365,0.9286,0.8753,mean,0,-1,-1,-1,-1
pathmnist,active,entropy,246,pathmnist-final_active_best-entropy-init3p-batch3pb-epc5-budget30p-246.pth,2103,637,21026,3.0,30.0,3.0,5,23129,cycle,29,20576,val,0.0195,0.9049,0.9041,0.9671,0.9602,0.9341,mean,0,-1,-1,-1,-1
pathmnist,active,entropy,246,pathmnist-final_active_best-entropy-init3p-batch3pb-epc5-budget30p-246.pth,2103,637,21026,3.0,30.0,3.0,5,23129,cycle,30,21213,val,0.0195,0.9188,0.9183,0.9739,0.9698,0.9452,mean,0,-1,-1,-1,-1
pathmnist,active,entropy,246,pathmnist-final_active_best-entropy-init3p-batch3pb-epc5-budget30p-246.pth,2103,637,21026,3.0,30.0,3.0,5,23129,cycle,31,21850,val,0.0194,0.9447,0.9445,0.9875,0.9852,0.9655,mean,1,-1,-1,-1,-1
pathmnist,active,entropy,246,pathmnist-final_active_best-entropy-init3p-batch3pb-epc5-budget30p-246.pth,2103,637,21026,3.0,30.0,3.0,5,23129,cycle,32,22487,val,0.0244,0.943,0.9428,0.9859,0.9822,0.9635,mean,0,-1,-1,-1,-1
pathmnist,active,entropy,246,pathmnist-final_active_best-entropy-init3p-batch3pb-epc5-budget30p-246.pth,2103,637,21026,3.0,30.0,3.0,5,23129,cycle,33,23129,val,0.0203,0.9297,0.9296,0.9797,0.9744,0.9533,mean,0,-1,-1,-1,-1
pathmnist,active,entropy,246,pathmnist-final_active_best-entropy-init3p-batch3pb-epc5-budget30p-246.pth,2103,637,21026,3.0,30.0,3.0,5,23129,final,-1,21850,test,-1,0.897,0.8901,0.9648,0.9407,,mean,-1,1844,438,3268,149
pathmnist,active,entropy,9012,pathmnist-final_active_best-entropy-init3p-batch3pb-epc5-budget30p-9012.pth,2103,637,21026,3.0,30.0,3.0,5,23129,cycle,0,2103,val,0.3476,0.8125,0.808,0.919,0.8976,0.8593,mean,1,-1,-1,-1,-1
pathmnist,active,entropy,9012,pathmnist-final_active_best-entropy-init3p-batch3pb-epc5-budget30p-9012.pth,2103,637,21026,3.0,30.0,3.0,5,23129,cycle,1,2740,val,0.2233,0.8109,0.8093,0.8964,0.8693,0.8465,mean,0,-1,-1,-1,-1
pathmnist,active,entropy,9012,pathmnist-final_active_best-entropy-init3p-batch3pb-epc5-budget30p-9012.pth,2103,637,21026,3.0,30.0,3.0,5,23129,cycle,2,3377,val,0.1625,0.8478,0.8452,0.9395,0.923,0.8889,mean,1,-1,-1,-1,-1
pathmnist,active,entropy,9012,pathmnist-final_active_best-entropy-init3p-batch3pb-epc5-budget30p-9012.pth,2103,637,21026,3.0,30.0,3.0,5,23129,cycle,3,4014,val,0.1286,0.7995,0.7966,0.8904,0.8772,0.8409,mean,0,-1,-1,-1,-1
pathmnist,active,entropy,9012,pathmnist-final_active_best-entropy-init3p-batch3pb-epc5-budget30p-9012.pth,2103,637,21026,3.0,30.0,3.0,5,23129,cycle,4,4651,val,0.1404,0.8627,0.8626,0.9355,0.9196,0.8951,mean,1,-1,-1,-1,-1
pathmnist,active,entropy,9012,pathmnist-final_active_best-entropy-init3p-batch3pb-epc5-budget30p-9012.pth,2103,637,21026,3.0,30.0,3.0,5,23129,cycle,5,5288,val,0.0842,0.8464,0.8427,0.9454,0.929,0.8909,mean,0,-1,-1,-1,-1
pathmnist,active,entropy,9012,pathmnist-final_active_best-entropy-init3p-batch3pb-epc5-budget30p-9012.pth,2103,637,21026,3.0,30.0,3.0,5,23129,cycle,6,5925,val,0.0707,0.8908,0.8906,0.9582,0.9478,0.9219,mean,1,-1,-1,-1,-1
pathmnist,active,entropy,9012,pathmnist-final_active_best-entropy-init3p-batch3pb-epc5-budget30p-9012.pth,2103,637,21026,3.0,30.0,3.0,5,23129,cycle,7,6562,val,0.1205,0.7719,0.7699,0.8416,0.795,0.7946,mean,0,-1,-1,-1,-1
pathmnist,active,entropy,9012,pathmnist-final_active_best-entropy-init3p-batch3pb-epc5-budget30p-9012.pth,2103,637,21026,3.0,30.0,3.0,5,23129,cycle,8,7199,val,0.0691,0.9054,0.9049,0.9685,0.9627,0.9354,mean,1,-1,-1,-1,-1
pathmnist,active,entropy,9012,pathmnist-final_active_best-entropy-init3p-batch3pb-epc5-budget30p-9012.pth,2103,637,21026,3.0,30.0,3.0,5,23129,cycle,9,7836,val,0.0653,0.8881,0.8879,0.9552,0.9455,0.9192,mean,0,-1,-1,-1,-1
pathmnist,active,entropy,9012,pathmnist-final_active_best-entropy-init3p-batch3pb-epc5-budget30p-9012.pth,2103,637,21026,3.0,30.0,3.0,5,23129,cycle,10,8473,val,0.0574,0.7991,0.7923,0.8999,0.8831,0.8436,mean,0,-1,-1,-1,-1
pathmnist,active,entropy,9012,pathmnist-final_active_best-entropy-init3p-batch3pb-epc5-budget30p-9012.pth,2103,637,21026,3.0,30.0,3.0,5,23129,cycle,11,9110,val,0.0429,0.886,0.8846,0.9593,0.954,0.921,mean,0,-1,-1,-1,-1
pathmnist,active,entropy,9012,pathmnist-final_active_best-entropy-init3p-batch3pb-epc5-budget30p-9012.pth,2103,637,21026,3.0,30.0,3.0,5,23129,cycle,12,9747,val,0.0483,0.8755,0.8741,0.9524,0.9427,0.9112,mean,0,-1,-1,-1,-1
pathmnist,active,entropy,9012,pathmnist-final_active_best-entropy-init3p-batch3pb-epc5-budget30p-9012.pth,2103,637,21026,3.0,30.0,3.0,5,23129,cycle,13,10384,val,0.045,0.8023,0.795,0.9029,0.8955,0.8489,mean,0,-1,-1,-1,-1
pathmnist,active,entropy,9012,pathmnist-final_active_best-entropy-init3p-batch3pb-epc5-budget30p-9012.pth,2103,637,21026,3.0,30.0,3.0,5,23129,cycle,14,11021,val,0.0338,0.8846,0.8832,0.9523,0.9443,0.9161,mean,0,-1,-1,-1,-1
pathmnist,active,entropy,9012,pathmnist-final_active_best-entropy-init3p-batch3pb-epc5-budget30p-9012.pth,2103,637,21026,3.0,30.0,3.0,5,23129,cycle,15,11658,val,0.0375,0.9081,0.908,0.9706,0.9638,0.9376,mean,1,-1,-1,-1,-1
pathmnist,active,entropy,9012,pathmnist-final_active_best-entropy-init3p-batch3pb-epc5-budget30p-9012.pth,2103,637,21026,3.0,30.0,3.0,5,23129,cycle,16,12295,val,0.0402,0.8787,0.8765,0.9617,0.954,0.9177,mean,0,-1,-1,-1,-1
pathmnist,active,entropy,9012,pathmnist-final_active_best-entropy-init3p-batch3pb-epc5-budget30p-9012.pth,2103,637,21026,3.0,30.0,3.0,5,23129,cycle,17,12932,val,0.0337,0.7447,0.7446,0.8244,0.791,0.7762,mean,0,-1,-1,-1,-1
pathmnist,active,entropy,9012,pathmnist-final_active_best-entropy-init3p-batch3pb-epc5-budget30p-9012.pth,2103,637,21026,3.0,30.0,3.0,5,23129,cycle,18,13569,val,0.0273,0.9189,0.9188,0.9734,0.9624,0.9434,mean,1,-1,-1,-1,-1
pathmnist,active,entropy,9012,pathmnist-final_active_best-entropy-init3p-batch3pb-epc5-budget30p-9012.pth,2103,637,21026,3.0,30.0,3.0,5,23129,cycle,19,14206,val,0.0314,0.8994,0.8986,0.9599,0.9476,0.9264,mean,0,-1,-1,-1,-1
pathmnist,active,entropy,9012,pathmnist-final_active_best-entropy-init3p-batch3pb-epc5-budget30p-9012.pth,2103,637,21026,3.0,30.0,3.0,5,23129,cycle,20,14843,val,0.0292,0.9243,0.9237,0.9768,0.9706,0.9488,mean,1,-1,-1,-1,-1
pathmnist,active,entropy,9012,pathmnist-final_active_best-entropy-init3p-batch3pb-epc5-budget30p-9012.pth,2103,637,21026,3.0,30.0,3.0,5,23129,cycle,21,15480,val,0.0329,0.9105,0.9101,0.9692,0.964,0.9385,mean,0,-1,-1,-1,-1
pathmnist,active,entropy,9012,pathmnist-final_active_best-entropy-init3p-batch3pb-epc5-budget30p-9012.pth,2103,637,21026,3.0,30.0,3.0,5,23129,cycle,22,16117,val,0.0263,0.9253,0.9251,0.9776,0.9745,0.9506,mean,1,-1,-1,-1,-1
pathmnist,active,entropy,9012,pathmnist-final_active_best-entropy-init3p-batch3pb-epc5-budget30p-9012.pth,2103,637,21026,3.0,30.0,3.0,5,23129,cycle,23,16754,val,0.0309,0.9093,0.9086,0.9708,0.9672,0.939,mean,0,-1,-1,-1,-1
pathmnist,active,entropy,9012,pathmnist-final_active_best-entropy-init3p-batch3pb-epc5-budget30p-9012.pth,2103,637,21026,3.0,30.0,3.0,5,23129,cycle,24,17391,val,0.0274,0.8687,0.8649,0.966,0.9583,0.9145,mean,0,-1,-1,-1,-1
pathmnist,active,entropy,9012,pathmnist-final_active_best-entropy-init3p-batch3pb-epc5-budget30p-9012.pth,2103,637,21026,3.0,30.0,3.0,5,23129,cycle,25,18028,val,0.0229,0.8811,0.8803,0.9435,0.9373,0.9106,mean,0,-1,-1,-1,-1
pathmnist,active,entropy,9012,pathmnist-final_active_best-entropy-init3p-batch3pb-epc5-budget30p-9012.pth,2103,637,21026,3.0,30.0,3.0,5,23129,cycle,26,18665,val,0.0769,0.9349,0.9348,0.981,0.9751,0.9564,mean,1,-1,-1,-1,-1
pathmnist,active,entropy,9012,pathmnist-final_active_best-entropy-init3p-batch3pb-epc5-budget30p-9012.pth,2103,637,21026,3.0,30.0,3.0,5,23129,cycle,27,19302,val,0.0208,0.9348,0.9345,0.9798,0.9753,0.9561,mean,0,-1,-1,-1,-1
pathmnist,active,entropy,9012,pathmnist-final_active_best-entropy-init3p-batch3pb-epc5-budget30p-9012.pth,2103,637,21026,3.0,30.0,3.0,5,23129,cycle,28,19939,val,0.025,0.9308,0.9306,0.9787,0.9737,0.9534,mean,0,-1,-1,-1,-1
pathmnist,active,entropy,9012,pathmnist-final_active_best-entropy-init3p-batch3pb-epc5-budget30p-9012.pth,2103,637,21026,3.0,30.0,3.0,5,23129,cycle,29,20576,val,0.0312,0.9131,0.9124,0.9736,0.9694,0.9421,mean,0,-1,-1,-1,-1
pathmnist,active,entropy,9012,pathmnist-final_active_best-entropy-init3p-batch3pb-epc5-budget30p-9012.pth,2103,637,21026,3.0,30.0,3.0,5,23129,cycle,30,21213,val,0.0215,0.9321,0.9314,0.9833,0.9809,0.9569,mean,1,-1,-1,-1,-1
pathmnist,active,entropy,9012,pathmnist-final_active_best-entropy-init3p-batch3pb-epc5-budget30p-9012.pth,2103,637,21026,3.0,30.0,3.0,5,23129,cycle,31,21850,val,0.0225,0.9266,0.9259,0.9794,0.9778,0.9524,mean,0,-1,-1,-1,-1
pathmnist,active,entropy,9012,pathmnist-final_active_best-entropy-init3p-batch3pb-epc5-budget30p-9012.pth,2103,637,21026,3.0,30.0,3.0,5,23129,cycle,32,22487,val,0.0225,0.9004,0.9003,0.9678,0.9621,0.9327,mean,0,-1,-1,-1,-1
pathmnist,active,entropy,9012,pathmnist-final_active_best-entropy-init3p-batch3pb-epc5-budget30p-9012.pth,2103,637,21026,3.0,30.0,3.0,5,23129,cycle,33,23129,val,0.0187,0.8827,0.8808,0.9537,0.9516,0.9172,mean,0,-1,-1,-1,-1
pathmnist,active,entropy,9012,pathmnist-final_active_best-entropy-init3p-batch3pb-epc5-budget30p-9012.pth,2103,637,21026,3.0,30.0,3.0,5,23129,final,-1,21213,test,-1,0.9059,0.8959,0.9498,0.9292,,mean,-1,1696,239,3467,297
pathmnist,active,entropy,34895,pathmnist-final_active_best-entropy-init3p-batch3pb-epc5-budget30p-34895.pth,2103,637,21026,3.0,30.0,3.0,5,23129,cycle,0,2103,val,0.3083,0.8604,0.8591,0.9352,0.9153,0.8925,mean,1,-1,-1,-1,-1
pathmnist,active,entropy,34895,pathmnist-final_active_best-entropy-init3p-batch3pb-epc5-budget30p-34895.pth,2103,637,21026,3.0,30.0,3.0,5,23129,cycle,1,2740,val,0.2037,0.6737,0.6371,0.843,0.7831,0.7342,mean,0,-1,-1,-1,-1
pathmnist,active,entropy,34895,pathmnist-final_active_best-entropy-init3p-batch3pb-epc5-budget30p-34895.pth,2103,637,21026,3.0,30.0,3.0,5,23129,cycle,2,3377,val,0.1454,0.7836,0.7789,0.8722,0.867,0.8254,mean,0,-1,-1,-1,-1
pathmnist,active,entropy,34895,pathmnist-final_active_best-entropy-init3p-batch3pb-epc5-budget30p-34895.pth,2103,637,21026,3.0,30.0,3.0,5,23129,cycle,3,4014,val,0.1085,0.8664,0.864,0.949,0.9403,0.9049,mean,1,-1,-1,-1,-1
pathmnist,active,entropy,34895,pathmnist-final_active_best-entropy-init3p-batch3pb-epc5-budget30p-34895.pth,2103,637,21026,3.0,30.0,3.0,5,23129,cycle,4,4651,val,0.0916,0.8876,0.8874,0.9527,0.9348,0.9156,mean,1,-1,-1,-1,-1
pathmnist,active,entropy,34895,pathmnist-final_active_best-entropy-init3p-batch3pb-epc5-budget30p-34895.pth,2103,637,21026,3.0,30.0,3.0,5,23129,cycle,5,5288,val,0.095,0.8663,0.8661,0.9602,0.9491,0.9104,mean,0,-1,-1,-1,-1
pathmnist,active,entropy,34895,pathmnist-final_active_best-entropy-init3p-batch3pb-epc5-budget30p-34895.pth,2103,637,21026,3.0,30.0,3.0,5,23129,cycle,6,5925,val,0.0743,0.8801,0.8791,0.9536,0.9446,0.9143,mean,0,-1,-1,-1,-1
pathmnist,active,entropy,34895,pathmnist-final_active_best-entropy-init3p-batch3pb-epc5-budget30p-34895.pth,2103,637,21026,3.0,30.0,3.0,5,23129,cycle,7,6562,val,0.1738,0.8849,0.8848,0.9496,0.9336,0.9132,mean,0,-1,-1,-1,-1
pathmnist,active,entropy,34895,pathmnist-final_active_best-entropy-init3p-batch3pb-epc5-budget30p-34895.pth,2103,637,21026,3.0,30.0,3.0,5,23129,cycle,8,7199,val,0.1683,0.8924,0.8917,0.9591,0.9474,0.9227,mean,1,-1,-1,-1,-1
pathmnist,active,entropy,34895,pathmnist-final_active_best-entropy-init3p-batch3pb-epc5-budget30p-34895.pth,2103,637,21026,3.0,30.0,3.0,5,23129,cycle,9,7836,val,0.0613,0.8503,0.8474,0.9299,0.917,0.8861,mean,0,-1,-1,-1,-1
pathmnist,active,entropy,34895,pathmnist-final_active_best-entropy-init3p-batch3pb-epc5-budget30p-34895.pth,2103,637,21026,3.0,30.0,3.0,5,23129,cycle,10,8473,val,0.0501,0.9034,0.9029,0.9674,0.9607,0.9336,mean,1,-1,-1,-1,-1
pathmnist,active,entropy,34895,pathmnist-final_active_best-entropy-init3p-batch3pb-epc5-budget30p-34895.pth,2103,637,21026,3.0,30.0,3.0,5,23129,cycle,11,9110,val,0.0526,0.9135,0.9134,0.9671,0.9531,0.9368,mean,1,-1,-1,-1,-1
pathmnist,active,entropy,34895,pathmnist-final_active_best-entropy-init3p-batch3pb-epc5-budget30p-34895.pth,2103,637,21026,3.0,30.0,3.0,5,23129,cycle,12,9747,val,0.0512,0.8869,0.8869,0.9544,0.9389,0.9168,mean,0,-1,-1,-1,-1
pathmnist,active,entropy,34895,pathmnist-final_active_best-entropy-init3p-batch3pb-epc5-budget30p-34895.pth,2103,637,21026,3.0,30.0,3.0,5,23129,cycle,13,10384,val,0.0451,0.9049,0.9045,0.967,0.9582,0.9337,mean,0,-1,-1,-1,-1
pathmnist,active,entropy,34895,pathmnist-final_active_best-entropy-init3p-batch3pb-epc5-budget30p-34895.pth,2103,637,21026,3.0,30.0,3.0,5,23129,cycle,14,11021,val,0.0438,0.9036,0.9034,0.9653,0.9578,0.9325,mean,0,-1,-1,-1,-1
pathmnist,active,entropy,34895,pathmnist-final_active_best-entropy-init3p-batch3pb-epc5-budget30p-34895.pth,2103,637,21026,3.0,30.0,3.0,5,23129,cycle,15,11658,val,0.042,0.922,0.9218,0.9768,0.9716,0.948,mean,1,-1,-1,-1,-1
pathmnist,active,entropy,34895,pathmnist-final_active_best-entropy-init3p-batch3pb-epc5-budget30p-34895.pth,2103,637,21026,3.0,30.0,3.0,5,23129,cycle,16,12295,val,0.0456,0.8764,0.8763,0.9482,0.9347,0.9089,mean,0,-1,-1,-1,-1
pathmnist,active,entropy,34895,pathmnist-final_active_best-entropy-init3p-batch3pb-epc5-budget30p-34895.pth,2103,637,21026,3.0,30.0,3.0,5,23129,cycle,17,12932,val,0.0358,0.9158,0.9156,0.9726,0.966,0.9425,mean,0,-1,-1,-1,-1
pathmnist,active,entropy,34895,pathmnist-final_active_best-entropy-init3p-batch3pb-epc5-budget30p-34895.pth,2103,637,21026,3.0,30.0,3.0,5,23129,cycle,18,13569,val,0.2309,0.9152,0.9147,0.9728,0.9676,0.9426,mean,0,-1,-1,-1,-1
pathmnist,active,entropy,34895,pathmnist-final_active_best-entropy-init3p-batch3pb-epc5-budget30p-34895.pth,2103,637,21026,3.0,30.0,3.0,5,23129,cycle,19,14206,val,0.0306,0.9084,0.9071,0.9735,0.9709,0.94,mean,0,-1,-1,-1,-1
pathmnist,active,entropy,34895,pathmnist-final_active_best-entropy-init3p-batch3pb-epc5-budget30p-34895.pth,2103,637,21026,3.0,30.0,3.0,5,23129,cycle,20,14843,val,0.0486,0.9285,0.9283,0.9797,0.9751,0.9529,mean,1,-1,-1,-1,-1
pathmnist,active,entropy,34895,pathmnist-final_active_best-entropy-init3p-batch3pb-epc5-budget30p-34895.pth,2103,637,21026,3.0,30.0,3.0,5,23129,cycle,21,15480,val,0.0325,0.9154,0.9149,0.9727,0.9674,0.9426,mean,0,-1,-1,-1,-1
pathmnist,active,entropy,34895,pathmnist-final_active_best-entropy-init3p-batch3pb-epc5-budget30p-34895.pth,2103,637,21026,3.0,30.0,3.0,5,23129,cycle,22,16117,val,0.0288,0.9145,0.914,0.9716,0.9631,0.9408,mean,0,-1,-1,-1,-1
pathmnist,active,entropy,34895,pathmnist-final_active_best-entropy-init3p-batch3pb-epc5-budget30p-34895.pth,2103,637,21026,3.0,30.0,3.0,5,23129,cycle,23,16754,val,0.0314,0.8399,0.8376,0.9295,0.9124,0.8799,mean,0,-1,-1,-1,-1
pathmnist,active,entropy,34895,pathmnist-final_active_best-entropy-init3p-batch3pb-epc5-budget30p-34895.pth,2103,637,21026,3.0,30.0,3.0,5,23129,cycle,24,17391,val,0.0256,0.9152,0.9143,0.9736,0.9694,0.9431,mean,0,-1,-1,-1,-1
pathmnist,active,entropy,34895,pathmnist-final_active_best-entropy-init3p-batch3pb-epc5-budget30p-34895.pth,2103,637,21026,3.0,30.0,3.0,5,23129,cycle,25,18028,val,0.0271,0.8923,0.8919,0.9597,0.9497,0.9234,mean,0,-1,-1,-1,-1
pathmnist,active,entropy,34895,pathmnist-final_active_best-entropy-init3p-batch3pb-epc5-budget30p-34895.pth,2103,637,21026,3.0,30.0,3.0,5,23129,cycle,26,18665,val,0.0579,0.9128,0.9127,0.971,0.9648,0.9403,mean,0,-1,-1,-1,-1
pathmnist,active,entropy,34895,pathmnist-final_active_best-entropy-init3p-batch3pb-epc5-budget30p-34895.pth,2103,637,21026,3.0,30.0,3.0,5,23129,cycle,27,19302,val,0.0198,0.9279,0.9278,0.9806,0.9745,0.9527,mean,0,-1,-1,-1,-1
pathmnist,active,entropy,34895,pathmnist-final_active_best-entropy-init3p-batch3pb-epc5-budget30p-34895.pth,2103,637,21026,3.0,30.0,3.0,5,23129,cycle,28,19939,val,0.0241,0.908,0.9064,0.9761,0.9728,0.9408,mean,0,-1,-1,-1,-1
pathmnist,active,entropy,34895,pathmnist-final_active_best-entropy-init3p-batch3pb-epc5-budget30p-34895.pth,2103,637,21026,3.0,30.0,3.0,5,23129,cycle,29,20576,val,0.0219,0.8637,0.8602,0.955,0.9469,0.9065,mean,0,-1,-1,-1,-1
pathmnist,active,entropy,34895,pathmnist-final_active_best-entropy-init3p-batch3pb-epc5-budget30p-34895.pth,2103,637,21026,3.0,30.0,3.0,5,23129,cycle,30,21213,val,0.0233,0.9018,0.9002,0.9706,0.9678,0.9351,mean,0,-1,-1,-1,-1
pathmnist,active,entropy,34895,pathmnist-final_active_best-entropy-init3p-batch3pb-epc5-budget30p-34895.pth,2103,637,21026,3.0,30.0,3.0,5,23129,cycle,31,21850,val,0.0213,0.9026,0.9023,0.9655,0.9579,0.9321,mean,0,-1,-1,-1,-1
pathmnist,active,entropy,34895,pathmnist-final_active_best-entropy-init3p-batch3pb-epc5-budget30p-34895.pth,2103,637,21026,3.0,30.0,3.0,5,23129,cycle,32,22487,val,0.0199,0.9103,0.9095,0.9698,0.9671,0.9392,mean,0,-1,-1,-1,-1
pathmnist,active,entropy,34895,pathmnist-final_active_best-entropy-init3p-batch3pb-epc5-budget30p-34895.pth,2103,637,21026,3.0,30.0,3.0,5,23129,cycle,33,23129,val,0.085,0.9462,0.946,0.9868,0.9839,0.9657,mean,1,-1,-1,-1,-1
pathmnist,active,entropy,34895,pathmnist-final_active_best-entropy-init3p-batch3pb-epc5-budget30p-34895.pth,2103,637,21026,3.0,30.0,3.0,5,23129,final,-1,23129,test,-1,0.8984,0.8915,0.9566,0.9266,,mean,-1,1842,428,3278,151
pathmnist,active,entropy,148932,pathmnist-final_active_best-entropy-init3p-batch3pb-epc5-budget30p-148932.pth,2103,637,21026,3.0,30.0,3.0,5,23129,cycle,0,2103,val,0.3286,0.7038,0.6703,0.8885,0.8641,0.7817,mean,1,-1,-1,-1,-1
pathmnist,active,entropy,148932,pathmnist-final_active_best-entropy-init3p-batch3pb-epc5-budget30p-148932.pth,2103,637,21026,3.0,30.0,3.0,5,23129,cycle,1,2740,val,0.177,0.7951,0.7923,0.8889,0.8447,0.8303,mean,1,-1,-1,-1,-1
pathmnist,active,entropy,148932,pathmnist-final_active_best-entropy-init3p-batch3pb-epc5-budget30p-148932.pth,2103,637,21026,3.0,30.0,3.0,5,23129,cycle,2,3377,val,0.1396,0.8749,0.8741,0.9429,0.934,0.9065,mean,1,-1,-1,-1,-1
pathmnist,active,entropy,148932,pathmnist-final_active_best-entropy-init3p-batch3pb-epc5-budget30p-148932.pth,2103,637,21026,3.0,30.0,3.0,5,23129,cycle,3,4014,val,0.1426,0.8745,0.8745,0.9493,0.9354,0.9084,mean,1,-1,-1,-1,-1
pathmnist,active,entropy,148932,pathmnist-final_active_best-entropy-init3p-batch3pb-epc5-budget30p-148932.pth,2103,637,21026,3.0,30.0,3.0,5,23129,cycle,4,4651,val,0.1121,0.8865,0.8865,0.951,0.9379,0.9155,mean,1,-1,-1,-1,-1
pathmnist,active,entropy,148932,pathmnist-final_active_best-entropy-init3p-batch3pb-epc5-budget30p-148932.pth,2103,637,21026,3.0,30.0,3.0,5,23129,cycle,5,5288,val,0.1099,0.8478,0.8456,0.9222,0.9139,0.8824,mean,0,-1,-1,-1,-1
pathmnist,active,entropy,148932,pathmnist-final_active_best-entropy-init3p-batch3pb-epc5-budget30p-148932.pth,2103,637,21026,3.0,30.0,3.0,5,23129,cycle,6,5925,val,0.099,0.8936,0.8935,0.9627,0.9553,0.9263,mean,1,-1,-1,-1,-1
pathmnist,active,entropy,148932,pathmnist-final_active_best-entropy-init3p-batch3pb-epc5-budget30p-148932.pth,2103,637,21026,3.0,30.0,3.0,5,23129,cycle,7,6562,val,0.0814,0.7913,0.7833,0.8897,0.8812,0.8364,mean,0,-1,-1,-1,-1
pathmnist,active,entropy,148932,pathmnist-final_active_best-entropy-init3p-batch3pb-epc5-budget30p-148932.pth,2103,637,21026,3.0,30.0,3.0,5,23129,cycle,8,7199,val,0.0537,0.6929,0.6572,0.8531,0.8259,0.7573,mean,0,-1,-1,-1,-1
pathmnist,active,entropy,148932,pathmnist-final_active_best-entropy-init3p-batch3pb-epc5-budget30p-148932.pth,2103,637,21026,3.0,30.0,3.0,5,23129,cycle,9,7836,val,0.0494,0.8062,0.8036,0.8724,0.8698,0.838,mean,0,-1,-1,-1,-1
pathmnist,active,entropy,148932,pathmnist-final_active_best-entropy-init3p-batch3pb-epc5-budget30p-148932.pth,2103,637,21026,3.0,30.0,3.0,5,23129,cycle,10,8473,val,0.0456,0.89,0.89,0.964,0.951,0.9237,mean,0,-1,-1,-1,-1
pathmnist,active,entropy,148932,pathmnist-final_active_best-entropy-init3p-batch3pb-epc5-budget30p-148932.pth,2103,637,21026,3.0,30.0,3.0,5,23129,cycle,11,9110,val,0.1706,0.8114,0.8114,0.884,0.8185,0.8313,mean,0,-1,-1,-1,-1
pathmnist,active,entropy,148932,pathmnist-final_active_best-entropy-init3p-batch3pb-epc5-budget30p-148932.pth,2103,637,21026,3.0,30.0,3.0,5,23129,cycle,12,9747,val,0.3902,0.9025,0.9023,0.9677,0.9633,0.9339,mean,1,-1,-1,-1,-1
pathmnist,active,entropy,148932,pathmnist-final_active_best-entropy-init3p-batch3pb-epc5-budget30p-148932.pth,2103,637,21026,3.0,30.0,3.0,5,23129,cycle,13,10384,val,0.0818,0.9107,0.9102,0.9695,0.9643,0.9387,mean,1,-1,-1,-1,-1
pathmnist,active,entropy,148932,pathmnist-final_active_best-entropy-init3p-batch3pb-epc5-budget30p-148932.pth,2103,637,21026,3.0,30.0,3.0,5,23129,cycle,14,11021,val,0.0556,0.9005,0.899,0.9717,0.9672,0.9346,mean,0,-1,-1,-1,-1
pathmnist,active,entropy,148932,pathmnist-final_active_best-entropy-init3p-batch3pb-epc5-budget30p-148932.pth,2103,637,21026,3.0,30.0,3.0,5,23129,cycle,15,11658,val,0.046,0.923,0.9225,0.9761,0.9717,0.9483,mean,1,-1,-1,-1,-1
pathmnist,active,entropy,148932,pathmnist-final_active_best-entropy-init3p-batch3pb-epc5-budget30p-148932.pth,2103,637,21026,3.0,30.0,3.0,5,23129,cycle,16,12295,val,0.0515,0.87,0.8679,0.9507,0.9382,0.9067,mean,0,-1,-1,-1,-1
pathmnist,active,entropy,148932,pathmnist-final_active_best-entropy-init3p-batch3pb-epc5-budget30p-148932.pth,2103,637,21026,3.0,30.0,3.0,5,23129,cycle,17,12932,val,0.0361,0.8826,0.8825,0.9535,0.9412,0.9149,mean,0,-1,-1,-1,-1
pathmnist,active,entropy,148932,pathmnist-final_active_best-entropy-init3p-batch3pb-epc5-budget30p-148932.pth,2103,637,21026,3.0,30.0,3.0,5,23129,cycle,18,13569,val,0.0396,0.9127,0.912,0.9727,0.9678,0.9413,mean,0,-1,-1,-1,-1
pathmnist,active,entropy,148932,pathmnist-final_active_best-entropy-init3p-batch3pb-epc5-budget30p-148932.pth,2103,637,21026,3.0,30.0,3.0,5,23129,cycle,19,14206,val,0.0381,0.93,0.9297,0.978,0.973,0.9527,mean,1,-1,-1,-1,-1
pathmnist,active,entropy,148932,pathmnist-final_active_best-entropy-init3p-batch3pb-epc5-budget30p-148932.pth,2103,637,21026,3.0,30.0,3.0,5,23129,cycle,20,14843,val,0.0381,0.8138,0.8063,0.9197,0.9141,0.8634,mean,0,-1,-1,-1,-1
pathmnist,active,entropy,148932,pathmnist-final_active_best-entropy-init3p-batch3pb-epc5-budget30p-148932.pth,2103,637,21026,3.0,30.0,3.0,5,23129,cycle,21,15480,val,0.0279,0.8954,0.8947,0.9549,0.9497,0.9237,mean,0,-1,-1,-1,-1
pathmnist,active,entropy,148932,pathmnist-final_active_best-entropy-init3p-batch3pb-epc5-budget30p-148932.pth,2103,637,21026,3.0,30.0,3.0,5,23129,cycle,22,16117,val,0.0299,0.9223,0.9217,0.9766,0.9724,0.9483,mean,0,-1,-1,-1,-1
pathmnist,active,entropy,148932,pathmnist-final_active_best-entropy-init3p-batch3pb-epc5-budget30p-148932.pth,2103,637,21026,3.0,30.0,3.0,5,23129,cycle,23,16754,val,0.0327,0.9213,0.9213,0.9803,0.9738,0.9492,mean,0,-1,-1,-1,-1
pathmnist,active,entropy,148932,pathmnist-final_active_best-entropy-init3p-batch3pb-epc5-budget30p-148932.pth,2103,637,21026,3.0,30.0,3.0,5,23129,cycle,24,17391,val,0.0269,0.9068,0.9061,0.969,0.9623,0.9361,mean,0,-1,-1,-1,-1
pathmnist,active,entropy,148932,pathmnist-final_active_best-entropy-init3p-batch3pb-epc5-budget30p-148932.pth,2103,637,21026,3.0,30.0,3.0,5,23129,cycle,25,18028,val,0.0267,0.8854,0.8854,0.9571,0.9378,0.9164,mean,0,-1,-1,-1,-1
pathmnist,active,entropy,148932,pathmnist-final_active_best-entropy-init3p-batch3pb-epc5-budget30p-148932.pth,2103,637,21026,3.0,30.0,3.0,5,23129,cycle,26,18665,val,0.0244,0.9009,0.9003,0.9657,0.958,0.9312,mean,0,-1,-1,-1,-1
pathmnist,active,entropy,148932,pathmnist-final_active_best-entropy-init3p-batch3pb-epc5-budget30p-148932.pth,2103,637,21026,3.0,30.0,3.0,5,23129,cycle,27,19302,val,0.024,0.937,0.9367,0.9828,0.9784,0.9587,mean,1,-1,-1,-1,-1
pathmnist,active,entropy,148932,pathmnist-final_active_best-entropy-init3p-batch3pb-epc5-budget30p-148932.pth,2103,637,21026,3.0,30.0,3.0,5,23129,cycle,28,19939,val,0.0311,0.917,0.916,0.9777,0.9747,0.9463,mean,0,-1,-1,-1,-1
pathmnist,active,entropy,148932,pathmnist-final_active_best-entropy-init3p-batch3pb-epc5-budget30p-148932.pth,2103,637,21026,3.0,30.0,3.0,5,23129,cycle,29,20576,val,0.021,0.9266,0.9261,0.9774,0.9738,0.951,mean,0,-1,-1,-1,-1
pathmnist,active,entropy,148932,pathmnist-final_active_best-entropy-init3p-batch3pb-epc5-budget30p-148932.pth,2103,637,21026,3.0,30.0,3.0,5,23129,cycle,30,21213,val,0.0229,0.8792,0.8778,0.9554,0.9446,0.9143,mean,0,-1,-1,-1,-1
pathmnist,active,entropy,148932,pathmnist-final_active_best-entropy-init3p-batch3pb-epc5-budget30p-148932.pth,2103,637,21026,3.0,30.0,3.0,5,23129,cycle,31,21850,val,0.0195,0.9025,0.9007,0.9711,0.9696,0.9359,mean,0,-1,-1,-1,-1
pathmnist,active,entropy,148932,pathmnist-final_active_best-entropy-init3p-batch3pb-epc5-budget30p-148932.pth,2103,637,21026,3.0,30.0,3.0,5,23129,cycle,32,22487,val,0.0202,0.9082,0.9077,0.9689,0.9636,0.9371,mean,0,-1,-1,-1,-1
pathmnist,active,entropy,148932,pathmnist-final_active_best-entropy-init3p-batch3pb-epc5-budget30p-148932.pth,2103,637,21026,3.0,30.0,3.0,5,23129,cycle,33,23129,val,0.0186,0.9348,0.9345,0.982,0.9782,0.9574,mean,0,-1,-1,-1,-1
pathmnist,active,entropy,148932,pathmnist-final_active_best-entropy-init3p-batch3pb-epc5-budget30p-148932.pth,2103,637,21026,3.0,30.0,3.0,5,23129,final,-1,19302,test,-1,0.8928,0.8834,0.9631,0.9328,,mean,-1,1734,352,3354,259
pathmnist,active,mc_bald,17,pathmnist-final_active_best-mc_bald-init3p-batch3pb-epc5-budget30p-17.pth,2103,637,21026,3.0,30.0,3.0,5,23129,cycle,0,2103,val,0.3685,0.7682,0.7615,0.873,0.8402,0.8108,mean,1,-1,-1,-1,-1
pathmnist,active,mc_bald,17,pathmnist-final_active_best-mc_bald-init3p-batch3pb-epc5-budget30p-17.pth,2103,637,21026,3.0,30.0,3.0,5,23129,cycle,1,2740,val,0.1965,0.662,0.661,0.7533,0.7435,0.705,mean,0,-1,-1,-1,-1
pathmnist,active,mc_bald,17,pathmnist-final_active_best-mc_bald-init3p-batch3pb-epc5-budget30p-17.pth,2103,637,21026,3.0,30.0,3.0,5,23129,cycle,2,3377,val,0.1306,0.8007,0.7916,0.9138,0.9061,0.8531,mean,1,-1,-1,-1,-1
pathmnist,active,mc_bald,17,pathmnist-final_active_best-mc_bald-init3p-batch3pb-epc5-budget30p-17.pth,2103,637,21026,3.0,30.0,3.0,5,23129,cycle,3,4014,val,0.1169,0.7645,0.7528,0.9002,0.8702,0.8219,mean,0,-1,-1,-1,-1
pathmnist,active,mc_bald,17,pathmnist-final_active_best-mc_bald-init3p-batch3pb-epc5-budget30p-17.pth,2103,637,21026,3.0,30.0,3.0,5,23129,cycle,4,4651,val,0.0925,0.8736,0.8729,0.9434,0.9313,0.9053,mean,1,-1,-1,-1,-1
pathmnist,active,mc_bald,17,pathmnist-final_active_best-mc_bald-init3p-batch3pb-epc5-budget30p-17.pth,2103,637,21026,3.0,30.0,3.0,5,23129,cycle,5,5288,val,0.0843,0.8557,0.8523,0.9388,0.9343,0.8953,mean,0,-1,-1,-1,-1
pathmnist,active,mc_bald,17,pathmnist-final_active_best-mc_bald-init3p-batch3pb-epc5-budget30p-17.pth,2103,637,21026,3.0,30.0,3.0,5,23129,cycle,6,5925,val,0.0782,0.7969,0.7859,0.9123,0.9089,0.851,mean,0,-1,-1,-1,-1
pathmnist,active,mc_bald,17,pathmnist-final_active_best-mc_bald-init3p-batch3pb-epc5-budget30p-17.pth,2103,637,21026,3.0,30.0,3.0,5,23129,cycle,7,6562,val,0.1224,0.8469,0.8443,0.9335,0.9091,0.8835,mean,0,-1,-1,-1,-1
pathmnist,active,mc_bald,17,pathmnist-final_active_best-mc_bald-init3p-batch3pb-epc5-budget30p-17.pth,2103,637,21026,3.0,30.0,3.0,5,23129,cycle,8,7199,val,0.0562,0.8781,0.8761,0.9497,0.9443,0.912,mean,1,-1,-1,-1,-1
pathmnist,active,mc_bald,17,pathmnist-final_active_best-mc_bald-init3p-batch3pb-epc5-budget30p-17.pth,2103,637,21026,3.0,30.0,3.0,5,23129,cycle,9,7836,val,0.0589,0.8425,0.8418,0.9258,0.9002,0.8776,mean,0,-1,-1,-1,-1
pathmnist,active,mc_bald,17,pathmnist-final_active_best-mc_bald-init3p-batch3pb-epc5-budget30p-17.pth,2103,637,21026,3.0,30.0,3.0,5,23129,cycle,10,8473,val,0.0472,0.906,0.9059,0.9686,0.9615,0.9355,mean,1,-1,-1,-1,-1
pathmnist,active,mc_bald,17,pathmnist-final_active_best-mc_bald-init3p-batch3pb-epc5-budget30p-17.pth,2103,637,21026,3.0,30.0,3.0,5,23129,cycle,11,9110,val,0.0526,0.8452,0.8424,0.9283,0.9244,0.8851,mean,0,-1,-1,-1,-1
pathmnist,active,mc_bald,17,pathmnist-final_active_best-mc_bald-init3p-batch3pb-epc5-budget30p-17.pth,2103,637,21026,3.0,30.0,3.0,5,23129,cycle,12,9747,val,0.0467,0.8604,0.8602,0.933,0.907,0.8901,mean,0,-1,-1,-1,-1
pathmnist,active,mc_bald,17,pathmnist-final_active_best-mc_bald-init3p-batch3pb-epc5-budget30p-17.pth,2103,637,21026,3.0,30.0,3.0,5,23129,cycle,13,10384,val,0.042,0.9,0.8998,0.9589,0.9435,0.9255,mean,0,-1,-1,-1,-1
pathmnist,active,mc_bald,17,pathmnist-final_active_best-mc_bald-init3p-batch3pb-epc5-budget30p-17.pth,2103,637,21026,3.0,30.0,3.0,5,23129,cycle,14,11021,val,0.0425,0.874,0.8733,0.9389,0.9192,0.9013,mean,0,-1,-1,-1,-1
pathmnist,active,mc_bald,17,pathmnist-final_active_best-mc_bald-init3p-batch3pb-epc5-budget30p-17.pth,2103,637,21026,3.0,30.0,3.0,5,23129,cycle,15,11658,val,0.0369,0.7713,0.7605,0.8769,0.8558,0.8161,mean,0,-1,-1,-1,-1
pathmnist,active,mc_bald,17,pathmnist-final_active_best-mc_bald-init3p-batch3pb-epc5-budget30p-17.pth,2103,637,21026,3.0,30.0,3.0,5,23129,cycle,16,12295,val,0.0348,0.9203,0.9197,0.9761,0.9692,0.9463,mean,1,-1,-1,-1,-1
pathmnist,active,mc_bald,17,pathmnist-final_active_best-mc_bald-init3p-batch3pb-epc5-budget30p-17.pth,2103,637,21026,3.0,30.0,3.0,5,23129,cycle,17,12932,val,0.0375,0.9,0.8997,0.9576,0.9497,0.9268,mean,0,-1,-1,-1,-1
pathmnist,active,mc_bald,17,pathmnist-final_active_best-mc_bald-init3p-batch3pb-epc5-budget30p-17.pth,2103,637,21026,3.0,30.0,3.0,5,23129,cycle,18,13569,val,0.0324,0.8954,0.8953,0.9599,0.9502,0.9252,mean,0,-1,-1,-1,-1
pathmnist,active,mc_bald,17,pathmnist-final_active_best-mc_bald-init3p-batch3pb-epc5-budget30p-17.pth,2103,637,21026,3.0,30.0,3.0,5,23129,cycle,19,14206,val,0.0308,0.9073,0.9064,0.9689,0.9642,0.9367,mean,0,-1,-1,-1,-1
pathmnist,active,mc_bald,17,pathmnist-final_active_best-mc_bald-init3p-batch3pb-epc5-budget30p-17.pth,2103,637,21026,3.0,30.0,3.0,5,23129,cycle,20,14843,val,0.0325,0.8769,0.8768,0.944,0.9379,0.9089,mean,0,-1,-1,-1,-1
pathmnist,active,mc_bald,17,pathmnist-final_active_best-mc_bald-init3p-batch3pb-epc5-budget30p-17.pth,2103,637,21026,3.0,30.0,3.0,5,23129,cycle,21,15480,val,0.0291,0.8279,0.8215,0.9441,0.9273,0.8802,mean,0,-1,-1,-1,-1
pathmnist,active,mc_bald,17,pathmnist-final_active_best-mc_bald-init3p-batch3pb-epc5-budget30p-17.pth,2103,637,21026,3.0,30.0,3.0,5,23129,cycle,22,16117,val,0.1759,0.905,0.9043,0.9687,0.9633,0.9353,mean,0,-1,-1,-1,-1
pathmnist,active,mc_bald,17,pathmnist-final_active_best-mc_bald-init3p-batch3pb-epc5-budget30p-17.pth,2103,637,21026,3.0,30.0,3.0,5,23129,cycle,23,16754,val,0.0446,0.928,0.9276,0.9793,0.9756,0.9526,mean,1,-1,-1,-1,-1
pathmnist,active,mc_bald,17,pathmnist-final_active_best-mc_bald-init3p-batch3pb-epc5-budget30p-17.pth,2103,637,21026,3.0,30.0,3.0,5,23129,cycle,24,17391,val,0.0268,0.9058,0.9053,0.9639,0.9489,0.931,mean,0,-1,-1,-1,-1
pathmnist,active,mc_bald,17,pathmnist-final_active_best-mc_bald-init3p-batch3pb-epc5-budget30p-17.pth,2103,637,21026,3.0,30.0,3.0,5,23129,cycle,25,18028,val,0.0266,0.9103,0.9103,0.9691,0.957,0.9366,mean,0,-1,-1,-1,-1
pathmnist,active,mc_bald,17,pathmnist-final_active_best-mc_bald-init3p-batch3pb-epc5-budget30p-17.pth,2103,637,21026,3.0,30.0,3.0,5,23129,cycle,26,18665,val,0.0254,0.9069,0.9069,0.9711,0.9645,0.9374,mean,0,-1,-1,-1,-1
pathmnist,active,mc_bald,17,pathmnist-final_active_best-mc_bald-init3p-batch3pb-epc5-budget30p-17.pth,2103,637,21026,3.0,30.0,3.0,5,23129,cycle,27,19302,val,0.0252,0.8036,0.7996,0.9035,0.8728,0.8449,mean,0,-1,-1,-1,-1
pathmnist,active,mc_bald,17,pathmnist-final_active_best-mc_bald-init3p-batch3pb-epc5-budget30p-17.pth,2103,637,21026,3.0,30.0,3.0,5,23129,cycle,28,19939,val,0.0204,0.903,0.9015,0.9729,0.9694,0.9367,mean,0,-1,-1,-1,-1
pathmnist,active,mc_bald,17,pathmnist-final_active_best-mc_bald-init3p-batch3pb-epc5-budget30p-17.pth,2103,637,21026,3.0,30.0,3.0,5,23129,cycle,29,20576,val,0.0707,0.9126,0.912,0.9711,0.967,0.9407,mean,0,-1,-1,-1,-1
pathmnist,active,mc_bald,17,pathmnist-final_active_best-mc_bald-init3p-batch3pb-epc5-budget30p-17.pth,2103,637,21026,3.0,30.0,3.0,5,23129,cycle,30,21213,val,0.0173,0.9356,0.9354,0.9815,0.9774,0.9575,mean,1,-1,-1,-1,-1
pathmnist,active,mc_bald,17,pathmnist-final_active_best-mc_bald-init3p-batch3pb-epc5-budget30p-17.pth,2103,637,21026,3.0,30.0,3.0,5,23129,cycle,31,21850,val,0.022,0.9245,0.9243,0.9747,0.9668,0.9476,mean,0,-1,-1,-1,-1
pathmnist,active,mc_bald,17,pathmnist-final_active_best-mc_bald-init3p-batch3pb-epc5-budget30p-17.pth,2103,637,21026,3.0,30.0,3.0,5,23129,cycle,32,22487,val,0.0228,0.9144,0.9143,0.9726,0.9673,0.9421,mean,0,-1,-1,-1,-1
pathmnist,active,mc_bald,17,pathmnist-final_active_best-mc_bald-init3p-batch3pb-epc5-budget30p-17.pth,2103,637,21026,3.0,30.0,3.0,5,23129,cycle,33,23129,val,0.0198,0.9217,0.9214,0.9743,0.9674,0.9462,mean,0,-1,-1,-1,-1
pathmnist,active,mc_bald,17,pathmnist-final_active_best-mc_bald-init3p-batch3pb-epc5-budget30p-17.pth,2103,637,21026,3.0,30.0,3.0,5,23129,final,-1,21213,test,-1,0.8956,0.8893,0.9615,0.9299,,mean,-1,1871,473,3233,122
pathmnist,active,mc_bald,246,pathmnist-final_active_best-mc_bald-init3p-batch3pb-epc5-budget30p-246.pth,2103,637,21026,3.0,30.0,3.0,5,23129,cycle,0,2103,val,0.335,0.8075,0.8016,0.9119,0.8971,0.8545,mean,1,-1,-1,-1,-1
pathmnist,active,mc_bald,246,pathmnist-final_active_best-mc_bald-init3p-batch3pb-epc5-budget30p-246.pth,2103,637,21026,3.0,30.0,3.0,5,23129,cycle,1,2740,val,0.1967,0.6291,0.5533,0.7946,0.7682,0.6863,mean,0,-1,-1,-1,-1
pathmnist,active,mc_bald,246,pathmnist-final_active_best-mc_bald-init3p-batch3pb-epc5-budget30p-246.pth,2103,637,21026,3.0,30.0,3.0,5,23129,cycle,2,3377,val,0.1299,0.8778,0.8772,0.95,0.9364,0.9104,mean,1,-1,-1,-1,-1
pathmnist,active,mc_bald,246,pathmnist-final_active_best-mc_bald-init3p-batch3pb-epc5-budget30p-246.pth,2103,637,21026,3.0,30.0,3.0,5,23129,cycle,3,4014,val,0.1245,0.8086,0.8024,0.9194,0.9039,0.8586,mean,0,-1,-1,-1,-1
pathmnist,active,mc_bald,246,pathmnist-final_active_best-mc_bald-init3p-batch3pb-epc5-budget30p-246.pth,2103,637,21026,3.0,30.0,3.0,5,23129,cycle,4,4651,val,0.0928,0.8362,0.8355,0.9193,0.9004,0.8728,mean,0,-1,-1,-1,-1
pathmnist,active,mc_bald,246,pathmnist-final_active_best-mc_bald-init3p-batch3pb-epc5-budget30p-246.pth,2103,637,21026,3.0,30.0,3.0,5,23129,cycle,5,5288,val,0.0834,0.8919,0.8918,0.9578,0.9501,0.9229,mean,1,-1,-1,-1,-1
pathmnist,active,mc_bald,246,pathmnist-final_active_best-mc_bald-init3p-batch3pb-epc5-budget30p-246.pth,2103,637,21026,3.0,30.0,3.0,5,23129,cycle,6,5925,val,0.112,0.8363,0.8353,0.9246,0.9102,0.8766,mean,0,-1,-1,-1,-1
pathmnist,active,mc_bald,246,pathmnist-final_active_best-mc_bald-init3p-batch3pb-epc5-budget30p-246.pth,2103,637,21026,3.0,30.0,3.0,5,23129,cycle,7,6562,val,0.1973,0.8583,0.8576,0.94,0.9275,0.8959,mean,0,-1,-1,-1,-1
pathmnist,active,mc_bald,246,pathmnist-final_active_best-mc_bald-init3p-batch3pb-epc5-budget30p-246.pth,2103,637,21026,3.0,30.0,3.0,5,23129,cycle,8,7199,val,0.0742,0.8598,0.8585,0.9338,0.9282,0.8951,mean,0,-1,-1,-1,-1
pathmnist,active,mc_bald,246,pathmnist-final_active_best-mc_bald-init3p-batch3pb-epc5-budget30p-246.pth,2103,637,21026,3.0,30.0,3.0,5,23129,cycle,9,7836,val,0.048,0.9105,0.9102,0.9692,0.9622,0.938,mean,1,-1,-1,-1,-1
pathmnist,active,mc_bald,246,pathmnist-final_active_best-mc_bald-init3p-batch3pb-epc5-budget30p-246.pth,2103,637,21026,3.0,30.0,3.0,5,23129,cycle,10,8473,val,0.0623,0.9049,0.9046,0.9672,0.9606,0.9343,mean,0,-1,-1,-1,-1
pathmnist,active,mc_bald,246,pathmnist-final_active_best-mc_bald-init3p-batch3pb-epc5-budget30p-246.pth,2103,637,21026,3.0,30.0,3.0,5,23129,cycle,11,9110,val,0.1035,0.8989,0.8988,0.9614,0.9489,0.927,mean,0,-1,-1,-1,-1
pathmnist,active,mc_bald,246,pathmnist-final_active_best-mc_bald-init3p-batch3pb-epc5-budget30p-246.pth,2103,637,21026,3.0,30.0,3.0,5,23129,cycle,12,9747,val,0.0521,0.9078,0.9073,0.968,0.9602,0.9358,mean,0,-1,-1,-1,-1
pathmnist,active,mc_bald,246,pathmnist-final_active_best-mc_bald-init3p-batch3pb-epc5-budget30p-246.pth,2103,637,21026,3.0,30.0,3.0,5,23129,cycle,13,10384,val,0.0478,0.8514,0.8473,0.945,0.9402,0.896,mean,0,-1,-1,-1,-1
pathmnist,active,mc_bald,246,pathmnist-final_active_best-mc_bald-init3p-batch3pb-epc5-budget30p-246.pth,2103,637,21026,3.0,30.0,3.0,5,23129,cycle,14,11021,val,0.0558,0.8859,0.8851,0.954,0.949,0.9185,mean,0,-1,-1,-1,-1
pathmnist,active,mc_bald,246,pathmnist-final_active_best-mc_bald-init3p-batch3pb-epc5-budget30p-246.pth,2103,637,21026,3.0,30.0,3.0,5,23129,cycle,15,11658,val,0.0399,0.8462,0.8434,0.9366,0.9256,0.8879,mean,0,-1,-1,-1,-1
pathmnist,active,mc_bald,246,pathmnist-final_active_best-mc_bald-init3p-batch3pb-epc5-budget30p-246.pth,2103,637,21026,3.0,30.0,3.0,5,23129,cycle,16,12295,val,0.0351,0.9272,0.9268,0.9743,0.9697,0.9495,mean,1,-1,-1,-1,-1
pathmnist,active,mc_bald,246,pathmnist-final_active_best-mc_bald-init3p-batch3pb-epc5-budget30p-246.pth,2103,637,21026,3.0,30.0,3.0,5,23129,cycle,17,12932,val,0.1059,0.904,0.9034,0.9665,0.9583,0.933,mean,0,-1,-1,-1,-1
pathmnist,active,mc_bald,246,pathmnist-final_active_best-mc_bald-init3p-batch3pb-epc5-budget30p-246.pth,2103,637,21026,3.0,30.0,3.0,5,23129,cycle,18,13569,val,0.0326,0.9235,0.9233,0.9737,0.9678,0.9471,mean,0,-1,-1,-1,-1
pathmnist,active,mc_bald,246,pathmnist-final_active_best-mc_bald-init3p-batch3pb-epc5-budget30p-246.pth,2103,637,21026,3.0,30.0,3.0,5,23129,cycle,19,14206,val,0.035,0.9198,0.9195,0.9746,0.9692,0.9458,mean,0,-1,-1,-1,-1
pathmnist,active,mc_bald,246,pathmnist-final_active_best-mc_bald-init3p-batch3pb-epc5-budget30p-246.pth,2103,637,21026,3.0,30.0,3.0,5,23129,cycle,20,14843,val,0.0382,0.9125,0.9117,0.9685,0.9648,0.9394,mean,0,-1,-1,-1,-1
pathmnist,active,mc_bald,246,pathmnist-final_active_best-mc_bald-init3p-batch3pb-epc5-budget30p-246.pth,2103,637,21026,3.0,30.0,3.0,5,23129,cycle,21,15480,val,0.032,0.9343,0.934,0.979,0.9725,0.955,mean,1,-1,-1,-1,-1
pathmnist,active,mc_bald,246,pathmnist-final_active_best-mc_bald-init3p-batch3pb-epc5-budget30p-246.pth,2103,637,21026,3.0,30.0,3.0,5,23129,cycle,22,16117,val,0.035,0.887,0.8866,0.9531,0.9431,0.9175,mean,0,-1,-1,-1,-1
pathmnist,active,mc_bald,246,pathmnist-final_active_best-mc_bald-init3p-batch3pb-epc5-budget30p-246.pth,2103,637,21026,3.0,30.0,3.0,5,23129,cycle,23,16754,val,0.029,0.9034,0.9018,0.9742,0.9702,0.9374,mean,0,-1,-1,-1,-1
pathmnist,active,mc_bald,246,pathmnist-final_active_best-mc_bald-init3p-batch3pb-epc5-budget30p-246.pth,2103,637,21026,3.0,30.0,3.0,5,23129,cycle,24,17391,val,0.0281,0.8772,0.8771,0.9403,0.9145,0.9023,mean,0,-1,-1,-1,-1
pathmnist,active,mc_bald,246,pathmnist-final_active_best-mc_bald-init3p-batch3pb-epc5-budget30p-246.pth,2103,637,21026,3.0,30.0,3.0,5,23129,cycle,25,18028,val,0.0244,0.9016,0.9,0.9704,0.9691,0.9352,mean,0,-1,-1,-1,-1
pathmnist,active,mc_bald,246,pathmnist-final_active_best-mc_bald-init3p-batch3pb-epc5-budget30p-246.pth,2103,637,21026,3.0,30.0,3.0,5,23129,cycle,26,18665,val,0.0261,0.9232,0.9232,0.9772,0.9705,0.9485,mean,0,-1,-1,-1,-1
pathmnist,active,mc_bald,246,pathmnist-final_active_best-mc_bald-init3p-batch3pb-epc5-budget30p-246.pth,2103,637,21026,3.0,30.0,3.0,5,23129,cycle,27,19302,val,0.0249,0.8746,0.8736,0.9485,0.9428,0.9099,mean,0,-1,-1,-1,-1
pathmnist,active,mc_bald,246,pathmnist-final_active_best-mc_bald-init3p-batch3pb-epc5-budget30p-246.pth,2103,637,21026,3.0,30.0,3.0,5,23129,cycle,28,19939,val,0.026,0.9329,0.9325,0.9811,0.9766,0.9558,mean,1,-1,-1,-1,-1
pathmnist,active,mc_bald,246,pathmnist-final_active_best-mc_bald-init3p-batch3pb-epc5-budget30p-246.pth,2103,637,21026,3.0,30.0,3.0,5,23129,cycle,29,20576,val,0.0241,0.9093,0.9088,0.9671,0.9562,0.9353,mean,0,-1,-1,-1,-1
pathmnist,active,mc_bald,246,pathmnist-final_active_best-mc_bald-init3p-batch3pb-epc5-budget30p-246.pth,2103,637,21026,3.0,30.0,3.0,5,23129,cycle,30,21213,val,0.0196,0.8879,0.8876,0.9546,0.9503,0.9201,mean,0,-1,-1,-1,-1
pathmnist,active,mc_bald,246,pathmnist-final_active_best-mc_bald-init3p-batch3pb-epc5-budget30p-246.pth,2103,637,21026,3.0,30.0,3.0,5,23129,cycle,31,21850,val,0.0178,0.914,0.9135,0.9704,0.9646,0.9406,mean,0,-1,-1,-1,-1
pathmnist,active,mc_bald,246,pathmnist-final_active_best-mc_bald-init3p-batch3pb-epc5-budget30p-246.pth,2103,637,21026,3.0,30.0,3.0,5,23129,cycle,32,22487,val,0.0197,0.9344,0.9341,0.9792,0.969,0.9542,mean,0,-1,-1,-1,-1
pathmnist,active,mc_bald,246,pathmnist-final_active_best-mc_bald-init3p-batch3pb-epc5-budget30p-246.pth,2103,637,21026,3.0,30.0,3.0,5,23129,cycle,33,23129,val,0.0201,0.8949,0.8939,0.9626,0.9555,0.9267,mean,0,-1,-1,-1,-1
pathmnist,active,mc_bald,246,pathmnist-final_active_best-mc_bald-init3p-batch3pb-epc5-budget30p-246.pth,2103,637,21026,3.0,30.0,3.0,5,23129,final,-1,19939,test,-1,0.8956,0.8873,0.9598,0.9312,,mean,-1,1780,382,3324,213
pathmnist,active,mc_bald,9012,pathmnist-final_active_best-mc_bald-init3p-batch3pb-epc5-budget30p-9012.pth,2103,637,21026,3.0,30.0,3.0,5,23129,cycle,0,2103,val,0.3476,0.8125,0.808,0.919,0.8976,0.8593,mean,1,-1,-1,-1,-1
pathmnist,active,mc_bald,9012,pathmnist-final_active_best-mc_bald-init3p-batch3pb-epc5-budget30p-9012.pth,2103,637,21026,3.0,30.0,3.0,5,23129,cycle,1,2740,val,0.2109,0.8168,0.816,0.8955,0.8803,0.8522,mean,0,-1,-1,-1,-1
pathmnist,active,mc_bald,9012,pathmnist-final_active_best-mc_bald-init3p-batch3pb-epc5-budget30p-9012.pth,2103,637,21026,3.0,30.0,3.0,5,23129,cycle,2,3377,val,0.1525,0.8319,0.8316,0.9156,0.8817,0.8652,mean,1,-1,-1,-1,-1
pathmnist,active,mc_bald,9012,pathmnist-final_active_best-mc_bald-init3p-batch3pb-epc5-budget30p-9012.pth,2103,637,21026,3.0,30.0,3.0,5,23129,cycle,3,4014,val,0.1489,0.8638,0.8637,0.9343,0.923,0.8962,mean,1,-1,-1,-1,-1
pathmnist,active,mc_bald,9012,pathmnist-final_active_best-mc_bald-init3p-batch3pb-epc5-budget30p-9012.pth,2103,637,21026,3.0,30.0,3.0,5,23129,cycle,4,4651,val,0.1028,0.8858,0.885,0.9525,0.9428,0.9165,mean,1,-1,-1,-1,-1
pathmnist,active,mc_bald,9012,pathmnist-final_active_best-mc_bald-init3p-batch3pb-epc5-budget30p-9012.pth,2103,637,21026,3.0,30.0,3.0,5,23129,cycle,5,5288,val,0.0893,0.8945,0.894,0.956,0.9398,0.9211,mean,1,-1,-1,-1,-1
pathmnist,active,mc_bald,9012,pathmnist-final_active_best-mc_bald-init3p-batch3pb-epc5-budget30p-9012.pth,2103,637,21026,3.0,30.0,3.0,5,23129,cycle,6,5925,val,0.0838,0.8064,0.8023,0.9065,0.8663,0.8454,mean,0,-1,-1,-1,-1
pathmnist,active,mc_bald,9012,pathmnist-final_active_best-mc_bald-init3p-batch3pb-epc5-budget30p-9012.pth,2103,637,21026,3.0,30.0,3.0,5,23129,cycle,7,6562,val,0.0924,0.884,0.8835,0.9502,0.9365,0.9136,mean,0,-1,-1,-1,-1
pathmnist,active,mc_bald,9012,pathmnist-final_active_best-mc_bald-init3p-batch3pb-epc5-budget30p-9012.pth,2103,637,21026,3.0,30.0,3.0,5,23129,cycle,8,7199,val,0.1349,0.8965,0.8963,0.9573,0.9407,0.9227,mean,1,-1,-1,-1,-1
pathmnist,active,mc_bald,9012,pathmnist-final_active_best-mc_bald-init3p-batch3pb-epc5-budget30p-9012.pth,2103,637,21026,3.0,30.0,3.0,5,23129,cycle,9,7836,val,0.0968,0.8996,0.899,0.9595,0.9471,0.9263,mean,1,-1,-1,-1,-1
pathmnist,active,mc_bald,9012,pathmnist-final_active_best-mc_bald-init3p-batch3pb-epc5-budget30p-9012.pth,2103,637,21026,3.0,30.0,3.0,5,23129,cycle,10,8473,val,0.056,0.8338,0.831,0.9207,0.9083,0.8734,mean,0,-1,-1,-1,-1
pathmnist,active,mc_bald,9012,pathmnist-final_active_best-mc_bald-init3p-batch3pb-epc5-budget30p-9012.pth,2103,637,21026,3.0,30.0,3.0,5,23129,cycle,11,9110,val,0.0468,0.8892,0.8881,0.9585,0.9529,0.9222,mean,0,-1,-1,-1,-1
pathmnist,active,mc_bald,9012,pathmnist-final_active_best-mc_bald-init3p-batch3pb-epc5-budget30p-9012.pth,2103,637,21026,3.0,30.0,3.0,5,23129,cycle,12,9747,val,0.0491,0.8849,0.8831,0.9597,0.9511,0.9197,mean,0,-1,-1,-1,-1
pathmnist,active,mc_bald,9012,pathmnist-final_active_best-mc_bald-init3p-batch3pb-epc5-budget30p-9012.pth,2103,637,21026,3.0,30.0,3.0,5,23129,cycle,13,10384,val,0.0472,0.9126,0.9123,0.9704,0.9639,0.9398,mean,1,-1,-1,-1,-1
pathmnist,active,mc_bald,9012,pathmnist-final_active_best-mc_bald-init3p-batch3pb-epc5-budget30p-9012.pth,2103,637,21026,3.0,30.0,3.0,5,23129,cycle,14,11021,val,0.0461,0.8801,0.8789,0.9537,0.9431,0.9139,mean,0,-1,-1,-1,-1
pathmnist,active,mc_bald,9012,pathmnist-final_active_best-mc_bald-init3p-batch3pb-epc5-budget30p-9012.pth,2103,637,21026,3.0,30.0,3.0,5,23129,cycle,15,11658,val,0.0724,0.8954,0.8953,0.9613,0.9541,0.9265,mean,0,-1,-1,-1,-1
pathmnist,active,mc_bald,9012,pathmnist-final_active_best-mc_bald-init3p-batch3pb-epc5-budget30p-9012.pth,2103,637,21026,3.0,30.0,3.0,5,23129,cycle,16,12295,val,0.0359,0.9018,0.9012,0.9662,0.9579,0.9318,mean,0,-1,-1,-1,-1
pathmnist,active,mc_bald,9012,pathmnist-final_active_best-mc_bald-init3p-batch3pb-epc5-budget30p-9012.pth,2103,637,21026,3.0,30.0,3.0,5,23129,cycle,17,12932,val,0.0374,0.8965,0.8965,0.973,0.9662,0.9331,mean,0,-1,-1,-1,-1
pathmnist,active,mc_bald,9012,pathmnist-final_active_best-mc_bald-init3p-batch3pb-epc5-budget30p-9012.pth,2103,637,21026,3.0,30.0,3.0,5,23129,cycle,18,13569,val,0.0375,0.8669,0.8633,0.9621,0.9551,0.9118,mean,0,-1,-1,-1,-1
pathmnist,active,mc_bald,9012,pathmnist-final_active_best-mc_bald-init3p-batch3pb-epc5-budget30p-9012.pth,2103,637,21026,3.0,30.0,3.0,5,23129,cycle,19,14206,val,0.0296,0.905,0.9038,0.9743,0.9683,0.9379,mean,0,-1,-1,-1,-1
pathmnist,active,mc_bald,9012,pathmnist-final_active_best-mc_bald-init3p-batch3pb-epc5-budget30p-9012.pth,2103,637,21026,3.0,30.0,3.0,5,23129,cycle,20,14843,val,0.0433,0.9155,0.9155,0.9727,0.9616,0.9413,mean,1,-1,-1,-1,-1
pathmnist,active,mc_bald,9012,pathmnist-final_active_best-mc_bald-init3p-batch3pb-epc5-budget30p-9012.pth,2103,637,21026,3.0,30.0,3.0,5,23129,cycle,21,15480,val,0.0289,0.9069,0.9069,0.9722,0.9637,0.9374,mean,0,-1,-1,-1,-1
pathmnist,active,mc_bald,9012,pathmnist-final_active_best-mc_bald-init3p-batch3pb-epc5-budget30p-9012.pth,2103,637,21026,3.0,30.0,3.0,5,23129,cycle,22,16117,val,0.1076,0.9182,0.9176,0.9734,0.9682,0.9444,mean,1,-1,-1,-1,-1
pathmnist,active,mc_bald,9012,pathmnist-final_active_best-mc_bald-init3p-batch3pb-epc5-budget30p-9012.pth,2103,637,21026,3.0,30.0,3.0,5,23129,cycle,23,16754,val,0.0268,0.9313,0.931,0.9798,0.9741,0.9541,mean,1,-1,-1,-1,-1
pathmnist,active,mc_bald,9012,pathmnist-final_active_best-mc_bald-init3p-batch3pb-epc5-budget30p-9012.pth,2103,637,21026,3.0,30.0,3.0,5,23129,cycle,24,17391,val,0.0664,0.9317,0.9315,0.9802,0.9732,0.9542,mean,1,-1,-1,-1,-1
pathmnist,active,mc_bald,9012,pathmnist-final_active_best-mc_bald-init3p-batch3pb-epc5-budget30p-9012.pth,2103,637,21026,3.0,30.0,3.0,5,23129,cycle,25,18028,val,0.0289,0.9277,0.9271,0.9799,0.9753,0.9525,mean,0,-1,-1,-1,-1
pathmnist,active,mc_bald,9012,pathmnist-final_active_best-mc_bald-init3p-batch3pb-epc5-budget30p-9012.pth,2103,637,21026,3.0,30.0,3.0,5,23129,cycle,26,18665,val,0.0285,0.9293,0.9292,0.9777,0.9694,0.9514,mean,0,-1,-1,-1,-1
pathmnist,active,mc_bald,9012,pathmnist-final_active_best-mc_bald-init3p-batch3pb-epc5-budget30p-9012.pth,2103,637,21026,3.0,30.0,3.0,5,23129,cycle,27,19302,val,0.034,0.8793,0.8774,0.9594,0.9546,0.9177,mean,0,-1,-1,-1,-1
pathmnist,active,mc_bald,9012,pathmnist-final_active_best-mc_bald-init3p-batch3pb-epc5-budget30p-9012.pth,2103,637,21026,3.0,30.0,3.0,5,23129,cycle,28,19939,val,0.023,0.9258,0.9254,0.9761,0.9658,0.9483,mean,0,-1,-1,-1,-1
pathmnist,active,mc_bald,9012,pathmnist-final_active_best-mc_bald-init3p-batch3pb-epc5-budget30p-9012.pth,2103,637,21026,3.0,30.0,3.0,5,23129,cycle,29,20576,val,0.0266,0.9093,0.9093,0.9752,0.9688,0.9406,mean,0,-1,-1,-1,-1
pathmnist,active,mc_bald,9012,pathmnist-final_active_best-mc_bald-init3p-batch3pb-epc5-budget30p-9012.pth,2103,637,21026,3.0,30.0,3.0,5,23129,cycle,30,21213,val,0.0276,0.939,0.9389,0.9842,0.9792,0.9603,mean,1,-1,-1,-1,-1
pathmnist,active,mc_bald,9012,pathmnist-final_active_best-mc_bald-init3p-batch3pb-epc5-budget30p-9012.pth,2103,637,21026,3.0,30.0,3.0,5,23129,cycle,31,21850,val,0.0235,0.9179,0.9171,0.9743,0.9702,0.9449,mean,0,-1,-1,-1,-1
pathmnist,active,mc_bald,9012,pathmnist-final_active_best-mc_bald-init3p-batch3pb-epc5-budget30p-9012.pth,2103,637,21026,3.0,30.0,3.0,5,23129,cycle,32,22487,val,0.0218,0.9321,0.932,0.9807,0.9733,0.9545,mean,0,-1,-1,-1,-1
pathmnist,active,mc_bald,9012,pathmnist-final_active_best-mc_bald-init3p-batch3pb-epc5-budget30p-9012.pth,2103,637,21026,3.0,30.0,3.0,5,23129,cycle,33,23129,val,0.0217,0.9389,0.9386,0.983,0.979,0.9599,mean,0,-1,-1,-1,-1
pathmnist,active,mc_bald,9012,pathmnist-final_active_best-mc_bald-init3p-batch3pb-epc5-budget30p-9012.pth,2103,637,21026,3.0,30.0,3.0,5,23129,final,-1,21213,test,-1,0.8828,0.875,0.9589,0.9254,,mean,-1,1805,480,3226,188
pathmnist,active,mc_bald,34895,pathmnist-final_active_best-mc_bald-init3p-batch3pb-epc5-budget30p-34895.pth,2103,637,21026,3.0,30.0,3.0,5,23129,cycle,0,2103,val,0.3083,0.8604,0.8591,0.9352,0.9153,0.8925,mean,1,-1,-1,-1,-1
pathmnist,active,mc_bald,34895,pathmnist-final_active_best-mc_bald-init3p-batch3pb-epc5-budget30p-34895.pth,2103,637,21026,3.0,30.0,3.0,5,23129,cycle,1,2740,val,0.2175,0.7723,0.7698,0.8698,0.8189,0.8077,mean,0,-1,-1,-1,-1
pathmnist,active,mc_bald,34895,pathmnist-final_active_best-mc_bald-init3p-batch3pb-epc5-budget30p-34895.pth,2103,637,21026,3.0,30.0,3.0,5,23129,cycle,2,3377,val,0.1252,0.8389,0.8389,0.9225,0.9079,0.8771,mean,0,-1,-1,-1,-1
pathmnist,active,mc_bald,34895,pathmnist-final_active_best-mc_bald-init3p-batch3pb-epc5-budget30p-34895.pth,2103,637,21026,3.0,30.0,3.0,5,23129,cycle,3,4014,val,0.1394,0.8702,0.8694,0.9417,0.9335,0.9037,mean,1,-1,-1,-1,-1
pathmnist,active,mc_bald,34895,pathmnist-final_active_best-mc_bald-init3p-batch3pb-epc5-budget30p-34895.pth,2103,637,21026,3.0,30.0,3.0,5,23129,cycle,4,4651,val,0.1064,0.8152,0.8104,0.9217,0.903,0.8626,mean,0,-1,-1,-1,-1
pathmnist,active,mc_bald,34895,pathmnist-final_active_best-mc_bald-init3p-batch3pb-epc5-budget30p-34895.pth,2103,637,21026,3.0,30.0,3.0,5,23129,cycle,5,5288,val,0.0803,0.8031,0.7997,0.8952,0.8836,0.8454,mean,0,-1,-1,-1,-1
pathmnist,active,mc_bald,34895,pathmnist-final_active_best-mc_bald-init3p-batch3pb-epc5-budget30p-34895.pth,2103,637,21026,3.0,30.0,3.0,5,23129,cycle,6,5925,val,0.07,0.8669,0.8663,0.9416,0.9264,0.9003,mean,0,-1,-1,-1,-1
pathmnist,active,mc_bald,34895,pathmnist-final_active_best-mc_bald-init3p-batch3pb-epc5-budget30p-34895.pth,2103,637,21026,3.0,30.0,3.0,5,23129,cycle,7,6562,val,0.0699,0.8506,0.8503,0.9444,0.9273,0.8931,mean,0,-1,-1,-1,-1
pathmnist,active,mc_bald,34895,pathmnist-final_active_best-mc_bald-init3p-batch3pb-epc5-budget30p-34895.pth,2103,637,21026,3.0,30.0,3.0,5,23129,cycle,8,7199,val,0.0602,0.8618,0.8585,0.9514,0.9398,0.9028,mean,0,-1,-1,-1,-1
pathmnist,active,mc_bald,34895,pathmnist-final_active_best-mc_bald-init3p-batch3pb-epc5-budget30p-34895.pth,2103,637,21026,3.0,30.0,3.0,5,23129,cycle,9,7836,val,0.0536,0.8774,0.8755,0.9561,0.9483,0.9143,mean,1,-1,-1,-1,-1
pathmnist,active,mc_bald,34895,pathmnist-final_active_best-mc_bald-init3p-batch3pb-epc5-budget30p-34895.pth,2103,637,21026,3.0,30.0,3.0,5,23129,cycle,10,8473,val,0.0567,0.891,0.891,0.9641,0.9527,0.9247,mean,1,-1,-1,-1,-1
pathmnist,active,mc_bald,34895,pathmnist-final_active_best-mc_bald-init3p-batch3pb-epc5-budget30p-34895.pth,2103,637,21026,3.0,30.0,3.0,5,23129,cycle,11,9110,val,0.0775,0.9005,0.9001,0.9637,0.9578,0.9305,mean,1,-1,-1,-1,-1
pathmnist,active,mc_bald,34895,pathmnist-final_active_best-mc_bald-init3p-batch3pb-epc5-budget30p-34895.pth,2103,637,21026,3.0,30.0,3.0,5,23129,cycle,12,9747,val,0.0467,0.8244,0.8224,0.9009,0.883,0.8577,mean,0,-1,-1,-1,-1
pathmnist,active,mc_bald,34895,pathmnist-final_active_best-mc_bald-init3p-batch3pb-epc5-budget30p-34895.pth,2103,637,21026,3.0,30.0,3.0,5,23129,cycle,13,10384,val,0.0366,0.891,0.8894,0.962,0.9556,0.9245,mean,0,-1,-1,-1,-1
pathmnist,active,mc_bald,34895,pathmnist-final_active_best-mc_bald-init3p-batch3pb-epc5-budget30p-34895.pth,2103,637,21026,3.0,30.0,3.0,5,23129,cycle,14,11021,val,0.0442,0.8959,0.8954,0.9555,0.9489,0.9239,mean,0,-1,-1,-1,-1
pathmnist,active,mc_bald,34895,pathmnist-final_active_best-mc_bald-init3p-batch3pb-epc5-budget30p-34895.pth,2103,637,21026,3.0,30.0,3.0,5,23129,cycle,15,11658,val,0.0358,0.8888,0.8888,0.9666,0.9581,0.9256,mean,0,-1,-1,-1,-1
pathmnist,active,mc_bald,34895,pathmnist-final_active_best-mc_bald-init3p-batch3pb-epc5-budget30p-34895.pth,2103,637,21026,3.0,30.0,3.0,5,23129,cycle,16,12295,val,0.0384,0.7914,0.7849,0.8508,0.8575,0.8212,mean,0,-1,-1,-1,-1
pathmnist,active,mc_bald,34895,pathmnist-final_active_best-mc_bald-init3p-batch3pb-epc5-budget30p-34895.pth,2103,637,21026,3.0,30.0,3.0,5,23129,cycle,17,12932,val,0.1944,0.925,0.9247,0.9773,0.974,0.9503,mean,1,-1,-1,-1,-1
pathmnist,active,mc_bald,34895,pathmnist-final_active_best-mc_bald-init3p-batch3pb-epc5-budget30p-34895.pth,2103,637,21026,3.0,30.0,3.0,5,23129,cycle,18,13569,val,0.0353,0.9271,0.9268,0.9775,0.9715,0.9507,mean,1,-1,-1,-1,-1
pathmnist,active,mc_bald,34895,pathmnist-final_active_best-mc_bald-init3p-batch3pb-epc5-budget30p-34895.pth,2103,637,21026,3.0,30.0,3.0,5,23129,cycle,19,14206,val,0.0329,0.8729,0.8696,0.9589,0.9552,0.9141,mean,0,-1,-1,-1,-1
pathmnist,active,mc_bald,34895,pathmnist-final_active_best-mc_bald-init3p-batch3pb-epc5-budget30p-34895.pth,2103,637,21026,3.0,30.0,3.0,5,23129,cycle,20,14843,val,0.0286,0.8648,0.8634,0.939,0.9249,0.898,mean,0,-1,-1,-1,-1
pathmnist,active,mc_bald,34895,pathmnist-final_active_best-mc_bald-init3p-batch3pb-epc5-budget30p-34895.pth,2103,637,21026,3.0,30.0,3.0,5,23129,cycle,21,15480,val,0.0551,0.9238,0.9233,0.9757,0.9698,0.9481,mean,0,-1,-1,-1,-1
pathmnist,active,mc_bald,34895,pathmnist-final_active_best-mc_bald-init3p-batch3pb-epc5-budget30p-34895.pth,2103,637,21026,3.0,30.0,3.0,5,23129,cycle,22,16117,val,0.0295,0.8937,0.8919,0.963,0.959,0.9269,mean,0,-1,-1,-1,-1
pathmnist,active,mc_bald,34895,pathmnist-final_active_best-mc_bald-init3p-batch3pb-epc5-budget30p-34895.pth,2103,637,21026,3.0,30.0,3.0,5,23129,cycle,23,16754,val,0.0262,0.8551,0.8551,0.9278,0.8888,0.8817,mean,0,-1,-1,-1,-1
pathmnist,active,mc_bald,34895,pathmnist-final_active_best-mc_bald-init3p-batch3pb-epc5-budget30p-34895.pth,2103,637,21026,3.0,30.0,3.0,5,23129,cycle,24,17391,val,0.0249,0.8795,0.8788,0.9429,0.9385,0.9099,mean,0,-1,-1,-1,-1
pathmnist,active,mc_bald,34895,pathmnist-final_active_best-mc_bald-init3p-batch3pb-epc5-budget30p-34895.pth,2103,637,21026,3.0,30.0,3.0,5,23129,cycle,25,18028,val,0.0259,0.8583,0.8565,0.9333,0.9226,0.8927,mean,0,-1,-1,-1,-1
pathmnist,active,mc_bald,34895,pathmnist-final_active_best-mc_bald-init3p-batch3pb-epc5-budget30p-34895.pth,2103,637,21026,3.0,30.0,3.0,5,23129,cycle,26,18665,val,0.0219,0.7628,0.7445,0.9008,0.8938,0.8255,mean,0,-1,-1,-1,-1
pathmnist,active,mc_bald,34895,pathmnist-final_active_best-mc_bald-init3p-batch3pb-epc5-budget30p-34895.pth,2103,637,21026,3.0,30.0,3.0,5,23129,cycle,27,19302,val,0.1001,0.9371,0.9369,0.9809,0.9748,0.9574,mean,1,-1,-1,-1,-1
pathmnist,active,mc_bald,34895,pathmnist-final_active_best-mc_bald-init3p-batch3pb-epc5-budget30p-34895.pth,2103,637,21026,3.0,30.0,3.0,5,23129,cycle,28,19939,val,0.0191,0.9017,0.9004,0.9688,0.9632,0.9335,mean,0,-1,-1,-1,-1
pathmnist,active,mc_bald,34895,pathmnist-final_active_best-mc_bald-init3p-batch3pb-epc5-budget30p-34895.pth,2103,637,21026,3.0,30.0,3.0,5,23129,cycle,29,20576,val,0.0217,0.9356,0.9354,0.9812,0.9761,0.9571,mean,0,-1,-1,-1,-1
pathmnist,active,mc_bald,34895,pathmnist-final_active_best-mc_bald-init3p-batch3pb-epc5-budget30p-34895.pth,2103,637,21026,3.0,30.0,3.0,5,23129,cycle,30,21213,val,0.0277,0.9032,0.9032,0.9669,0.9492,0.9306,mean,0,-1,-1,-1,-1
pathmnist,active,mc_bald,34895,pathmnist-final_active_best-mc_bald-init3p-batch3pb-epc5-budget30p-34895.pth,2103,637,21026,3.0,30.0,3.0,5,23129,cycle,31,21850,val,0.021,0.9304,0.9301,0.9764,0.969,0.9515,mean,0,-1,-1,-1,-1
pathmnist,active,mc_bald,34895,pathmnist-final_active_best-mc_bald-init3p-batch3pb-epc5-budget30p-34895.pth,2103,637,21026,3.0,30.0,3.0,5,23129,cycle,32,22487,val,0.0259,0.8226,0.8212,0.8945,0.875,0.8533,mean,0,-1,-1,-1,-1
pathmnist,active,mc_bald,34895,pathmnist-final_active_best-mc_bald-init3p-batch3pb-epc5-budget30p-34895.pth,2103,637,21026,3.0,30.0,3.0,5,23129,cycle,33,23129,val,0.0175,0.9268,0.9267,0.9761,0.9679,0.9494,mean,0,-1,-1,-1,-1
pathmnist,active,mc_bald,34895,pathmnist-final_active_best-mc_bald-init3p-batch3pb-epc5-budget30p-34895.pth,2103,637,21026,3.0,30.0,3.0,5,23129,final,-1,19302,test,-1,0.8737,0.8664,0.9399,0.8731,,mean,-1,1827,554,3152,166
pathmnist,active,mc_bald,148932,pathmnist-final_active_best-mc_bald-init3p-batch3pb-epc5-budget30p-148932.pth,2103,637,21026,3.0,30.0,3.0,5,23129,cycle,0,2103,val,0.3286,0.7038,0.6703,0.8885,0.8641,0.7817,mean,1,-1,-1,-1,-1
pathmnist,active,mc_bald,148932,pathmnist-final_active_best-mc_bald-init3p-batch3pb-epc5-budget30p-148932.pth,2103,637,21026,3.0,30.0,3.0,5,23129,cycle,1,2740,val,0.1832,0.5963,0.5132,0.709,0.6682,0.6217,mean,0,-1,-1,-1,-1
pathmnist,active,mc_bald,148932,pathmnist-final_active_best-mc_bald-init3p-batch3pb-epc5-budget30p-148932.pth,2103,637,21026,3.0,30.0,3.0,5,23129,cycle,2,3377,val,0.1303,0.8614,0.8611,0.9323,0.9202,0.8938,mean,1,-1,-1,-1,-1
pathmnist,active,mc_bald,148932,pathmnist-final_active_best-mc_bald-init3p-batch3pb-epc5-budget30p-148932.pth,2103,637,21026,3.0,30.0,3.0,5,23129,cycle,3,4014,val,0.1187,0.8281,0.8276,0.9299,0.9138,0.8749,mean,0,-1,-1,-1,-1
pathmnist,active,mc_bald,148932,pathmnist-final_active_best-mc_bald-init3p-batch3pb-epc5-budget30p-148932.pth,2103,637,21026,3.0,30.0,3.0,5,23129,cycle,4,4651,val,0.103,0.8387,0.8386,0.9169,0.896,0.8726,mean,0,-1,-1,-1,-1
pathmnist,active,mc_bald,148932,pathmnist-final_active_best-mc_bald-init3p-batch3pb-epc5-budget30p-148932.pth,2103,637,21026,3.0,30.0,3.0,5,23129,cycle,5,5288,val,0.0892,0.8691,0.8691,0.9409,0.9189,0.8995,mean,1,-1,-1,-1,-1
pathmnist,active,mc_bald,148932,pathmnist-final_active_best-mc_bald-init3p-batch3pb-epc5-budget30p-148932.pth,2103,637,21026,3.0,30.0,3.0,5,23129,cycle,6,5925,val,0.0825,0.8763,0.875,0.9519,0.9443,0.9119,mean,1,-1,-1,-1,-1
pathmnist,active,mc_bald,148932,pathmnist-final_active_best-mc_bald-init3p-batch3pb-epc5-budget30p-148932.pth,2103,637,21026,3.0,30.0,3.0,5,23129,cycle,7,6562,val,0.0765,0.8833,0.8829,0.9548,0.9469,0.917,mean,1,-1,-1,-1,-1
pathmnist,active,mc_bald,148932,pathmnist-final_active_best-mc_bald-init3p-batch3pb-epc5-budget30p-148932.pth,2103,637,21026,3.0,30.0,3.0,5,23129,cycle,8,7199,val,0.0715,0.8926,0.8926,0.9675,0.9584,0.9278,mean,1,-1,-1,-1,-1
pathmnist,active,mc_bald,148932,pathmnist-final_active_best-mc_bald-init3p-batch3pb-epc5-budget30p-148932.pth,2103,637,21026,3.0,30.0,3.0,5,23129,cycle,9,7836,val,0.0586,0.8489,0.8474,0.9254,0.9192,0.8852,mean,0,-1,-1,-1,-1
pathmnist,active,mc_bald,148932,pathmnist-final_active_best-mc_bald-init3p-batch3pb-epc5-budget30p-148932.pth,2103,637,21026,3.0,30.0,3.0,5,23129,cycle,10,8473,val,0.0467,0.8897,0.8886,0.9619,0.9507,0.9227,mean,0,-1,-1,-1,-1
pathmnist,active,mc_bald,148932,pathmnist-final_active_best-mc_bald-init3p-batch3pb-epc5-budget30p-148932.pth,2103,637,21026,3.0,30.0,3.0,5,23129,cycle,11,9110,val,0.0486,0.9143,0.9142,0.9702,0.962,0.9401,mean,1,-1,-1,-1,-1
pathmnist,active,mc_bald,148932,pathmnist-final_active_best-mc_bald-init3p-batch3pb-epc5-budget30p-148932.pth,2103,637,21026,3.0,30.0,3.0,5,23129,cycle,12,9747,val,0.0498,0.9119,0.9113,0.9713,0.964,0.9396,mean,0,-1,-1,-1,-1
pathmnist,active,mc_bald,148932,pathmnist-final_active_best-mc_bald-init3p-batch3pb-epc5-budget30p-148932.pth,2103,637,21026,3.0,30.0,3.0,5,23129,cycle,13,10384,val,0.0481,0.8945,0.8943,0.9587,0.9496,0.9243,mean,0,-1,-1,-1,-1
pathmnist,active,mc_bald,148932,pathmnist-final_active_best-mc_bald-init3p-batch3pb-epc5-budget30p-148932.pth,2103,637,21026,3.0,30.0,3.0,5,23129,cycle,14,11021,val,0.0498,0.5504,0.387,0.864,0.8298,0.6578,mean,0,-1,-1,-1,-1
pathmnist,active,mc_bald,148932,pathmnist-final_active_best-mc_bald-init3p-batch3pb-epc5-budget30p-148932.pth,2103,637,21026,3.0,30.0,3.0,5,23129,cycle,15,11658,val,0.1154,0.8302,0.8282,0.9117,0.9014,0.8679,mean,0,-1,-1,-1,-1
pathmnist,active,mc_bald,148932,pathmnist-final_active_best-mc_bald-init3p-batch3pb-epc5-budget30p-148932.pth,2103,637,21026,3.0,30.0,3.0,5,23129,cycle,16,12295,val,0.0257,0.9146,0.9143,0.968,0.9549,0.9379,mean,0,-1,-1,-1,-1
pathmnist,active,mc_bald,148932,pathmnist-final_active_best-mc_bald-init3p-batch3pb-epc5-budget30p-148932.pth,2103,637,21026,3.0,30.0,3.0,5,23129,cycle,17,12932,val,0.0331,0.9238,0.9234,0.976,0.9699,0.9483,mean,1,-1,-1,-1,-1
pathmnist,active,mc_bald,148932,pathmnist-final_active_best-mc_bald-init3p-batch3pb-epc5-budget30p-148932.pth,2103,637,21026,3.0,30.0,3.0,5,23129,cycle,18,13569,val,0.0341,0.9048,0.9039,0.9673,0.9613,0.9343,mean,0,-1,-1,-1,-1
pathmnist,active,mc_bald,148932,pathmnist-final_active_best-mc_bald-init3p-batch3pb-epc5-budget30p-148932.pth,2103,637,21026,3.0,30.0,3.0,5,23129,cycle,19,14206,val,0.0334,0.9073,0.9067,0.9659,0.957,0.9342,mean,0,-1,-1,-1,-1
pathmnist,active,mc_bald,148932,pathmnist-final_active_best-mc_bald-init3p-batch3pb-epc5-budget30p-148932.pth,2103,637,21026,3.0,30.0,3.0,5,23129,cycle,20,14843,val,0.0332,0.9072,0.9072,0.9696,0.9609,0.9362,mean,0,-1,-1,-1,-1
pathmnist,active,mc_bald,148932,pathmnist-final_active_best-mc_bald-init3p-batch3pb-epc5-budget30p-148932.pth,2103,637,21026,3.0,30.0,3.0,5,23129,cycle,21,15480,val,0.0278,0.8772,0.8771,0.9469,0.9268,0.907,mean,0,-1,-1,-1,-1
pathmnist,active,mc_bald,148932,pathmnist-final_active_best-mc_bald-init3p-batch3pb-epc5-budget30p-148932.pth,2103,637,21026,3.0,30.0,3.0,5,23129,cycle,22,16117,val,0.0244,0.9222,0.9218,0.9756,0.97,0.9474,mean,0,-1,-1,-1,-1
pathmnist,active,mc_bald,148932,pathmnist-final_active_best-mc_bald-init3p-batch3pb-epc5-budget30p-148932.pth,2103,637,21026,3.0,30.0,3.0,5,23129,cycle,23,16754,val,0.0385,0.7922,0.7863,0.9008,0.8132,0.8231,mean,0,-1,-1,-1,-1
pathmnist,active,mc_bald,148932,pathmnist-final_active_best-mc_bald-init3p-batch3pb-epc5-budget30p-148932.pth,2103,637,21026,3.0,30.0,3.0,5,23129,cycle,24,17391,val,0.0423,0.9335,0.9333,0.9809,0.9755,0.9558,mean,1,-1,-1,-1,-1
pathmnist,active,mc_bald,148932,pathmnist-final_active_best-mc_bald-init3p-batch3pb-epc5-budget30p-148932.pth,2103,637,21026,3.0,30.0,3.0,5,23129,cycle,25,18028,val,0.0241,0.9265,0.9262,0.9777,0.9711,0.9504,mean,0,-1,-1,-1,-1
pathmnist,active,mc_bald,148932,pathmnist-final_active_best-mc_bald-init3p-batch3pb-epc5-budget30p-148932.pth,2103,637,21026,3.0,30.0,3.0,5,23129,cycle,26,18665,val,0.0262,0.8528,0.8484,0.948,0.9432,0.8981,mean,0,-1,-1,-1,-1
pathmnist,active,mc_bald,148932,pathmnist-final_active_best-mc_bald-init3p-batch3pb-epc5-budget30p-148932.pth,2103,637,21026,3.0,30.0,3.0,5,23129,cycle,27,19302,val,0.0227,0.876,0.876,0.9634,0.9543,0.9174,mean,0,-1,-1,-1,-1
pathmnist,active,mc_bald,148932,pathmnist-final_active_best-mc_bald-init3p-batch3pb-epc5-budget30p-148932.pth,2103,637,21026,3.0,30.0,3.0,5,23129,cycle,28,19939,val,0.0203,0.8487,0.8437,0.9473,0.9392,0.8947,mean,0,-1,-1,-1,-1
pathmnist,active,mc_bald,148932,pathmnist-final_active_best-mc_bald-init3p-batch3pb-epc5-budget30p-148932.pth,2103,637,21026,3.0,30.0,3.0,5,23129,cycle,29,20576,val,0.0183,0.9329,0.9324,0.9835,0.9804,0.9573,mean,1,-1,-1,-1,-1
pathmnist,active,mc_bald,148932,pathmnist-final_active_best-mc_bald-init3p-batch3pb-epc5-budget30p-148932.pth,2103,637,21026,3.0,30.0,3.0,5,23129,cycle,30,21213,val,0.0242,0.8632,0.8603,0.9516,0.9435,0.9046,mean,0,-1,-1,-1,-1
pathmnist,active,mc_bald,148932,pathmnist-final_active_best-mc_bald-init3p-batch3pb-epc5-budget30p-148932.pth,2103,637,21026,3.0,30.0,3.0,5,23129,cycle,31,21850,val,0.019,0.9176,0.9171,0.9719,0.9661,0.9432,mean,0,-1,-1,-1,-1
pathmnist,active,mc_bald,148932,pathmnist-final_active_best-mc_bald-init3p-batch3pb-epc5-budget30p-148932.pth,2103,637,21026,3.0,30.0,3.0,5,23129,cycle,32,22487,val,0.0173,0.9411,0.9408,0.9847,0.9811,0.9619,mean,1,-1,-1,-1,-1
pathmnist,active,mc_bald,148932,pathmnist-final_active_best-mc_bald-init3p-batch3pb-epc5-budget30p-148932.pth,2103,637,21026,3.0,30.0,3.0,5,23129,cycle,33,23129,val,0.0235,0.8815,0.8815,0.9567,0.9483,0.917,mean,0,-1,-1,-1,-1
pathmnist,active,mc_bald,148932,pathmnist-final_active_best-mc_bald-init3p-batch3pb-epc5-budget30p-148932.pth,2103,637,21026,3.0,30.0,3.0,5,23129,final,-1,22487,test,-1,0.9123,0.9052,0.964,0.9465,,mean,-1,1822,329,3377,171
pathmnist,active,entropy_diverse,17,pathmnist-final_active_best-entropy_diverse-init3p-batch3pb-epc5-budget30p-17.pth,2103,637,21026,3.0,30.0,3.0,5,23129,cycle,0,2103,val,0.3685,0.7682,0.7615,0.873,0.8402,0.8108,mean,1,-1,-1,-1,-1
pathmnist,active,entropy_diverse,17,pathmnist-final_active_best-entropy_diverse-init3p-batch3pb-epc5-budget30p-17.pth,2103,637,21026,3.0,30.0,3.0,5,23129,cycle,1,2740,val,0.2184,0.8037,0.8034,0.8749,0.8205,0.8256,mean,1,-1,-1,-1,-1
pathmnist,active,entropy_diverse,17,pathmnist-final_active_best-entropy_diverse-init3p-batch3pb-epc5-budget30p-17.pth,2103,637,21026,3.0,30.0,3.0,5,23129,cycle,2,3377,val,0.1473,0.7876,0.7786,0.8946,0.8607,0.8304,mean,1,-1,-1,-1,-1
pathmnist,active,entropy_diverse,17,pathmnist-final_active_best-entropy_diverse-init3p-batch3pb-epc5-budget30p-17.pth,2103,637,21026,3.0,30.0,3.0,5,23129,cycle,3,4014,val,0.1105,0.8806,0.8803,0.951,0.9382,0.9125,mean,1,-1,-1,-1,-1
pathmnist,active,entropy_diverse,17,pathmnist-final_active_best-entropy_diverse-init3p-batch3pb-epc5-budget30p-17.pth,2103,637,21026,3.0,30.0,3.0,5,23129,cycle,4,4651,val,0.1077,0.8673,0.8669,0.9417,0.9208,0.8991,mean,0,-1,-1,-1,-1
pathmnist,active,entropy_diverse,17,pathmnist-final_active_best-entropy_diverse-init3p-batch3pb-epc5-budget30p-17.pth,2103,637,21026,3.0,30.0,3.0,5,23129,cycle,5,5288,val,0.0944,0.8496,0.8452,0.9519,0.9416,0.8971,mean,0,-1,-1,-1,-1
pathmnist,active,entropy_diverse,17,pathmnist-final_active_best-entropy_diverse-init3p-batch3pb-epc5-budget30p-17.pth,2103,637,21026,3.0,30.0,3.0,5,23129,cycle,6,5925,val,0.0837,0.7845,0.7844,0.8742,0.8602,0.8258,mean,0,-1,-1,-1,-1
pathmnist,active,entropy_diverse,17,pathmnist-final_active_best-entropy_diverse-init3p-batch3pb-epc5-budget30p-17.pth,2103,637,21026,3.0,30.0,3.0,5,23129,cycle,7,6562,val,0.0686,0.8439,0.8429,0.917,0.9024,0.8765,mean,0,-1,-1,-1,-1
pathmnist,active,entropy_diverse,17,pathmnist-final_active_best-entropy_diverse-init3p-batch3pb-epc5-budget30p-17.pth,2103,637,21026,3.0,30.0,3.0,5,23129,cycle,8,7199,val,0.0599,0.8707,0.8696,0.9469,0.9256,0.9032,mean,0,-1,-1,-1,-1
pathmnist,active,entropy_diverse,17,pathmnist-final_active_best-entropy_diverse-init3p-batch3pb-epc5-budget30p-17.pth,2103,637,21026,3.0,30.0,3.0,5,23129,cycle,9,7836,val,0.0564,0.9064,0.9059,0.9674,0.9607,0.9351,mean,1,-1,-1,-1,-1
pathmnist,active,entropy_diverse,17,pathmnist-final_active_best-entropy_diverse-init3p-batch3pb-epc5-budget30p-17.pth,2103,637,21026,3.0,30.0,3.0,5,23129,cycle,10,8473,val,0.0602,0.9018,0.9017,0.9634,0.9515,0.9296,mean,0,-1,-1,-1,-1
pathmnist,active,entropy_diverse,17,pathmnist-final_active_best-entropy_diverse-init3p-batch3pb-epc5-budget30p-17.pth,2103,637,21026,3.0,30.0,3.0,5,23129,cycle,11,9110,val,0.0507,0.884,0.8839,0.9566,0.9436,0.917,mean,0,-1,-1,-1,-1
pathmnist,active,entropy_diverse,17,pathmnist-final_active_best-entropy_diverse-init3p-batch3pb-epc5-budget30p-17.pth,2103,637,21026,3.0,30.0,3.0,5,23129,cycle,12,9747,val,0.0484,0.8723,0.8722,0.9483,0.9358,0.9072,mean,0,-1,-1,-1,-1
pathmnist,active,entropy_diverse,17,pathmnist-final_active_best-entropy_diverse-init3p-batch3pb-epc5-budget30p-17.pth,2103,637,21026,3.0,30.0,3.0,5,23129,cycle,13,10384,val,0.0484,0.896,0.8956,0.9608,0.9497,0.9255,mean,0,-1,-1,-1,-1
pathmnist,active,entropy_diverse,17,pathmnist-final_active_best-entropy_diverse-init3p-batch3pb-epc5-budget30p-17.pth,2103,637,21026,3.0,30.0,3.0,5,23129,cycle,14,11021,val,0.0486,0.9166,0.9158,0.9737,0.9699,0.944,mean,1,-1,-1,-1,-1
pathmnist,active,entropy_diverse,17,pathmnist-final_active_best-entropy_diverse-init3p-batch3pb-epc5-budget30p-17.pth,2103,637,21026,3.0,30.0,3.0,5,23129,cycle,15,11658,val,0.0392,0.798,0.7975,0.8776,0.8573,0.8326,mean,0,-1,-1,-1,-1
pathmnist,active,entropy_diverse,17,pathmnist-final_active_best-entropy_diverse-init3p-batch3pb-epc5-budget30p-17.pth,2103,637,21026,3.0,30.0,3.0,5,23129,cycle,16,12295,val,0.0406,0.9087,0.9087,0.9694,0.9621,0.9372,mean,0,-1,-1,-1,-1
pathmnist,active,entropy_diverse,17,pathmnist-final_active_best-entropy_diverse-init3p-batch3pb-epc5-budget30p-17.pth,2103,637,21026,3.0,30.0,3.0,5,23129,cycle,17,12932,val,0.0364,0.857,0.8529,0.9552,0.949,0.9035,mean,0,-1,-1,-1,-1
pathmnist,active,entropy_diverse,17,pathmnist-final_active_best-entropy_diverse-init3p-batch3pb-epc5-budget30p-17.pth,2103,637,21026,3.0,30.0,3.0,5,23129,cycle,18,13569,val,0.0389,0.5442,0.3835,0.6442,0.5966,0.5421,mean,0,-1,-1,-1,-1
pathmnist,active,entropy_diverse,17,pathmnist-final_active_best-entropy_diverse-init3p-batch3pb-epc5-budget30p-17.pth,2103,637,21026,3.0,30.0,3.0,5,23129,cycle,19,14206,val,0.1641,0.9261,0.9257,0.9753,0.9717,0.9497,mean,1,-1,-1,-1,-1
pathmnist,active,entropy_diverse,17,pathmnist-final_active_best-entropy_diverse-init3p-batch3pb-epc5-budget30p-17.pth,2103,637,21026,3.0,30.0,3.0,5,23129,cycle,20,14843,val,0.03,0.9159,0.9156,0.9699,0.9654,0.9417,mean,0,-1,-1,-1,-1
pathmnist,active,entropy_diverse,17,pathmnist-final_active_best-entropy_diverse-init3p-batch3pb-epc5-budget30p-17.pth,2103,637,21026,3.0,30.0,3.0,5,23129,cycle,21,15480,val,0.0278,0.86,0.8583,0.9388,0.9245,0.8954,mean,0,-1,-1,-1,-1
pathmnist,active,entropy_diverse,17,pathmnist-final_active_best-entropy_diverse-init3p-batch3pb-epc5-budget30p-17.pth,2103,637,21026,3.0,30.0,3.0,5,23129,cycle,22,16117,val,0.0329,0.8928,0.8928,0.9638,0.9562,0.9264,mean,0,-1,-1,-1,-1
pathmnist,active,entropy_diverse,17,pathmnist-final_active_best-entropy_diverse-init3p-batch3pb-epc5-budget30p-17.pth,2103,637,21026,3.0,30.0,3.0,5,23129,cycle,23,16754,val,0.0249,0.8067,0.7997,0.8968,0.8853,0.8471,mean,0,-1,-1,-1,-1
pathmnist,active,entropy_diverse,17,pathmnist-final_active_best-entropy_diverse-init3p-batch3pb-epc5-budget30p-17.pth,2103,637,21026,3.0,30.0,3.0,5,23129,cycle,24,17391,val,0.0303,0.9279,0.9275,0.9804,0.9765,0.9531,mean,1,-1,-1,-1,-1
pathmnist,active,entropy_diverse,17,pathmnist-final_active_best-entropy_diverse-init3p-batch3pb-epc5-budget30p-17.pth,2103,637,21026,3.0,30.0,3.0,5,23129,cycle,25,18028,val,0.0256,0.9122,0.9119,0.9716,0.966,0.9404,mean,0,-1,-1,-1,-1
pathmnist,active,entropy_diverse,17,pathmnist-final_active_best-entropy_diverse-init3p-batch3pb-epc5-budget30p-17.pth,2103,637,21026,3.0,30.0,3.0,5,23129,cycle,26,18665,val,0.025,0.8837,0.8817,0.9634,0.9578,0.9217,mean,0,-1,-1,-1,-1
pathmnist,active,entropy_diverse,17,pathmnist-final_active_best-entropy_diverse-init3p-batch3pb-epc5-budget30p-17.pth,2103,637,21026,3.0,30.0,3.0,5,23129,cycle,27,19302,val,0.0254,0.9205,0.9201,0.9749,0.97,0.9464,mean,0,-1,-1,-1,-1
pathmnist,active,entropy_diverse,17,pathmnist-final_active_best-entropy_diverse-init3p-batch3pb-epc5-budget30p-17.pth,2103,637,21026,3.0,30.0,3.0,5,23129,cycle,28,19939,val,0.0241,0.8799,0.8774,0.961,0.9552,0.9184,mean,0,-1,-1,-1,-1
pathmnist,active,entropy_diverse,17,pathmnist-final_active_best-entropy_diverse-init3p-batch3pb-epc5-budget30p-17.pth,2103,637,21026,3.0,30.0,3.0,5,23129,cycle,29,20576,val,0.0222,0.9329,0.9325,0.9816,0.9762,0.9558,mean,1,-1,-1,-1,-1
pathmnist,active,entropy_diverse,17,pathmnist-final_active_best-entropy_diverse-init3p-batch3pb-epc5-budget30p-17.pth,2103,637,21026,3.0,30.0,3.0,5,23129,cycle,30,21213,val,0.0212,0.8892,0.8892,0.9585,0.9424,0.9198,mean,0,-1,-1,-1,-1
pathmnist,active,entropy_diverse,17,pathmnist-final_active_best-entropy_diverse-init3p-batch3pb-epc5-budget30p-17.pth,2103,637,21026,3.0,30.0,3.0,5,23129,cycle,31,21850,val,0.0184,0.9367,0.9364,0.9838,0.9795,0.9591,mean,1,-1,-1,-1,-1
pathmnist,active,entropy_diverse,17,pathmnist-final_active_best-entropy_diverse-init3p-batch3pb-epc5-budget30p-17.pth,2103,637,21026,3.0,30.0,3.0,5,23129,cycle,32,22487,val,0.0206,0.918,0.9178,0.9733,0.9654,0.9436,mean,0,-1,-1,-1,-1
pathmnist,active,entropy_diverse,17,pathmnist-final_active_best-entropy_diverse-init3p-batch3pb-epc5-budget30p-17.pth,2103,637,21026,3.0,30.0,3.0,5,23129,cycle,33,23129,val,0.0183,0.9288,0.9286,0.978,0.9688,0.951,mean,0,-1,-1,-1,-1
pathmnist,active,entropy_diverse,17,pathmnist-final_active_best-entropy_diverse-init3p-batch3pb-epc5-budget30p-17.pth,2103,637,21026,3.0,30.0,3.0,5,23129,final,-1,21850,test,-1,0.9026,0.8958,0.9597,0.913,,mean,-1,1844,406,3300,149
pathmnist,active,entropy_diverse,246,pathmnist-final_active_best-entropy_diverse-init3p-batch3pb-epc5-budget30p-246.pth,2103,637,21026,3.0,30.0,3.0,5,23129,cycle,0,2103,val,0.335,0.8075,0.8016,0.9119,0.8971,0.8545,mean,1,-1,-1,-1,-1
pathmnist,active,entropy_diverse,246,pathmnist-final_active_best-entropy_diverse-init3p-batch3pb-epc5-budget30p-246.pth,2103,637,21026,3.0,30.0,3.0,5,23129,cycle,1,2740,val,0.1888,0.7934,0.7876,0.8821,0.8797,0.8357,mean,0,-1,-1,-1,-1
pathmnist,active,entropy_diverse,246,pathmnist-final_active_best-entropy_diverse-init3p-batch3pb-epc5-budget30p-246.pth,2103,637,21026,3.0,30.0,3.0,5,23129,cycle,2,3377,val,0.1395,0.7677,0.7646,0.8529,0.8375,0.8057,mean,0,-1,-1,-1,-1
pathmnist,active,entropy_diverse,246,pathmnist-final_active_best-entropy_diverse-init3p-batch3pb-epc5-budget30p-246.pth,2103,637,21026,3.0,30.0,3.0,5,23129,cycle,3,4014,val,0.1159,0.8602,0.8574,0.9482,0.9404,0.9016,mean,1,-1,-1,-1,-1
pathmnist,active,entropy_diverse,246,pathmnist-final_active_best-entropy_diverse-init3p-batch3pb-epc5-budget30p-246.pth,2103,637,21026,3.0,30.0,3.0,5,23129,cycle,4,4651,val,0.1068,0.8113,0.8113,0.9084,0.8935,0.8561,mean,0,-1,-1,-1,-1
pathmnist,active,entropy_diverse,246,pathmnist-final_active_best-entropy_diverse-init3p-batch3pb-epc5-budget30p-246.pth,2103,637,21026,3.0,30.0,3.0,5,23129,cycle,5,5288,val,0.0751,0.8448,0.8416,0.9369,0.9246,0.887,mean,0,-1,-1,-1,-1
pathmnist,active,entropy_diverse,246,pathmnist-final_active_best-entropy_diverse-init3p-batch3pb-epc5-budget30p-246.pth,2103,637,21026,3.0,30.0,3.0,5,23129,cycle,6,5925,val,0.0712,0.8618,0.859,0.9444,0.9306,0.8989,mean,0,-1,-1,-1,-1
pathmnist,active,entropy_diverse,246,pathmnist-final_active_best-entropy_diverse-init3p-batch3pb-epc5-budget30p-246.pth,2103,637,21026,3.0,30.0,3.0,5,23129,cycle,7,6562,val,0.0653,0.8942,0.8934,0.9615,0.9559,0.9263,mean,1,-1,-1,-1,-1
pathmnist,active,entropy_diverse,246,pathmnist-final_active_best-entropy_diverse-init3p-batch3pb-epc5-budget30p-246.pth,2103,637,21026,3.0,30.0,3.0,5,23129,cycle,8,7199,val,0.0692,0.8633,0.8607,0.9511,0.9423,0.9044,mean,0,-1,-1,-1,-1
pathmnist,active,entropy_diverse,246,pathmnist-final_active_best-entropy_diverse-init3p-batch3pb-epc5-budget30p-246.pth,2103,637,21026,3.0,30.0,3.0,5,23129,cycle,9,7836,val,0.1036,0.7853,0.7774,0.8748,0.872,0.8273,mean,0,-1,-1,-1,-1
pathmnist,active,entropy_diverse,246,pathmnist-final_active_best-entropy_diverse-init3p-batch3pb-epc5-budget30p-246.pth,2103,637,21026,3.0,30.0,3.0,5,23129,cycle,10,8473,val,0.046,0.8879,0.8879,0.9576,0.9454,0.9197,mean,0,-1,-1,-1,-1
pathmnist,active,entropy_diverse,246,pathmnist-final_active_best-entropy_diverse-init3p-batch3pb-epc5-budget30p-246.pth,2103,637,21026,3.0,30.0,3.0,5,23129,cycle,11,9110,val,0.0488,0.8668,0.8666,0.9376,0.9151,0.8965,mean,0,-1,-1,-1,-1
pathmnist,active,entropy_diverse,246,pathmnist-final_active_best-entropy_diverse-init3p-batch3pb-epc5-budget30p-246.pth,2103,637,21026,3.0,30.0,3.0,5,23129,cycle,12,9747,val,0.0443,0.9091,0.9089,0.9684,0.9588,0.9363,mean,1,-1,-1,-1,-1
pathmnist,active,entropy_diverse,246,pathmnist-final_active_best-entropy_diverse-init3p-batch3pb-epc5-budget30p-246.pth,2103,637,21026,3.0,30.0,3.0,5,23129,cycle,13,10384,val,0.0566,0.8976,0.8975,0.96,0.9472,0.9256,mean,0,-1,-1,-1,-1
pathmnist,active,entropy_diverse,246,pathmnist-final_active_best-entropy_diverse-init3p-batch3pb-epc5-budget30p-246.pth,2103,637,21026,3.0,30.0,3.0,5,23129,cycle,14,11021,val,0.0358,0.9202,0.9195,0.9741,0.9703,0.946,mean,1,-1,-1,-1,-1
pathmnist,active,entropy_diverse,246,pathmnist-final_active_best-entropy_diverse-init3p-batch3pb-epc5-budget30p-246.pth,2103,637,21026,3.0,30.0,3.0,5,23129,cycle,15,11658,val,0.0434,0.9096,0.9092,0.9704,0.9624,0.9379,mean,0,-1,-1,-1,-1
pathmnist,active,entropy_diverse,246,pathmnist-final_active_best-entropy_diverse-init3p-batch3pb-epc5-budget30p-246.pth,2103,637,21026,3.0,30.0,3.0,5,23129,cycle,16,12295,val,0.0404,0.8321,0.8309,0.9119,0.8997,0.8686,mean,0,-1,-1,-1,-1
pathmnist,active,entropy_diverse,246,pathmnist-final_active_best-entropy_diverse-init3p-batch3pb-epc5-budget30p-246.pth,2103,637,21026,3.0,30.0,3.0,5,23129,cycle,17,12932,val,0.0322,0.9082,0.9082,0.9697,0.9627,0.9372,mean,0,-1,-1,-1,-1
pathmnist,active,entropy_diverse,246,pathmnist-final_active_best-entropy_diverse-init3p-batch3pb-epc5-budget30p-246.pth,2103,637,21026,3.0,30.0,3.0,5,23129,cycle,18,13569,val,0.0362,0.886,0.8841,0.9687,0.9607,0.9249,mean,0,-1,-1,-1,-1
pathmnist,active,entropy_diverse,246,pathmnist-final_active_best-entropy_diverse-init3p-batch3pb-epc5-budget30p-246.pth,2103,637,21026,3.0,30.0,3.0,5,23129,cycle,19,14206,val,0.0334,0.8829,0.8806,0.9638,0.958,0.9213,mean,0,-1,-1,-1,-1
pathmnist,active,entropy_diverse,246,pathmnist-final_active_best-entropy_diverse-init3p-batch3pb-epc5-budget30p-246.pth,2103,637,21026,3.0,30.0,3.0,5,23129,cycle,20,14843,val,0.0286,0.9248,0.9247,0.9783,0.973,0.9502,mean,1,-1,-1,-1,-1
pathmnist,active,entropy_diverse,246,pathmnist-final_active_best-entropy_diverse-init3p-batch3pb-epc5-budget30p-246.pth,2103,637,21026,3.0,30.0,3.0,5,23129,cycle,21,15480,val,0.0372,0.9333,0.9329,0.9823,0.9797,0.957,mean,1,-1,-1,-1,-1
pathmnist,active,entropy_diverse,246,pathmnist-final_active_best-entropy_diverse-init3p-batch3pb-epc5-budget30p-246.pth,2103,637,21026,3.0,30.0,3.0,5,23129,cycle,22,16117,val,0.0288,0.8357,0.8325,0.9335,0.9169,0.8797,mean,0,-1,-1,-1,-1
pathmnist,active,entropy_diverse,246,pathmnist-final_active_best-entropy_diverse-init3p-batch3pb-epc5-budget30p-246.pth,2103,637,21026,3.0,30.0,3.0,5,23129,cycle,23,16754,val,0.0225,0.9392,0.9389,0.9839,0.9789,0.9602,mean,1,-1,-1,-1,-1
pathmnist,active,entropy_diverse,246,pathmnist-final_active_best-entropy_diverse-init3p-batch3pb-epc5-budget30p-246.pth,2103,637,21026,3.0,30.0,3.0,5,23129,cycle,24,17391,val,0.0286,0.9155,0.9152,0.9735,0.9671,0.9428,mean,0,-1,-1,-1,-1
pathmnist,active,entropy_diverse,246,pathmnist-final_active_best-entropy_diverse-init3p-batch3pb-epc5-budget30p-246.pth,2103,637,21026,3.0,30.0,3.0,5,23129,cycle,25,18028,val,0.0244,0.9281,0.9278,0.9793,0.9752,0.9526,mean,0,-1,-1,-1,-1
pathmnist,active,entropy_diverse,246,pathmnist-final_active_best-entropy_diverse-init3p-batch3pb-epc5-budget30p-246.pth,2103,637,21026,3.0,30.0,3.0,5,23129,cycle,26,18665,val,0.023,0.8776,0.8766,0.9511,0.9429,0.912,mean,0,-1,-1,-1,-1
pathmnist,active,entropy_diverse,246,pathmnist-final_active_best-entropy_diverse-init3p-batch3pb-epc5-budget30p-246.pth,2103,637,21026,3.0,30.0,3.0,5,23129,cycle,27,19302,val,0.0226,0.812,0.8102,0.9033,0.8827,0.852,mean,0,-1,-1,-1,-1
pathmnist,active,entropy_diverse,246,pathmnist-final_active_best-entropy_diverse-init3p-batch3pb-epc5-budget30p-246.pth,2103,637,21026,3.0,30.0,3.0,5,23129,cycle,28,19939,val,0.0191,0.932,0.9316,0.9819,0.9771,0.9557,mean,0,-1,-1,-1,-1
pathmnist,active,entropy_diverse,246,pathmnist-final_active_best-entropy_diverse-init3p-batch3pb-epc5-budget30p-246.pth,2103,637,21026,3.0,30.0,3.0,5,23129,cycle,29,20576,val,0.0212,0.9304,0.9302,0.9802,0.9754,0.9541,mean,0,-1,-1,-1,-1
pathmnist,active,entropy_diverse,246,pathmnist-final_active_best-entropy_diverse-init3p-batch3pb-epc5-budget30p-246.pth,2103,637,21026,3.0,30.0,3.0,5,23129,cycle,30,21213,val,0.0195,0.9315,0.9312,0.9821,0.9792,0.956,mean,0,-1,-1,-1,-1
pathmnist,active,entropy_diverse,246,pathmnist-final_active_best-entropy_diverse-init3p-batch3pb-epc5-budget30p-246.pth,2103,637,21026,3.0,30.0,3.0,5,23129,cycle,31,21850,val,0.0203,0.9313,0.9309,0.9822,0.9783,0.9557,mean,0,-1,-1,-1,-1
pathmnist,active,entropy_diverse,246,pathmnist-final_active_best-entropy_diverse-init3p-batch3pb-epc5-budget30p-246.pth,2103,637,21026,3.0,30.0,3.0,5,23129,cycle,32,22487,val,0.0195,0.9372,0.9369,0.9829,0.9791,0.959,mean,0,-1,-1,-1,-1
pathmnist,active,entropy_diverse,246,pathmnist-final_active_best-entropy_diverse-init3p-batch3pb-epc5-budget30p-246.pth,2103,637,21026,3.0,30.0,3.0,5,23129,cycle,33,23129,val,0.018,0.853,0.8493,0.9503,0.9352,0.8969,mean,0,-1,-1,-1,-1
pathmnist,active,entropy_diverse,246,pathmnist-final_active_best-entropy_diverse-init3p-batch3pb-epc5-budget30p-246.pth,2103,637,21026,3.0,30.0,3.0,5,23129,final,-1,16754,test,-1,0.863,0.8534,0.9187,0.8979,,mean,-1,1732,520,3186,261
pathmnist,active,entropy_diverse,9012,pathmnist-final_active_best-entropy_diverse-init3p-batch3pb-epc5-budget30p-9012.pth,2103,637,21026,3.0,30.0,3.0,5,23129,cycle,0,2103,val,0.3476,0.8125,0.808,0.919,0.8976,0.8593,mean,1,-1,-1,-1,-1
pathmnist,active,entropy_diverse,9012,pathmnist-final_active_best-entropy_diverse-init3p-batch3pb-epc5-budget30p-9012.pth,2103,637,21026,3.0,30.0,3.0,5,23129,cycle,1,2740,val,0.2204,0.7439,0.724,0.8935,0.8747,0.809,mean,0,-1,-1,-1,-1
pathmnist,active,entropy_diverse,9012,pathmnist-final_active_best-entropy_diverse-init3p-batch3pb-epc5-budget30p-9012.pth,2103,637,21026,3.0,30.0,3.0,5,23129,cycle,2,3377,val,0.1645,0.8304,0.8289,0.9083,0.894,0.8654,mean,1,-1,-1,-1,-1
pathmnist,active,entropy_diverse,9012,pathmnist-final_active_best-entropy_diverse-init3p-batch3pb-epc5-budget30p-9012.pth,2103,637,21026,3.0,30.0,3.0,5,23129,cycle,3,4014,val,0.1354,0.8628,0.8624,0.9363,0.9299,0.8978,mean,1,-1,-1,-1,-1
pathmnist,active,entropy_diverse,9012,pathmnist-final_active_best-entropy_diverse-init3p-batch3pb-epc5-budget30p-9012.pth,2103,637,21026,3.0,30.0,3.0,5,23129,cycle,4,4651,val,0.1075,0.8304,0.8304,0.917,0.8996,0.8694,mean,0,-1,-1,-1,-1
pathmnist,active,entropy_diverse,9012,pathmnist-final_active_best-entropy_diverse-init3p-batch3pb-epc5-budget30p-9012.pth,2103,637,21026,3.0,30.0,3.0,5,23129,cycle,5,5288,val,0.0912,0.7944,0.7909,0.8686,0.8526,0.8266,mean,0,-1,-1,-1,-1
pathmnist,active,entropy_diverse,9012,pathmnist-final_active_best-entropy_diverse-init3p-batch3pb-epc5-budget30p-9012.pth,2103,637,21026,3.0,30.0,3.0,5,23129,cycle,6,5925,val,0.0734,0.8619,0.8605,0.941,0.9276,0.8977,mean,0,-1,-1,-1,-1
pathmnist,active,entropy_diverse,9012,pathmnist-final_active_best-entropy_diverse-init3p-batch3pb-epc5-budget30p-9012.pth,2103,637,21026,3.0,30.0,3.0,5,23129,cycle,7,6562,val,0.0684,0.8195,0.8181,0.9434,0.9317,0.8782,mean,0,-1,-1,-1,-1
pathmnist,active,entropy_diverse,9012,pathmnist-final_active_best-entropy_diverse-init3p-batch3pb-epc5-budget30p-9012.pth,2103,637,21026,3.0,30.0,3.0,5,23129,cycle,8,7199,val,0.053,0.8352,0.83,0.9461,0.9297,0.8853,mean,0,-1,-1,-1,-1
pathmnist,active,entropy_diverse,9012,pathmnist-final_active_best-entropy_diverse-init3p-batch3pb-epc5-budget30p-9012.pth,2103,637,21026,3.0,30.0,3.0,5,23129,cycle,9,7836,val,0.0884,0.7533,0.751,0.8206,0.8034,0.7821,mean,0,-1,-1,-1,-1
pathmnist,active,entropy_diverse,9012,pathmnist-final_active_best-entropy_diverse-init3p-batch3pb-epc5-budget30p-9012.pth,2103,637,21026,3.0,30.0,3.0,5,23129,cycle,10,8473,val,0.0585,0.8959,0.8952,0.9617,0.9536,0.9266,mean,1,-1,-1,-1,-1
pathmnist,active,entropy_diverse,9012,pathmnist-final_active_best-entropy_diverse-init3p-batch3pb-epc5-budget30p-9012.pth,2103,637,21026,3.0,30.0,3.0,5,23129,cycle,11,9110,val,0.0472,0.7582,0.7505,0.8428,0.8214,0.7932,mean,0,-1,-1,-1,-1
pathmnist,active,entropy_diverse,9012,pathmnist-final_active_best-entropy_diverse-init3p-batch3pb-epc5-budget30p-9012.pth,2103,637,21026,3.0,30.0,3.0,5,23129,cycle,12,9747,val,0.0372,0.9072,0.9071,0.9631,0.9443,0.9304,mean,1,-1,-1,-1,-1
pathmnist,active,entropy_diverse,9012,pathmnist-final_active_best-entropy_diverse-init3p-batch3pb-epc5-budget30p-9012.pth,2103,637,21026,3.0,30.0,3.0,5,23129,cycle,13,10384,val,0.0434,0.8729,0.871,0.9585,0.9467,0.9123,mean,0,-1,-1,-1,-1
pathmnist,active,entropy_diverse,9012,pathmnist-final_active_best-entropy_diverse-init3p-batch3pb-epc5-budget30p-9012.pth,2103,637,21026,3.0,30.0,3.0,5,23129,cycle,14,11021,val,0.0434,0.9026,0.902,0.9634,0.9551,0.9308,mean,1,-1,-1,-1,-1
pathmnist,active,entropy_diverse,9012,pathmnist-final_active_best-entropy_diverse-init3p-batch3pb-epc5-budget30p-9012.pth,2103,637,21026,3.0,30.0,3.0,5,23129,cycle,15,11658,val,0.041,0.8913,0.8911,0.9583,0.9483,0.9222,mean,0,-1,-1,-1,-1
pathmnist,active,entropy_diverse,9012,pathmnist-final_active_best-entropy_diverse-init3p-batch3pb-epc5-budget30p-9012.pth,2103,637,21026,3.0,30.0,3.0,5,23129,cycle,16,12295,val,0.0379,0.9145,0.9143,0.9733,0.9676,0.9424,mean,1,-1,-1,-1,-1
pathmnist,active,entropy_diverse,9012,pathmnist-final_active_best-entropy_diverse-init3p-batch3pb-epc5-budget30p-9012.pth,2103,637,21026,3.0,30.0,3.0,5,23129,cycle,17,12932,val,0.0387,0.8498,0.8458,0.9482,0.9349,0.8947,mean,0,-1,-1,-1,-1
pathmnist,active,entropy_diverse,9012,pathmnist-final_active_best-entropy_diverse-init3p-batch3pb-epc5-budget30p-9012.pth,2103,637,21026,3.0,30.0,3.0,5,23129,cycle,18,13569,val,0.0313,0.8972,0.8966,0.9629,0.9542,0.9277,mean,0,-1,-1,-1,-1
pathmnist,active,entropy_diverse,9012,pathmnist-final_active_best-entropy_diverse-init3p-batch3pb-epc5-budget30p-9012.pth,2103,637,21026,3.0,30.0,3.0,5,23129,cycle,19,14206,val,0.2261,0.9116,0.9114,0.971,0.9668,0.9402,mean,0,-1,-1,-1,-1
pathmnist,active,entropy_diverse,9012,pathmnist-final_active_best-entropy_diverse-init3p-batch3pb-epc5-budget30p-9012.pth,2103,637,21026,3.0,30.0,3.0,5,23129,cycle,20,14843,val,0.0563,0.9281,0.9279,0.9768,0.9711,0.951,mean,1,-1,-1,-1,-1
pathmnist,active,entropy_diverse,9012,pathmnist-final_active_best-entropy_diverse-init3p-batch3pb-epc5-budget30p-9012.pth,2103,637,21026,3.0,30.0,3.0,5,23129,cycle,21,15480,val,0.0305,0.924,0.9238,0.9749,0.9674,0.9475,mean,0,-1,-1,-1,-1
pathmnist,active,entropy_diverse,9012,pathmnist-final_active_best-entropy_diverse-init3p-batch3pb-epc5-budget30p-9012.pth,2103,637,21026,3.0,30.0,3.0,5,23129,cycle,22,16117,val,0.0307,0.9261,0.9259,0.9768,0.9687,0.9494,mean,0,-1,-1,-1,-1
pathmnist,active,entropy_diverse,9012,pathmnist-final_active_best-entropy_diverse-init3p-batch3pb-epc5-budget30p-9012.pth,2103,637,21026,3.0,30.0,3.0,5,23129,cycle,23,16754,val,0.0334,0.9013,0.9003,0.9674,0.9612,0.9326,mean,0,-1,-1,-1,-1
pathmnist,active,entropy_diverse,9012,pathmnist-final_active_best-entropy_diverse-init3p-batch3pb-epc5-budget30p-9012.pth,2103,637,21026,3.0,30.0,3.0,5,23129,cycle,24,17391,val,0.0294,0.8802,0.8785,0.9568,0.9513,0.9167,mean,0,-1,-1,-1,-1
pathmnist,active,entropy_diverse,9012,pathmnist-final_active_best-entropy_diverse-init3p-batch3pb-epc5-budget30p-9012.pth,2103,637,21026,3.0,30.0,3.0,5,23129,cycle,25,18028,val,0.0269,0.8541,0.8509,0.9468,0.9308,0.8956,mean,0,-1,-1,-1,-1
pathmnist,active,entropy_diverse,9012,pathmnist-final_active_best-entropy_diverse-init3p-batch3pb-epc5-budget30p-9012.pth,2103,637,21026,3.0,30.0,3.0,5,23129,cycle,26,18665,val,0.0239,0.8663,0.8663,0.9498,0.9393,0.9054,mean,0,-1,-1,-1,-1
pathmnist,active,entropy_diverse,9012,pathmnist-final_active_best-entropy_diverse-init3p-batch3pb-epc5-budget30p-9012.pth,2103,637,21026,3.0,30.0,3.0,5,23129,cycle,27,19302,val,0.0229,0.9245,0.9241,0.9768,0.9729,0.9496,mean,0,-1,-1,-1,-1
pathmnist,active,entropy_diverse,9012,pathmnist-final_active_best-entropy_diverse-init3p-batch3pb-epc5-budget30p-9012.pth,2103,637,21026,3.0,30.0,3.0,5,23129,cycle,28,19939,val,0.0244,0.9307,0.9304,0.9809,0.9775,0.9549,mean,1,-1,-1,-1,-1
pathmnist,active,entropy_diverse,9012,pathmnist-final_active_best-entropy_diverse-init3p-batch3pb-epc5-budget30p-9012.pth,2103,637,21026,3.0,30.0,3.0,5,23129,cycle,29,20576,val,0.0222,0.9257,0.9256,0.9802,0.9756,0.9518,mean,0,-1,-1,-1,-1
pathmnist,active,entropy_diverse,9012,pathmnist-final_active_best-entropy_diverse-init3p-batch3pb-epc5-budget30p-9012.pth,2103,637,21026,3.0,30.0,3.0,5,23129,cycle,30,21213,val,0.0245,0.4988,0.493,0.5306,0.4911,0.5034,mean,0,-1,-1,-1,-1
pathmnist,active,entropy_diverse,9012,pathmnist-final_active_best-entropy_diverse-init3p-batch3pb-epc5-budget30p-9012.pth,2103,637,21026,3.0,30.0,3.0,5,23129,cycle,31,21850,val,0.1625,0.9322,0.9321,0.9798,0.9743,0.9546,mean,0,-1,-1,-1,-1
pathmnist,active,entropy_diverse,9012,pathmnist-final_active_best-entropy_diverse-init3p-batch3pb-epc5-budget30p-9012.pth,2103,637,21026,3.0,30.0,3.0,5,23129,cycle,32,22487,val,0.0199,0.9114,0.9112,0.9689,0.9599,0.9379,mean,0,-1,-1,-1,-1
pathmnist,active,entropy_diverse,9012,pathmnist-final_active_best-entropy_diverse-init3p-batch3pb-epc5-budget30p-9012.pth,2103,637,21026,3.0,30.0,3.0,5,23129,cycle,33,23129,val,0.0176,0.9241,0.924,0.9779,0.9733,0.9498,mean,0,-1,-1,-1,-1
pathmnist,active,entropy_diverse,9012,pathmnist-final_active_best-entropy_diverse-init3p-batch3pb-epc5-budget30p-9012.pth,2103,637,21026,3.0,30.0,3.0,5,23129,final,-1,19939,test,-1,0.891,0.8839,0.9506,0.926,,mean,-1,1835,463,3243,158
pathmnist,active,entropy_diverse,34895,pathmnist-final_active_best-entropy_diverse-init3p-batch3pb-epc5-budget30p-34895.pth,2103,637,21026,3.0,30.0,3.0,5,23129,cycle,0,2103,val,0.3083,0.8604,0.8591,0.9352,0.9153,0.8925,mean,1,-1,-1,-1,-1
pathmnist,active,entropy_diverse,34895,pathmnist-final_active_best-entropy_diverse-init3p-batch3pb-epc5-budget30p-34895.pth,2103,637,21026,3.0,30.0,3.0,5,23129,cycle,1,2740,val,0.2106,0.7618,0.7574,0.8681,0.8182,0.8014,mean,0,-1,-1,-1,-1
pathmnist,active,entropy_diverse,34895,pathmnist-final_active_best-entropy_diverse-init3p-batch3pb-epc5-budget30p-34895.pth,2103,637,21026,3.0,30.0,3.0,5,23129,cycle,2,3377,val,0.1668,0.8351,0.8349,0.9167,0.8764,0.8657,mean,0,-1,-1,-1,-1
pathmnist,active,entropy_diverse,34895,pathmnist-final_active_best-entropy_diverse-init3p-batch3pb-epc5-budget30p-34895.pth,2103,637,21026,3.0,30.0,3.0,5,23129,cycle,3,4014,val,0.1317,0.8473,0.8458,0.9334,0.9169,0.8858,mean,0,-1,-1,-1,-1
pathmnist,active,entropy_diverse,34895,pathmnist-final_active_best-entropy_diverse-init3p-batch3pb-epc5-budget30p-34895.pth,2103,637,21026,3.0,30.0,3.0,5,23129,cycle,4,4651,val,0.122,0.741,0.7137,0.8967,0.8991,0.8126,mean,0,-1,-1,-1,-1
pathmnist,active,entropy_diverse,34895,pathmnist-final_active_best-entropy_diverse-init3p-batch3pb-epc5-budget30p-34895.pth,2103,637,21026,3.0,30.0,3.0,5,23129,cycle,5,5288,val,0.1207,0.8749,0.8747,0.9477,0.9322,0.9074,mean,1,-1,-1,-1,-1
pathmnist,active,entropy_diverse,34895,pathmnist-final_active_best-entropy_diverse-init3p-batch3pb-epc5-budget30p-34895.pth,2103,637,21026,3.0,30.0,3.0,5,23129,cycle,6,5925,val,0.0701,0.893,0.8929,0.9613,0.9541,0.9253,mean,1,-1,-1,-1,-1
pathmnist,active,entropy_diverse,34895,pathmnist-final_active_best-entropy_diverse-init3p-batch3pb-epc5-budget30p-34895.pth,2103,637,21026,3.0,30.0,3.0,5,23129,cycle,7,6562,val,0.0723,0.8136,0.8051,0.938,0.9264,0.8708,mean,0,-1,-1,-1,-1
pathmnist,active,entropy_diverse,34895,pathmnist-final_active_best-entropy_diverse-init3p-batch3pb-epc5-budget30p-34895.pth,2103,637,21026,3.0,30.0,3.0,5,23129,cycle,8,7199,val,0.0664,0.9018,0.9014,0.9646,0.9513,0.9298,mean,1,-1,-1,-1,-1
pathmnist,active,entropy_diverse,34895,pathmnist-final_active_best-entropy_diverse-init3p-batch3pb-epc5-budget30p-34895.pth,2103,637,21026,3.0,30.0,3.0,5,23129,cycle,9,7836,val,0.0616,0.8722,0.8718,0.9358,0.9063,0.8965,mean,0,-1,-1,-1,-1
pathmnist,active,entropy_diverse,34895,pathmnist-final_active_best-entropy_diverse-init3p-batch3pb-epc5-budget30p-34895.pth,2103,637,21026,3.0,30.0,3.0,5,23129,cycle,10,8473,val,0.0703,0.8865,0.8843,0.9679,0.9618,0.9251,mean,0,-1,-1,-1,-1
pathmnist,active,entropy_diverse,34895,pathmnist-final_active_best-entropy_diverse-init3p-batch3pb-epc5-budget30p-34895.pth,2103,637,21026,3.0,30.0,3.0,5,23129,cycle,11,9110,val,0.056,0.8939,0.8936,0.9594,0.9503,0.9243,mean,0,-1,-1,-1,-1
pathmnist,active,entropy_diverse,34895,pathmnist-final_active_best-entropy_diverse-init3p-batch3pb-epc5-budget30p-34895.pth,2103,637,21026,3.0,30.0,3.0,5,23129,cycle,12,9747,val,0.0526,0.8587,0.8586,0.9363,0.9317,0.8963,mean,0,-1,-1,-1,-1
pathmnist,active,entropy_diverse,34895,pathmnist-final_active_best-entropy_diverse-init3p-batch3pb-epc5-budget30p-34895.pth,2103,637,21026,3.0,30.0,3.0,5,23129,cycle,13,10384,val,0.0394,0.8786,0.8785,0.9486,0.9383,0.911,mean,0,-1,-1,-1,-1
pathmnist,active,entropy_diverse,34895,pathmnist-final_active_best-entropy_diverse-init3p-batch3pb-epc5-budget30p-34895.pth,2103,637,21026,3.0,30.0,3.0,5,23129,cycle,14,11021,val,0.0463,0.9114,0.9114,0.977,0.9729,0.9432,mean,1,-1,-1,-1,-1
pathmnist,active,entropy_diverse,34895,pathmnist-final_active_best-entropy_diverse-init3p-batch3pb-epc5-budget30p-34895.pth,2103,637,21026,3.0,30.0,3.0,5,23129,cycle,15,11658,val,0.0479,0.9134,0.913,0.9695,0.9614,0.9393,mean,0,-1,-1,-1,-1
pathmnist,active,entropy_diverse,34895,pathmnist-final_active_best-entropy_diverse-init3p-batch3pb-epc5-budget30p-34895.pth,2103,637,21026,3.0,30.0,3.0,5,23129,cycle,16,12295,val,0.0366,0.8574,0.8553,0.9395,0.9332,0.8963,mean,0,-1,-1,-1,-1
pathmnist,active,entropy_diverse,34895,pathmnist-final_active_best-entropy_diverse-init3p-batch3pb-epc5-budget30p-34895.pth,2103,637,21026,3.0,30.0,3.0,5,23129,cycle,17,12932,val,0.0337,0.919,0.9188,0.974,0.9684,0.9451,mean,1,-1,-1,-1,-1
pathmnist,active,entropy_diverse,34895,pathmnist-final_active_best-entropy_diverse-init3p-batch3pb-epc5-budget30p-34895.pth,2103,637,21026,3.0,30.0,3.0,5,23129,cycle,18,13569,val,0.0326,0.8765,0.876,0.9436,0.9147,0.9027,mean,0,-1,-1,-1,-1
pathmnist,active,entropy_diverse,34895,pathmnist-final_active_best-entropy_diverse-init3p-batch3pb-epc5-budget30p-34895.pth,2103,637,21026,3.0,30.0,3.0,5,23129,cycle,19,14206,val,0.0283,0.8827,0.8827,0.962,0.9566,0.921,mean,0,-1,-1,-1,-1
pathmnist,active,entropy_diverse,34895,pathmnist-final_active_best-entropy_diverse-init3p-batch3pb-epc5-budget30p-34895.pth,2103,637,21026,3.0,30.0,3.0,5,23129,cycle,20,14843,val,0.0322,0.893,0.8929,0.9599,0.9455,0.9228,mean,0,-1,-1,-1,-1
pathmnist,active,entropy_diverse,34895,pathmnist-final_active_best-entropy_diverse-init3p-batch3pb-epc5-budget30p-34895.pth,2103,637,21026,3.0,30.0,3.0,5,23129,cycle,21,15480,val,0.0513,0.8057,0.8053,0.8887,0.8686,0.8421,mean,0,-1,-1,-1,-1
pathmnist,active,entropy_diverse,34895,pathmnist-final_active_best-entropy_diverse-init3p-batch3pb-epc5-budget30p-34895.pth,2103,637,21026,3.0,30.0,3.0,5,23129,cycle,22,16117,val,0.0483,0.9235,0.923,0.9766,0.973,0.949,mean,1,-1,-1,-1,-1
pathmnist,active,entropy_diverse,34895,pathmnist-final_active_best-entropy_diverse-init3p-batch3pb-epc5-budget30p-34895.pth,2103,637,21026,3.0,30.0,3.0,5,23129,cycle,23,16754,val,0.0253,0.9143,0.9139,0.9709,0.9683,0.9418,mean,0,-1,-1,-1,-1
pathmnist,active,entropy_diverse,34895,pathmnist-final_active_best-entropy_diverse-init3p-batch3pb-epc5-budget30p-34895.pth,2103,637,21026,3.0,30.0,3.0,5,23129,cycle,24,17391,val,0.0253,0.8991,0.8991,0.9693,0.9628,0.9326,mean,0,-1,-1,-1,-1
pathmnist,active,entropy_diverse,34895,pathmnist-final_active_best-entropy_diverse-init3p-batch3pb-epc5-budget30p-34895.pth,2103,637,21026,3.0,30.0,3.0,5,23129,cycle,25,18028,val,0.0516,0.9295,0.9294,0.9785,0.9688,0.9516,mean,1,-1,-1,-1,-1
pathmnist,active,entropy_diverse,34895,pathmnist-final_active_best-entropy_diverse-init3p-batch3pb-epc5-budget30p-34895.pth,2103,637,21026,3.0,30.0,3.0,5,23129,cycle,26,18665,val,0.0213,0.9,0.899,0.9665,0.9597,0.9313,mean,0,-1,-1,-1,-1
pathmnist,active,entropy_diverse,34895,pathmnist-final_active_best-entropy_diverse-init3p-batch3pb-epc5-budget30p-34895.pth,2103,637,21026,3.0,30.0,3.0,5,23129,cycle,27,19302,val,0.0226,0.9338,0.9336,0.982,0.9787,0.957,mean,1,-1,-1,-1,-1
pathmnist,active,entropy_diverse,34895,pathmnist-final_active_best-entropy_diverse-init3p-batch3pb-epc5-budget30p-34895.pth,2103,637,21026,3.0,30.0,3.0,5,23129,cycle,28,19939,val,0.0278,0.9035,0.9022,0.9748,0.9712,0.9379,mean,0,-1,-1,-1,-1
pathmnist,active,entropy_diverse,34895,pathmnist-final_active_best-entropy_diverse-init3p-batch3pb-epc5-budget30p-34895.pth,2103,637,21026,3.0,30.0,3.0,5,23129,cycle,29,20576,val,0.0219,0.9118,0.9115,0.9694,0.9615,0.9386,mean,0,-1,-1,-1,-1
pathmnist,active,entropy_diverse,34895,pathmnist-final_active_best-entropy_diverse-init3p-batch3pb-epc5-budget30p-34895.pth,2103,637,21026,3.0,30.0,3.0,5,23129,cycle,30,21213,val,0.0206,0.9134,0.9129,0.9702,0.9618,0.9396,mean,0,-1,-1,-1,-1
pathmnist,active,entropy_diverse,34895,pathmnist-final_active_best-entropy_diverse-init3p-batch3pb-epc5-budget30p-34895.pth,2103,637,21026,3.0,30.0,3.0,5,23129,cycle,31,21850,val,0.0191,0.9209,0.9206,0.9745,0.9677,0.9459,mean,0,-1,-1,-1,-1
pathmnist,active,entropy_diverse,34895,pathmnist-final_active_best-entropy_diverse-init3p-batch3pb-epc5-budget30p-34895.pth,2103,637,21026,3.0,30.0,3.0,5,23129,cycle,32,22487,val,0.0224,0.9263,0.926,0.9768,0.9716,0.9502,mean,0,-1,-1,-1,-1
pathmnist,active,entropy_diverse,34895,pathmnist-final_active_best-entropy_diverse-init3p-batch3pb-epc5-budget30p-34895.pth,2103,637,21026,3.0,30.0,3.0,5,23129,cycle,33,23129,val,0.0176,0.9422,0.9421,0.9859,0.9839,0.9635,mean,1,-1,-1,-1,-1
pathmnist,active,entropy_diverse,34895,pathmnist-final_active_best-entropy_diverse-init3p-batch3pb-epc5-budget30p-34895.pth,2103,637,21026,3.0,30.0,3.0,5,23129,final,-1,23129,test,-1,0.8966,0.8905,0.9633,0.9301,,mean,-1,1880,476,3230,113
pathmnist,active,entropy_diverse,148932,pathmnist-final_active_best-entropy_diverse-init3p-batch3pb-epc5-budget30p-148932.pth,2103,637,21026,3.0,30.0,3.0,5,23129,cycle,0,2103,val,0.3286,0.7038,0.6703,0.8885,0.8641,0.7817,mean,1,-1,-1,-1,-1
pathmnist,active,entropy_diverse,148932,pathmnist-final_active_best-entropy_diverse-init3p-batch3pb-epc5-budget30p-148932.pth,2103,637,21026,3.0,30.0,3.0,5,23129,cycle,1,2740,val,0.1798,0.6994,0.6833,0.8072,0.7836,0.7434,mean,0,-1,-1,-1,-1
pathmnist,active,entropy_diverse,148932,pathmnist-final_active_best-entropy_diverse-init3p-batch3pb-epc5-budget30p-148932.pth,2103,637,21026,3.0,30.0,3.0,5,23129,cycle,2,3377,val,0.1311,0.8591,0.8591,0.939,0.9232,0.8951,mean,1,-1,-1,-1,-1
pathmnist,active,entropy_diverse,148932,pathmnist-final_active_best-entropy_diverse-init3p-batch3pb-epc5-budget30p-148932.pth,2103,637,21026,3.0,30.0,3.0,5,23129,cycle,3,4014,val,0.131,0.6704,0.6471,0.9078,0.8858,0.7778,mean,0,-1,-1,-1,-1
pathmnist,active,entropy_diverse,148932,pathmnist-final_active_best-entropy_diverse-init3p-batch3pb-epc5-budget30p-148932.pth,2103,637,21026,3.0,30.0,3.0,5,23129,cycle,4,4651,val,0.0732,0.8813,0.8808,0.9504,0.9407,0.9133,mean,1,-1,-1,-1,-1
pathmnist,active,entropy_diverse,148932,pathmnist-final_active_best-entropy_diverse-init3p-batch3pb-epc5-budget30p-148932.pth,2103,637,21026,3.0,30.0,3.0,5,23129,cycle,5,5288,val,0.0843,0.8461,0.8455,0.9261,0.905,0.8807,mean,0,-1,-1,-1,-1
pathmnist,active,entropy_diverse,148932,pathmnist-final_active_best-entropy_diverse-init3p-batch3pb-epc5-budget30p-148932.pth,2103,637,21026,3.0,30.0,3.0,5,23129,cycle,6,5925,val,0.0796,0.7424,0.7342,0.829,0.8202,0.7815,mean,0,-1,-1,-1,-1
pathmnist,active,entropy_diverse,148932,pathmnist-final_active_best-entropy_diverse-init3p-batch3pb-epc5-budget30p-148932.pth,2103,637,21026,3.0,30.0,3.0,5,23129,cycle,7,6562,val,0.061,0.8277,0.8261,0.905,0.8665,0.8563,mean,0,-1,-1,-1,-1
pathmnist,active,entropy_diverse,148932,pathmnist-final_active_best-entropy_diverse-init3p-batch3pb-epc5-budget30p-148932.pth,2103,637,21026,3.0,30.0,3.0,5,23129,cycle,8,7199,val,0.0699,0.871,0.8695,0.9501,0.9351,0.9064,mean,0,-1,-1,-1,-1
pathmnist,active,entropy_diverse,148932,pathmnist-final_active_best-entropy_diverse-init3p-batch3pb-epc5-budget30p-148932.pth,2103,637,21026,3.0,30.0,3.0,5,23129,cycle,9,7836,val,0.0543,0.9049,0.9043,0.9668,0.9596,0.9339,mean,1,-1,-1,-1,-1
pathmnist,active,entropy_diverse,148932,pathmnist-final_active_best-entropy_diverse-init3p-batch3pb-epc5-budget30p-148932.pth,2103,637,21026,3.0,30.0,3.0,5,23129,cycle,10,8473,val,0.0577,0.8915,0.8915,0.9638,0.9573,0.926,mean,0,-1,-1,-1,-1
pathmnist,active,entropy_diverse,148932,pathmnist-final_active_best-entropy_diverse-init3p-batch3pb-epc5-budget30p-148932.pth,2103,637,21026,3.0,30.0,3.0,5,23129,cycle,11,9110,val,0.0493,0.8786,0.8771,0.9565,0.9448,0.9143,mean,0,-1,-1,-1,-1
pathmnist,active,entropy_diverse,148932,pathmnist-final_active_best-entropy_diverse-init3p-batch3pb-epc5-budget30p-148932.pth,2103,637,21026,3.0,30.0,3.0,5,23129,cycle,12,9747,val,0.0473,0.9107,0.9106,0.9654,0.9526,0.9348,mean,1,-1,-1,-1,-1
pathmnist,active,entropy_diverse,148932,pathmnist-final_active_best-entropy_diverse-init3p-batch3pb-epc5-budget30p-148932.pth,2103,637,21026,3.0,30.0,3.0,5,23129,cycle,13,10384,val,0.0475,0.8501,0.8495,0.9513,0.9369,0.8969,mean,0,-1,-1,-1,-1
pathmnist,active,entropy_diverse,148932,pathmnist-final_active_best-entropy_diverse-init3p-batch3pb-epc5-budget30p-148932.pth,2103,637,21026,3.0,30.0,3.0,5,23129,cycle,14,11021,val,0.0355,0.913,0.9127,0.9693,0.9622,0.9393,mean,1,-1,-1,-1,-1
pathmnist,active,entropy_diverse,148932,pathmnist-final_active_best-entropy_diverse-init3p-batch3pb-epc5-budget30p-148932.pth,2103,637,21026,3.0,30.0,3.0,5,23129,cycle,15,11658,val,0.0404,0.9085,0.9082,0.9629,0.9508,0.9326,mean,0,-1,-1,-1,-1
pathmnist,active,entropy_diverse,148932,pathmnist-final_active_best-entropy_diverse-init3p-batch3pb-epc5-budget30p-148932.pth,2103,637,21026,3.0,30.0,3.0,5,23129,cycle,16,12295,val,0.0501,0.9048,0.9038,0.9692,0.9604,0.9345,mean,0,-1,-1,-1,-1
pathmnist,active,entropy_diverse,148932,pathmnist-final_active_best-entropy_diverse-init3p-batch3pb-epc5-budget30p-148932.pth,2103,637,21026,3.0,30.0,3.0,5,23129,cycle,17,12932,val,0.0339,0.85,0.8446,0.9549,0.95,0.8998,mean,0,-1,-1,-1,-1
pathmnist,active,entropy_diverse,148932,pathmnist-final_active_best-entropy_diverse-init3p-batch3pb-epc5-budget30p-148932.pth,2103,637,21026,3.0,30.0,3.0,5,23129,cycle,18,13569,val,0.029,0.8951,0.8938,0.9686,0.9614,0.9297,mean,0,-1,-1,-1,-1
pathmnist,active,entropy_diverse,148932,pathmnist-final_active_best-entropy_diverse-init3p-batch3pb-epc5-budget30p-148932.pth,2103,637,21026,3.0,30.0,3.0,5,23129,cycle,19,14206,val,0.0324,0.8877,0.8874,0.9594,0.9525,0.9217,mean,0,-1,-1,-1,-1
pathmnist,active,entropy_diverse,148932,pathmnist-final_active_best-entropy_diverse-init3p-batch3pb-epc5-budget30p-148932.pth,2103,637,21026,3.0,30.0,3.0,5,23129,cycle,20,14843,val,0.0456,0.92,0.9196,0.9742,0.9705,0.9461,mean,1,-1,-1,-1,-1
pathmnist,active,entropy_diverse,148932,pathmnist-final_active_best-entropy_diverse-init3p-batch3pb-epc5-budget30p-148932.pth,2103,637,21026,3.0,30.0,3.0,5,23129,cycle,21,15480,val,0.0256,0.9298,0.9294,0.9803,0.9765,0.954,mean,1,-1,-1,-1,-1
pathmnist,active,entropy_diverse,148932,pathmnist-final_active_best-entropy_diverse-init3p-batch3pb-epc5-budget30p-148932.pth,2103,637,21026,3.0,30.0,3.0,5,23129,cycle,22,16117,val,0.0322,0.8747,0.8729,0.9541,0.9479,0.9124,mean,0,-1,-1,-1,-1
pathmnist,active,entropy_diverse,148932,pathmnist-final_active_best-entropy_diverse-init3p-batch3pb-epc5-budget30p-148932.pth,2103,637,21026,3.0,30.0,3.0,5,23129,cycle,23,16754,val,0.0256,0.8234,0.8168,0.9378,0.9238,0.8755,mean,0,-1,-1,-1,-1
pathmnist,active,entropy_diverse,148932,pathmnist-final_active_best-entropy_diverse-init3p-batch3pb-epc5-budget30p-148932.pth,2103,637,21026,3.0,30.0,3.0,5,23129,cycle,24,17391,val,0.0226,0.9144,0.9135,0.9732,0.9654,0.9416,mean,0,-1,-1,-1,-1
pathmnist,active,entropy_diverse,148932,pathmnist-final_active_best-entropy_diverse-init3p-batch3pb-epc5-budget30p-148932.pth,2103,637,21026,3.0,30.0,3.0,5,23129,cycle,25,18028,val,0.0257,0.8926,0.8912,0.9594,0.9501,0.9233,mean,0,-1,-1,-1,-1
pathmnist,active,entropy_diverse,148932,pathmnist-final_active_best-entropy_diverse-init3p-batch3pb-epc5-budget30p-148932.pth,2103,637,21026,3.0,30.0,3.0,5,23129,cycle,26,18665,val,0.023,0.8759,0.8743,0.9521,0.9409,0.9108,mean,0,-1,-1,-1,-1
pathmnist,active,entropy_diverse,148932,pathmnist-final_active_best-entropy_diverse-init3p-batch3pb-epc5-budget30p-148932.pth,2103,637,21026,3.0,30.0,3.0,5,23129,cycle,27,19302,val,0.02,0.9012,0.9001,0.9674,0.9608,0.9324,mean,0,-1,-1,-1,-1
pathmnist,active,entropy_diverse,148932,pathmnist-final_active_best-entropy_diverse-init3p-batch3pb-epc5-budget30p-148932.pth,2103,637,21026,3.0,30.0,3.0,5,23129,cycle,28,19939,val,0.02,0.9307,0.9304,0.9771,0.9686,0.9517,mean,0,-1,-1,-1,-1
pathmnist,active,entropy_diverse,148932,pathmnist-final_active_best-entropy_diverse-init3p-batch3pb-epc5-budget30p-148932.pth,2103,637,21026,3.0,30.0,3.0,5,23129,cycle,29,20576,val,0.0211,0.9116,0.9116,0.9699,0.956,0.9373,mean,0,-1,-1,-1,-1
pathmnist,active,entropy_diverse,148932,pathmnist-final_active_best-entropy_diverse-init3p-batch3pb-epc5-budget30p-148932.pth,2103,637,21026,3.0,30.0,3.0,5,23129,cycle,30,21213,val,0.0186,0.8606,0.8586,0.9384,0.9237,0.8953,mean,0,-1,-1,-1,-1
pathmnist,active,entropy_diverse,148932,pathmnist-final_active_best-entropy_diverse-init3p-batch3pb-epc5-budget30p-148932.pth,2103,637,21026,3.0,30.0,3.0,5,23129,cycle,31,21850,val,0.0203,0.8781,0.8779,0.9448,0.9178,0.9046,mean,0,-1,-1,-1,-1
pathmnist,active,entropy_diverse,148932,pathmnist-final_active_best-entropy_diverse-init3p-batch3pb-epc5-budget30p-148932.pth,2103,637,21026,3.0,30.0,3.0,5,23129,cycle,32,22487,val,0.0153,0.9281,0.9276,0.9802,0.9762,0.953,mean,0,-1,-1,-1,-1
pathmnist,active,entropy_diverse,148932,pathmnist-final_active_best-entropy_diverse-init3p-batch3pb-epc5-budget30p-148932.pth,2103,637,21026,3.0,30.0,3.0,5,23129,cycle,33,23129,val,0.0183,0.929,0.9288,0.9788,0.9728,0.9524,mean,0,-1,-1,-1,-1
pathmnist,active,entropy_diverse,148932,pathmnist-final_active_best-entropy_diverse-init3p-batch3pb-epc5-budget30p-148932.pth,2103,637,21026,3.0,30.0,3.0,5,23129,final,-1,15480,test,-1,0.884,0.8751,0.9484,0.9149,,mean,-1,1759,427,3279,234
pathmnist,active,mc_bald_diverse,17,pathmnist-final_active_best-mc_bald_diverse-init3p-batch3pb-epc5-budget30p-17.pth,2103,637,21026,3.0,30.0,3.0,5,23129,cycle,0,2103,val,0.3685,0.7682,0.7615,0.873,0.8402,0.8108,mean,1,-1,-1,-1,-1
pathmnist,active,mc_bald_diverse,17,pathmnist-final_active_best-mc_bald_diverse-init3p-batch3pb-epc5-budget30p-17.pth,2103,637,21026,3.0,30.0,3.0,5,23129,cycle,1,2740,val,0.1915,0.746,0.7379,0.8562,0.8357,0.794,mean,0,-1,-1,-1,-1
pathmnist,active,mc_bald_diverse,17,pathmnist-final_active_best-mc_bald_diverse-init3p-batch3pb-epc5-budget30p-17.pth,2103,637,21026,3.0,30.0,3.0,5,23129,cycle,2,3377,val,0.1586,0.8384,0.8359,0.9327,0.9099,0.8792,mean,1,-1,-1,-1,-1
pathmnist,active,mc_bald_diverse,17,pathmnist-final_active_best-mc_bald_diverse-init3p-batch3pb-epc5-budget30p-17.pth,2103,637,21026,3.0,30.0,3.0,5,23129,cycle,3,4014,val,0.1187,0.7968,0.7942,0.9197,0.8938,0.8511,mean,0,-1,-1,-1,-1
pathmnist,active,mc_bald_diverse,17,pathmnist-final_active_best-mc_bald_diverse-init3p-batch3pb-epc5-budget30p-17.pth,2103,637,21026,3.0,30.0,3.0,5,23129,cycle,4,4651,val,0.091,0.8742,0.8742,0.9533,0.9402,0.9105,mean,1,-1,-1,-1,-1
pathmnist,active,mc_bald_diverse,17,pathmnist-final_active_best-mc_bald_diverse-init3p-batch3pb-epc5-budget30p-17.pth,2103,637,21026,3.0,30.0,3.0,5,23129,cycle,5,5288,val,0.0852,0.8815,0.8809,0.9471,0.9171,0.9066,mean,0,-1,-1,-1,-1
pathmnist,active,mc_bald_diverse,17,pathmnist-final_active_best-mc_bald_diverse-init3p-batch3pb-epc5-budget30p-17.pth,2103,637,21026,3.0,30.0,3.0,5,23129,cycle,6,5925,val,0.0737,0.8557,0.8556,0.9431,0.9246,0.8948,mean,0,-1,-1,-1,-1
pathmnist,active,mc_bald_diverse,17,pathmnist-final_active_best-mc_bald_diverse-init3p-batch3pb-epc5-budget30p-17.pth,2103,637,21026,3.0,30.0,3.0,5,23129,cycle,7,6562,val,0.0725,0.8868,0.8867,0.9484,0.9209,0.9107,mean,1,-1,-1,-1,-1
pathmnist,active,mc_bald_diverse,17,pathmnist-final_active_best-mc_bald_diverse-init3p-batch3pb-epc5-budget30p-17.pth,2103,637,21026,3.0,30.0,3.0,5,23129,cycle,8,7199,val,0.0591,0.8954,0.8941,0.9615,0.9514,0.9256,mean,1,-1,-1,-1,-1
pathmnist,active,mc_bald_diverse,17,pathmnist-final_active_best-mc_bald_diverse-init3p-batch3pb-epc5-budget30p-17.pth,2103,637,21026,3.0,30.0,3.0,5,23129,cycle,9,7836,val,0.062,0.8295,0.8283,0.9031,0.8695,0.8576,mean,0,-1,-1,-1,-1
pathmnist,active,mc_bald_diverse,17,pathmnist-final_active_best-mc_bald_diverse-init3p-batch3pb-epc5-budget30p-17.pth,2103,637,21026,3.0,30.0,3.0,5,23129,cycle,10,8473,val,0.0467,0.9134,0.9132,0.9691,0.9612,0.9392,mean,1,-1,-1,-1,-1
pathmnist,active,mc_bald_diverse,17,pathmnist-final_active_best-mc_bald_diverse-init3p-batch3pb-epc5-budget30p-17.pth,2103,637,21026,3.0,30.0,3.0,5,23129,cycle,11,9110,val,0.0585,0.8978,0.8975,0.9594,0.9474,0.9255,mean,0,-1,-1,-1,-1
pathmnist,active,mc_bald_diverse,17,pathmnist-final_active_best-mc_bald_diverse-init3p-batch3pb-epc5-budget30p-17.pth,2103,637,21026,3.0,30.0,3.0,5,23129,cycle,12,9747,val,0.0466,0.9066,0.9063,0.9659,0.9567,0.9339,mean,0,-1,-1,-1,-1
pathmnist,active,mc_bald_diverse,17,pathmnist-final_active_best-mc_bald_diverse-init3p-batch3pb-epc5-budget30p-17.pth,2103,637,21026,3.0,30.0,3.0,5,23129,cycle,13,10384,val,0.0475,0.8864,0.886,0.9505,0.936,0.9147,mean,0,-1,-1,-1,-1
pathmnist,active,mc_bald_diverse,17,pathmnist-final_active_best-mc_bald_diverse-init3p-batch3pb-epc5-budget30p-17.pth,2103,637,21026,3.0,30.0,3.0,5,23129,cycle,14,11021,val,0.0447,0.9154,0.9144,0.9769,0.9718,0.9446,mean,1,-1,-1,-1,-1
pathmnist,active,mc_bald_diverse,17,pathmnist-final_active_best-mc_bald_diverse-init3p-batch3pb-epc5-budget30p-17.pth,2103,637,21026,3.0,30.0,3.0,5,23129,cycle,15,11658,val,0.0418,0.9063,0.906,0.9672,0.958,0.9344,mean,0,-1,-1,-1,-1
pathmnist,active,mc_bald_diverse,17,pathmnist-final_active_best-mc_bald_diverse-init3p-batch3pb-epc5-budget30p-17.pth,2103,637,21026,3.0,30.0,3.0,5,23129,cycle,16,12295,val,0.037,0.9148,0.9142,0.974,0.9666,0.9424,mean,0,-1,-1,-1,-1
pathmnist,active,mc_bald_diverse,17,pathmnist-final_active_best-mc_bald_diverse-init3p-batch3pb-epc5-budget30p-17.pth,2103,637,21026,3.0,30.0,3.0,5,23129,cycle,17,12932,val,0.0343,0.9176,0.9169,0.9757,0.9714,0.9454,mean,1,-1,-1,-1,-1
pathmnist,active,mc_bald_diverse,17,pathmnist-final_active_best-mc_bald_diverse-init3p-batch3pb-epc5-budget30p-17.pth,2103,637,21026,3.0,30.0,3.0,5,23129,cycle,18,13569,val,0.0708,0.9249,0.9245,0.977,0.9708,0.9493,mean,1,-1,-1,-1,-1
pathmnist,active,mc_bald_diverse,17,pathmnist-final_active_best-mc_bald_diverse-init3p-batch3pb-epc5-budget30p-17.pth,2103,637,21026,3.0,30.0,3.0,5,23129,cycle,19,14206,val,0.0297,0.9069,0.9062,0.9689,0.9634,0.9364,mean,0,-1,-1,-1,-1
pathmnist,active,mc_bald_diverse,17,pathmnist-final_active_best-mc_bald_diverse-init3p-batch3pb-epc5-budget30p-17.pth,2103,637,21026,3.0,30.0,3.0,5,23129,cycle,20,14843,val,0.0289,0.8872,0.8866,0.9534,0.9359,0.9158,mean,0,-1,-1,-1,-1
pathmnist,active,mc_bald_diverse,17,pathmnist-final_active_best-mc_bald_diverse-init3p-batch3pb-epc5-budget30p-17.pth,2103,637,21026,3.0,30.0,3.0,5,23129,cycle,21,15480,val,0.0284,0.8017,0.7991,0.8864,0.8737,0.8402,mean,0,-1,-1,-1,-1
pathmnist,active,mc_bald_diverse,17,pathmnist-final_active_best-mc_bald_diverse-init3p-batch3pb-epc5-budget30p-17.pth,2103,637,21026,3.0,30.0,3.0,5,23129,cycle,22,16117,val,0.0233,0.9197,0.9192,0.9745,0.9694,0.9457,mean,0,-1,-1,-1,-1
pathmnist,active,mc_bald_diverse,17,pathmnist-final_active_best-mc_bald_diverse-init3p-batch3pb-epc5-budget30p-17.pth,2103,637,21026,3.0,30.0,3.0,5,23129,cycle,23,16754,val,0.0369,0.9209,0.9204,0.9748,0.9716,0.9469,mean,0,-1,-1,-1,-1
pathmnist,active,mc_bald_diverse,17,pathmnist-final_active_best-mc_bald_diverse-init3p-batch3pb-epc5-budget30p-17.pth,2103,637,21026,3.0,30.0,3.0,5,23129,cycle,24,17391,val,0.0248,0.9302,0.9299,0.9797,0.975,0.9537,mean,1,-1,-1,-1,-1
pathmnist,active,mc_bald_diverse,17,pathmnist-final_active_best-mc_bald_diverse-init3p-batch3pb-epc5-budget30p-17.pth,2103,637,21026,3.0,30.0,3.0,5,23129,cycle,25,18028,val,0.0582,0.9318,0.9317,0.9806,0.9752,0.9548,mean,1,-1,-1,-1,-1
pathmnist,active,mc_bald_diverse,17,pathmnist-final_active_best-mc_bald_diverse-init3p-batch3pb-epc5-budget30p-17.pth,2103,637,21026,3.0,30.0,3.0,5,23129,cycle,26,18665,val,0.0199,0.9232,0.9232,0.9773,0.9696,0.9483,mean,0,-1,-1,-1,-1
pathmnist,active,mc_bald_diverse,17,pathmnist-final_active_best-mc_bald_diverse-init3p-batch3pb-epc5-budget30p-17.pth,2103,637,21026,3.0,30.0,3.0,5,23129,cycle,27,19302,val,0.0232,0.8541,0.851,0.9449,0.9185,0.8921,mean,0,-1,-1,-1,-1
pathmnist,active,mc_bald_diverse,17,pathmnist-final_active_best-mc_bald_diverse-init3p-batch3pb-epc5-budget30p-17.pth,2103,637,21026,3.0,30.0,3.0,5,23129,cycle,28,19939,val,0.0202,0.9172,0.9168,0.9733,0.9678,0.9438,mean,0,-1,-1,-1,-1
pathmnist,active,mc_bald_diverse,17,pathmnist-final_active_best-mc_bald_diverse-init3p-batch3pb-epc5-budget30p-17.pth,2103,637,21026,3.0,30.0,3.0,5,23129,cycle,29,20576,val,0.021,0.9375,0.9372,0.9836,0.9803,0.9597,mean,1,-1,-1,-1,-1
pathmnist,active,mc_bald_diverse,17,pathmnist-final_active_best-mc_bald_diverse-init3p-batch3pb-epc5-budget30p-17.pth,2103,637,21026,3.0,30.0,3.0,5,23129,cycle,30,21213,val,0.0203,0.8715,0.8695,0.9526,0.943,0.9092,mean,0,-1,-1,-1,-1
pathmnist,active,mc_bald_diverse,17,pathmnist-final_active_best-mc_bald_diverse-init3p-batch3pb-epc5-budget30p-17.pth,2103,637,21026,3.0,30.0,3.0,5,23129,cycle,31,21850,val,0.0195,0.7973,0.7946,0.884,0.8641,0.835,mean,0,-1,-1,-1,-1
pathmnist,active,mc_bald_diverse,17,pathmnist-final_active_best-mc_bald_diverse-init3p-batch3pb-epc5-budget30p-17.pth,2103,637,21026,3.0,30.0,3.0,5,23129,cycle,32,22487,val,0.0158,0.9064,0.9059,0.9675,0.961,0.9352,mean,0,-1,-1,-1,-1
pathmnist,active,mc_bald_diverse,17,pathmnist-final_active_best-mc_bald_diverse-init3p-batch3pb-epc5-budget30p-17.pth,2103,637,21026,3.0,30.0,3.0,5,23129,cycle,33,23129,val,0.0168,0.881,0.8802,0.9493,0.9356,0.9115,mean,0,-1,-1,-1,-1
pathmnist,active,mc_bald_diverse,17,pathmnist-final_active_best-mc_bald_diverse-init3p-batch3pb-epc5-budget30p-17.pth,2103,637,21026,3.0,30.0,3.0,5,23129,final,-1,20576,test,-1,0.9044,0.8972,0.9637,0.9384,,mean,-1,1825,377,3329,168
pathmnist,active,mc_bald_diverse,246,pathmnist-final_active_best-mc_bald_diverse-init3p-batch3pb-epc5-budget30p-246.pth,2103,637,21026,3.0,30.0,3.0,5,23129,cycle,0,2103,val,0.335,0.8075,0.8016,0.9119,0.8971,0.8545,mean,1,-1,-1,-1,-1
pathmnist,active,mc_bald_diverse,246,pathmnist-final_active_best-mc_bald_diverse-init3p-batch3pb-epc5-budget30p-246.pth,2103,637,21026,3.0,30.0,3.0,5,23129,cycle,1,2740,val,0.1834,0.8183,0.8178,0.8997,0.8643,0.85,mean,0,-1,-1,-1,-1
pathmnist,active,mc_bald_diverse,246,pathmnist-final_active_best-mc_bald_diverse-init3p-batch3pb-epc5-budget30p-246.pth,2103,637,21026,3.0,30.0,3.0,5,23129,cycle,2,3377,val,0.1388,0.7691,0.7563,0.9012,0.8841,0.8277,mean,0,-1,-1,-1,-1
pathmnist,active,mc_bald_diverse,246,pathmnist-final_active_best-mc_bald_diverse-init3p-batch3pb-epc5-budget30p-246.pth,2103,637,21026,3.0,30.0,3.0,5,23129,cycle,3,4014,val,0.1114,0.8829,0.8826,0.9493,0.9359,0.9127,mean,1,-1,-1,-1,-1
pathmnist,active,mc_bald_diverse,246,pathmnist-final_active_best-mc_bald_diverse-init3p-batch3pb-epc5-budget30p-246.pth,2103,637,21026,3.0,30.0,3.0,5,23129,cycle,4,4651,val,0.1007,0.7593,0.746,0.8917,0.8631,0.815,mean,0,-1,-1,-1,-1
pathmnist,active,mc_bald_diverse,246,pathmnist-final_active_best-mc_bald_diverse-init3p-batch3pb-epc5-budget30p-246.pth,2103,637,21026,3.0,30.0,3.0,5,23129,cycle,5,5288,val,0.0703,0.8561,0.8541,0.9442,0.9342,0.8971,mean,0,-1,-1,-1,-1
pathmnist,active,mc_bald_diverse,246,pathmnist-final_active_best-mc_bald_diverse-init3p-batch3pb-epc5-budget30p-246.pth,2103,637,21026,3.0,30.0,3.0,5,23129,cycle,6,5925,val,0.0753,0.8908,0.8907,0.9595,0.9534,0.9236,mean,1,-1,-1,-1,-1
pathmnist,active,mc_bald_diverse,246,pathmnist-final_active_best-mc_bald_diverse-init3p-batch3pb-epc5-budget30p-246.pth,2103,637,21026,3.0,30.0,3.0,5,23129,cycle,7,6562,val,0.0949,0.8982,0.898,0.9643,0.9581,0.9296,mean,1,-1,-1,-1,-1
pathmnist,active,mc_bald_diverse,246,pathmnist-final_active_best-mc_bald_diverse-init3p-batch3pb-epc5-budget30p-246.pth,2103,637,21026,3.0,30.0,3.0,5,23129,cycle,8,7199,val,0.0652,0.88,0.88,0.9535,0.9428,0.9141,mean,0,-1,-1,-1,-1
pathmnist,active,mc_bald_diverse,246,pathmnist-final_active_best-mc_bald_diverse-init3p-batch3pb-epc5-budget30p-246.pth,2103,637,21026,3.0,30.0,3.0,5,23129,cycle,9,7836,val,0.0699,0.8842,0.8831,0.9574,0.9482,0.9182,mean,0,-1,-1,-1,-1
pathmnist,active,mc_bald_diverse,246,pathmnist-final_active_best-mc_bald_diverse-init3p-batch3pb-epc5-budget30p-246.pth,2103,637,21026,3.0,30.0,3.0,5,23129,cycle,10,8473,val,0.0525,0.8887,0.8878,0.9574,0.9513,0.9213,mean,0,-1,-1,-1,-1
pathmnist,active,mc_bald_diverse,246,pathmnist-final_active_best-mc_bald_diverse-init3p-batch3pb-epc5-budget30p-246.pth,2103,637,21026,3.0,30.0,3.0,5,23129,cycle,11,9110,val,0.1305,0.6307,0.6264,0.6569,0.6428,0.6392,mean,0,-1,-1,-1,-1
pathmnist,active,mc_bald_diverse,246,pathmnist-final_active_best-mc_bald_diverse-init3p-batch3pb-epc5-budget30p-246.pth,2103,637,21026,3.0,30.0,3.0,5,23129,cycle,12,9747,val,0.1547,0.8999,0.8994,0.9656,0.9579,0.9307,mean,1,-1,-1,-1,-1
pathmnist,active,mc_bald_diverse,246,pathmnist-final_active_best-mc_bald_diverse-init3p-batch3pb-epc5-budget30p-246.pth,2103,637,21026,3.0,30.0,3.0,5,23129,cycle,13,10384,val,0.0412,0.9186,0.9184,0.9725,0.9656,0.9438,mean,1,-1,-1,-1,-1
pathmnist,active,mc_bald_diverse,246,pathmnist-final_active_best-mc_bald_diverse-init3p-batch3pb-epc5-budget30p-246.pth,2103,637,21026,3.0,30.0,3.0,5,23129,cycle,14,11021,val,0.0377,0.9154,0.9149,0.9745,0.9699,0.9437,mean,0,-1,-1,-1,-1
pathmnist,active,mc_bald_diverse,246,pathmnist-final_active_best-mc_bald_diverse-init3p-batch3pb-epc5-budget30p-246.pth,2103,637,21026,3.0,30.0,3.0,5,23129,cycle,15,11658,val,0.0409,0.8822,0.8808,0.9562,0.9415,0.9152,mean,0,-1,-1,-1,-1
pathmnist,active,mc_bald_diverse,246,pathmnist-final_active_best-mc_bald_diverse-init3p-batch3pb-epc5-budget30p-246.pth,2103,637,21026,3.0,30.0,3.0,5,23129,cycle,16,12295,val,0.035,0.8926,0.8906,0.9727,0.967,0.9307,mean,0,-1,-1,-1,-1
pathmnist,active,mc_bald_diverse,246,pathmnist-final_active_best-mc_bald_diverse-init3p-batch3pb-epc5-budget30p-246.pth,2103,637,21026,3.0,30.0,3.0,5,23129,cycle,17,12932,val,0.0409,0.8627,0.8614,0.9409,0.9261,0.8978,mean,0,-1,-1,-1,-1
pathmnist,active,mc_bald_diverse,246,pathmnist-final_active_best-mc_bald_diverse-init3p-batch3pb-epc5-budget30p-246.pth,2103,637,21026,3.0,30.0,3.0,5,23129,cycle,18,13569,val,0.1543,0.8977,0.8969,0.9634,0.9555,0.9284,mean,0,-1,-1,-1,-1
pathmnist,active,mc_bald_diverse,246,pathmnist-final_active_best-mc_bald_diverse-init3p-batch3pb-epc5-budget30p-246.pth,2103,637,21026,3.0,30.0,3.0,5,23129,cycle,19,14206,val,0.0305,0.8914,0.89,0.9602,0.954,0.9239,mean,0,-1,-1,-1,-1
pathmnist,active,mc_bald_diverse,246,pathmnist-final_active_best-mc_bald_diverse-init3p-batch3pb-epc5-budget30p-246.pth,2103,637,21026,3.0,30.0,3.0,5,23129,cycle,20,14843,val,0.0291,0.9179,0.9174,0.9737,0.9675,0.9441,mean,1,-1,-1,-1,-1
pathmnist,active,mc_bald_diverse,246,pathmnist-final_active_best-mc_bald_diverse-init3p-batch3pb-epc5-budget30p-246.pth,2103,637,21026,3.0,30.0,3.0,5,23129,cycle,21,15480,val,0.03,0.9081,0.9073,0.9696,0.9657,0.9377,mean,0,-1,-1,-1,-1
pathmnist,active,mc_bald_diverse,246,pathmnist-final_active_best-mc_bald_diverse-init3p-batch3pb-epc5-budget30p-246.pth,2103,637,21026,3.0,30.0,3.0,5,23129,cycle,22,16117,val,0.0295,0.8995,0.8988,0.9636,0.9553,0.9293,mean,0,-1,-1,-1,-1
pathmnist,active,mc_bald_diverse,246,pathmnist-final_active_best-mc_bald_diverse-init3p-batch3pb-epc5-budget30p-246.pth,2103,637,21026,3.0,30.0,3.0,5,23129,cycle,23,16754,val,0.0255,0.9146,0.914,0.9731,0.9685,0.9426,mean,0,-1,-1,-1,-1
pathmnist,active,mc_bald_diverse,246,pathmnist-final_active_best-mc_bald_diverse-init3p-batch3pb-epc5-budget30p-246.pth,2103,637,21026,3.0,30.0,3.0,5,23129,cycle,24,17391,val,0.0267,0.8895,0.8886,0.9584,0.9509,0.9219,mean,0,-1,-1,-1,-1
pathmnist,active,mc_bald_diverse,246,pathmnist-final_active_best-mc_bald_diverse-init3p-batch3pb-epc5-budget30p-246.pth,2103,637,21026,3.0,30.0,3.0,5,23129,cycle,25,18028,val,0.0239,0.8381,0.8371,0.9179,0.9167,0.8775,mean,0,-1,-1,-1,-1
pathmnist,active,mc_bald_diverse,246,pathmnist-final_active_best-mc_bald_diverse-init3p-batch3pb-epc5-budget30p-246.pth,2103,637,21026,3.0,30.0,3.0,5,23129,cycle,26,18665,val,0.021,0.9108,0.9106,0.9689,0.9617,0.938,mean,0,-1,-1,-1,-1
pathmnist,active,mc_bald_diverse,246,pathmnist-final_active_best-mc_bald_diverse-init3p-batch3pb-epc5-budget30p-246.pth,2103,637,21026,3.0,30.0,3.0,5,23129,cycle,27,19302,val,0.0232,0.8678,0.8655,0.9495,0.9441,0.9067,mean,0,-1,-1,-1,-1
pathmnist,active,mc_bald_diverse,246,pathmnist-final_active_best-mc_bald_diverse-init3p-batch3pb-epc5-budget30p-246.pth,2103,637,21026,3.0,30.0,3.0,5,23129,cycle,28,19939,val,0.033,0.9304,0.9303,0.9822,0.9784,0.9553,mean,1,-1,-1,-1,-1
pathmnist,active,mc_bald_diverse,246,pathmnist-final_active_best-mc_bald_diverse-init3p-batch3pb-epc5-budget30p-246.pth,2103,637,21026,3.0,30.0,3.0,5,23129,cycle,29,20576,val,0.0186,0.9394,0.9392,0.9842,0.9813,0.961,mean,1,-1,-1,-1,-1
pathmnist,active,mc_bald_diverse,246,pathmnist-final_active_best-mc_bald_diverse-init3p-batch3pb-epc5-budget30p-246.pth,2103,637,21026,3.0,30.0,3.0,5,23129,cycle,30,21213,val,0.022,0.9203,0.92,0.9752,0.9701,0.9464,mean,0,-1,-1,-1,-1
pathmnist,active,mc_bald_diverse,246,pathmnist-final_active_best-mc_bald_diverse-init3p-batch3pb-epc5-budget30p-246.pth,2103,637,21026,3.0,30.0,3.0,5,23129,cycle,31,21850,val,0.019,0.9058,0.9052,0.9661,0.961,0.9345,mean,0,-1,-1,-1,-1
pathmnist,active,mc_bald_diverse,246,pathmnist-final_active_best-mc_bald_diverse-init3p-batch3pb-epc5-budget30p-246.pth,2103,637,21026,3.0,30.0,3.0,5,23129,cycle,32,22487,val,0.0174,0.92,0.9198,0.9739,0.9676,0.9453,mean,0,-1,-1,-1,-1
pathmnist,active,mc_bald_diverse,246,pathmnist-final_active_best-mc_bald_diverse-init3p-batch3pb-epc5-budget30p-246.pth,2103,637,21026,3.0,30.0,3.0,5,23129,cycle,33,23129,val,0.0173,0.8903,0.8889,0.9612,0.9534,0.9234,mean,0,-1,-1,-1,-1
pathmnist,active,mc_bald_diverse,246,pathmnist-final_active_best-mc_bald_diverse-init3p-batch3pb-epc5-budget30p-246.pth,2103,637,21026,3.0,30.0,3.0,5,23129,final,-1,20576,test,-1,0.8814,0.8728,0.954,0.915,,mean,-1,1771,454,3252,222
pathmnist,active,mc_bald_diverse,9012,pathmnist-final_active_best-mc_bald_diverse-init3p-batch3pb-epc5-budget30p-9012.pth,2103,637,21026,3.0,30.0,3.0,5,23129,cycle,0,2103,val,0.3476,0.8125,0.808,0.919,0.8976,0.8593,mean,1,-1,-1,-1,-1
pathmnist,active,mc_bald_diverse,9012,pathmnist-final_active_best-mc_bald_diverse-init3p-batch3pb-epc5-budget30p-9012.pth,2103,637,21026,3.0,30.0,3.0,5,23129,cycle,1,2740,val,0.2143,0.8111,0.8106,0.8921,0.8611,0.8437,mean,0,-1,-1,-1,-1
pathmnist,active,mc_bald_diverse,9012,pathmnist-final_active_best-mc_bald_diverse-init3p-batch3pb-epc5-budget30p-9012.pth,2103,637,21026,3.0,30.0,3.0,5,23129,cycle,2,3377,val,0.1334,0.7437,0.7228,0.9019,0.8835,0.813,mean,0,-1,-1,-1,-1
pathmnist,active,mc_bald_diverse,9012,pathmnist-final_active_best-mc_bald_diverse-init3p-batch3pb-epc5-budget30p-9012.pth,2103,637,21026,3.0,30.0,3.0,5,23129,cycle,3,4014,val,0.1145,0.8751,0.8742,0.9455,0.9335,0.9071,mean,1,-1,-1,-1,-1
pathmnist,active,mc_bald_diverse,9012,pathmnist-final_active_best-mc_bald_diverse-init3p-batch3pb-epc5-budget30p-9012.pth,2103,637,21026,3.0,30.0,3.0,5,23129,cycle,4,4651,val,0.099,0.8396,0.8379,0.9176,0.9028,0.8745,mean,0,-1,-1,-1,-1
pathmnist,active,mc_bald_diverse,9012,pathmnist-final_active_best-mc_bald_diverse-init3p-batch3pb-epc5-budget30p-9012.pth,2103,637,21026,3.0,30.0,3.0,5,23129,cycle,5,5288,val,0.0797,0.8977,0.8973,0.9631,0.9547,0.9282,mean,1,-1,-1,-1,-1
pathmnist,active,mc_bald_diverse,9012,pathmnist-final_active_best-mc_bald_diverse-init3p-batch3pb-epc5-budget30p-9012.pth,2103,637,21026,3.0,30.0,3.0,5,23129,cycle,6,5925,val,0.0819,0.8633,0.8631,0.9536,0.9389,0.9048,mean,0,-1,-1,-1,-1
pathmnist,active,mc_bald_diverse,9012,pathmnist-final_active_best-mc_bald_diverse-init3p-batch3pb-epc5-budget30p-9012.pth,2103,637,21026,3.0,30.0,3.0,5,23129,cycle,7,6562,val,0.1066,0.8306,0.8282,0.9249,0.9064,0.8725,mean,0,-1,-1,-1,-1
pathmnist,active,mc_bald_diverse,9012,pathmnist-final_active_best-mc_bald_diverse-init3p-batch3pb-epc5-budget30p-9012.pth,2103,637,21026,3.0,30.0,3.0,5,23129,cycle,8,7199,val,0.0526,0.8736,0.8711,0.9546,0.9519,0.9128,mean,0,-1,-1,-1,-1
pathmnist,active,mc_bald_diverse,9012,pathmnist-final_active_best-mc_bald_diverse-init3p-batch3pb-epc5-budget30p-9012.pth,2103,637,21026,3.0,30.0,3.0,5,23129,cycle,9,7836,val,0.0585,0.9013,0.9008,0.9671,0.9587,0.932,mean,1,-1,-1,-1,-1
pathmnist,active,mc_bald_diverse,9012,pathmnist-final_active_best-mc_bald_diverse-init3p-batch3pb-epc5-budget30p-9012.pth,2103,637,21026,3.0,30.0,3.0,5,23129,cycle,10,8473,val,0.0524,0.8298,0.8267,0.9191,0.9078,0.8708,mean,0,-1,-1,-1,-1
pathmnist,active,mc_bald_diverse,9012,pathmnist-final_active_best-mc_bald_diverse-init3p-batch3pb-epc5-budget30p-9012.pth,2103,637,21026,3.0,30.0,3.0,5,23129,cycle,11,9110,val,0.046,0.8592,0.8584,0.9339,0.9196,0.8928,mean,0,-1,-1,-1,-1
pathmnist,active,mc_bald_diverse,9012,pathmnist-final_active_best-mc_bald_diverse-init3p-batch3pb-epc5-budget30p-9012.pth,2103,637,21026,3.0,30.0,3.0,5,23129,cycle,12,9747,val,0.0428,0.9013,0.9008,0.9616,0.9515,0.9288,mean,0,-1,-1,-1,-1
pathmnist,active,mc_bald_diverse,9012,pathmnist-final_active_best-mc_bald_diverse-init3p-batch3pb-epc5-budget30p-9012.pth,2103,637,21026,3.0,30.0,3.0,5,23129,cycle,13,10384,val,0.0526,0.8846,0.8846,0.9588,0.9475,0.9189,mean,0,-1,-1,-1,-1
pathmnist,active,mc_bald_diverse,9012,pathmnist-final_active_best-mc_bald_diverse-init3p-batch3pb-epc5-budget30p-9012.pth,2103,637,21026,3.0,30.0,3.0,5,23129,cycle,14,11021,val,0.0358,0.8236,0.8212,0.9182,0.9058,0.8672,mean,0,-1,-1,-1,-1
pathmnist,active,mc_bald_diverse,9012,pathmnist-final_active_best-mc_bald_diverse-init3p-batch3pb-epc5-budget30p-9012.pth,2103,637,21026,3.0,30.0,3.0,5,23129,cycle,15,11658,val,0.037,0.8134,0.8043,0.9502,0.9378,0.8764,mean,0,-1,-1,-1,-1
pathmnist,active,mc_bald_diverse,9012,pathmnist-final_active_best-mc_bald_diverse-init3p-batch3pb-epc5-budget30p-9012.pth,2103,637,21026,3.0,30.0,3.0,5,23129,cycle,16,12295,val,0.0332,0.9166,0.9162,0.9732,0.9673,0.9433,mean,1,-1,-1,-1,-1
pathmnist,active,mc_bald_diverse,9012,pathmnist-final_active_best-mc_bald_diverse-init3p-batch3pb-epc5-budget30p-9012.pth,2103,637,21026,3.0,30.0,3.0,5,23129,cycle,17,12932,val,0.0647,0.9202,0.9198,0.9733,0.964,0.9443,mean,1,-1,-1,-1,-1
pathmnist,active,mc_bald_diverse,9012,pathmnist-final_active_best-mc_bald_diverse-init3p-batch3pb-epc5-budget30p-9012.pth,2103,637,21026,3.0,30.0,3.0,5,23129,cycle,18,13569,val,0.0301,0.8968,0.8958,0.9657,0.9551,0.9284,mean,0,-1,-1,-1,-1
pathmnist,active,mc_bald_diverse,9012,pathmnist-final_active_best-mc_bald_diverse-init3p-batch3pb-epc5-budget30p-9012.pth,2103,637,21026,3.0,30.0,3.0,5,23129,cycle,19,14206,val,0.0282,0.9176,0.9173,0.9741,0.9659,0.9437,mean,0,-1,-1,-1,-1
pathmnist,active,mc_bald_diverse,9012,pathmnist-final_active_best-mc_bald_diverse-init3p-batch3pb-epc5-budget30p-9012.pth,2103,637,21026,3.0,30.0,3.0,5,23129,cycle,20,14843,val,0.0308,0.8751,0.8723,0.9589,0.9562,0.9156,mean,0,-1,-1,-1,-1
pathmnist,active,mc_bald_diverse,9012,pathmnist-final_active_best-mc_bald_diverse-init3p-batch3pb-epc5-budget30p-9012.pth,2103,637,21026,3.0,30.0,3.0,5,23129,cycle,21,15480,val,0.1241,0.9254,0.9249,0.9794,0.9736,0.9509,mean,1,-1,-1,-1,-1
pathmnist,active,mc_bald_diverse,9012,pathmnist-final_active_best-mc_bald_diverse-init3p-batch3pb-epc5-budget30p-9012.pth,2103,637,21026,3.0,30.0,3.0,5,23129,cycle,22,16117,val,0.0266,0.9231,0.923,0.977,0.9716,0.9487,mean,0,-1,-1,-1,-1
pathmnist,active,mc_bald_diverse,9012,pathmnist-final_active_best-mc_bald_diverse-init3p-batch3pb-epc5-budget30p-9012.pth,2103,637,21026,3.0,30.0,3.0,5,23129,cycle,23,16754,val,0.0304,0.9053,0.9046,0.9702,0.9661,0.9365,mean,0,-1,-1,-1,-1
pathmnist,active,mc_bald_diverse,9012,pathmnist-final_active_best-mc_bald_diverse-init3p-batch3pb-epc5-budget30p-9012.pth,2103,637,21026,3.0,30.0,3.0,5,23129,cycle,24,17391,val,0.0258,0.8733,0.8725,0.9472,0.9317,0.9062,mean,0,-1,-1,-1,-1
pathmnist,active,mc_bald_diverse,9012,pathmnist-final_active_best-mc_bald_diverse-init3p-batch3pb-epc5-budget30p-9012.pth,2103,637,21026,3.0,30.0,3.0,5,23129,cycle,25,18028,val,0.0236,0.9119,0.911,0.9751,0.9702,0.9421,mean,0,-1,-1,-1,-1
pathmnist,active,mc_bald_diverse,9012,pathmnist-final_active_best-mc_bald_diverse-init3p-batch3pb-epc5-budget30p-9012.pth,2103,637,21026,3.0,30.0,3.0,5,23129,cycle,26,18665,val,0.1521,0.9236,0.9235,0.9759,0.9694,0.9481,mean,0,-1,-1,-1,-1
pathmnist,active,mc_bald_diverse,9012,pathmnist-final_active_best-mc_bald_diverse-init3p-batch3pb-epc5-budget30p-9012.pth,2103,637,21026,3.0,30.0,3.0,5,23129,cycle,27,19302,val,0.0194,0.9331,0.933,0.9811,0.9761,0.9558,mean,1,-1,-1,-1,-1
pathmnist,active,mc_bald_diverse,9012,pathmnist-final_active_best-mc_bald_diverse-init3p-batch3pb-epc5-budget30p-9012.pth,2103,637,21026,3.0,30.0,3.0,5,23129,cycle,28,19939,val,0.0212,0.8895,0.8895,0.9577,0.9377,0.9186,mean,0,-1,-1,-1,-1
pathmnist,active,mc_bald_diverse,9012,pathmnist-final_active_best-mc_bald_diverse-init3p-batch3pb-epc5-budget30p-9012.pth,2103,637,21026,3.0,30.0,3.0,5,23129,cycle,29,20576,val,0.0277,0.9046,0.9046,0.9707,0.9587,0.9347,mean,0,-1,-1,-1,-1
pathmnist,active,mc_bald_diverse,9012,pathmnist-final_active_best-mc_bald_diverse-init3p-batch3pb-epc5-budget30p-9012.pth,2103,637,21026,3.0,30.0,3.0,5,23129,cycle,30,21213,val,0.0205,0.9253,0.9249,0.9777,0.9732,0.9503,mean,0,-1,-1,-1,-1
pathmnist,active,mc_bald_diverse,9012,pathmnist-final_active_best-mc_bald_diverse-init3p-batch3pb-epc5-budget30p-9012.pth,2103,637,21026,3.0,30.0,3.0,5,23129,cycle,31,21850,val,0.0218,0.9217,0.9207,0.98,0.9753,0.9494,mean,0,-1,-1,-1,-1
pathmnist,active,mc_bald_diverse,9012,pathmnist-final_active_best-mc_bald_diverse-init3p-batch3pb-epc5-budget30p-9012.pth,2103,637,21026,3.0,30.0,3.0,5,23129,cycle,32,22487,val,0.0229,0.9325,0.9322,0.9811,0.9767,0.9556,mean,0,-1,-1,-1,-1
pathmnist,active,mc_bald_diverse,9012,pathmnist-final_active_best-mc_bald_diverse-init3p-batch3pb-epc5-budget30p-9012.pth,2103,637,21026,3.0,30.0,3.0,5,23129,cycle,33,23129,val,0.0216,0.8783,0.8768,0.9563,0.9489,0.9151,mean,0,-1,-1,-1,-1
pathmnist,active,mc_bald_diverse,9012,pathmnist-final_active_best-mc_bald_diverse-init3p-batch3pb-epc5-budget30p-9012.pth,2103,637,21026,3.0,30.0,3.0,5,23129,final,-1,19302,test,-1,0.8944,0.8864,0.9578,0.9209,,mean,-1,1796,405,3301,197
pathmnist,active,mc_bald_diverse,34895,pathmnist-final_active_best-mc_bald_diverse-init3p-batch3pb-epc5-budget30p-34895.pth,2103,637,21026,3.0,30.0,3.0,5,23129,cycle,0,2103,val,0.3083,0.8604,0.8591,0.9352,0.9153,0.8925,mean,1,-1,-1,-1,-1
pathmnist,active,mc_bald_diverse,34895,pathmnist-final_active_best-mc_bald_diverse-init3p-batch3pb-epc5-budget30p-34895.pth,2103,637,21026,3.0,30.0,3.0,5,23129,cycle,1,2740,val,0.187,0.8677,0.8658,0.9467,0.9362,0.9041,mean,1,-1,-1,-1,-1
pathmnist,active,mc_bald_diverse,34895,pathmnist-final_active_best-mc_bald_diverse-init3p-batch3pb-epc5-budget30p-34895.pth,2103,637,21026,3.0,30.0,3.0,5,23129,cycle,2,3377,val,0.1404,0.8704,0.8704,0.9491,0.9371,0.9068,mean,1,-1,-1,-1,-1
pathmnist,active,mc_bald_diverse,34895,pathmnist-final_active_best-mc_bald_diverse-init3p-batch3pb-epc5-budget30p-34895.pth,2103,637,21026,3.0,30.0,3.0,5,23129,cycle,3,4014,val,0.1108,0.8544,0.8544,0.9302,0.8976,0.8842,mean,0,-1,-1,-1,-1
pathmnist,active,mc_bald_diverse,34895,pathmnist-final_active_best-mc_bald_diverse-init3p-batch3pb-epc5-budget30p-34895.pth,2103,637,21026,3.0,30.0,3.0,5,23129,cycle,4,4651,val,0.0909,0.871,0.8706,0.9441,0.9346,0.9051,mean,0,-1,-1,-1,-1
pathmnist,active,mc_bald_diverse,34895,pathmnist-final_active_best-mc_bald_diverse-init3p-batch3pb-epc5-budget30p-34895.pth,2103,637,21026,3.0,30.0,3.0,5,23129,cycle,5,5288,val,0.177,0.8652,0.8643,0.9414,0.9355,0.9016,mean,0,-1,-1,-1,-1
pathmnist,active,mc_bald_diverse,34895,pathmnist-final_active_best-mc_bald_diverse-init3p-batch3pb-epc5-budget30p-34895.pth,2103,637,21026,3.0,30.0,3.0,5,23129,cycle,6,5925,val,0.0644,0.8891,0.8891,0.9593,0.9485,0.9215,mean,1,-1,-1,-1,-1
pathmnist,active,mc_bald_diverse,34895,pathmnist-final_active_best-mc_bald_diverse-init3p-batch3pb-epc5-budget30p-34895.pth,2103,637,21026,3.0,30.0,3.0,5,23129,cycle,7,6562,val,0.0705,0.9009,0.9005,0.9604,0.9482,0.9275,mean,1,-1,-1,-1,-1
pathmnist,active,mc_bald_diverse,34895,pathmnist-final_active_best-mc_bald_diverse-init3p-batch3pb-epc5-budget30p-34895.pth,2103,637,21026,3.0,30.0,3.0,5,23129,cycle,8,7199,val,0.0632,0.8801,0.8791,0.954,0.9425,0.9139,mean,0,-1,-1,-1,-1
pathmnist,active,mc_bald_diverse,34895,pathmnist-final_active_best-mc_bald_diverse-init3p-batch3pb-epc5-budget30p-34895.pth,2103,637,21026,3.0,30.0,3.0,5,23129,cycle,9,7836,val,0.0597,0.8831,0.8818,0.9547,0.9478,0.9169,mean,0,-1,-1,-1,-1
pathmnist,active,mc_bald_diverse,34895,pathmnist-final_active_best-mc_bald_diverse-init3p-batch3pb-epc5-budget30p-34895.pth,2103,637,21026,3.0,30.0,3.0,5,23129,cycle,10,8473,val,0.0544,0.8944,0.8933,0.9623,0.9561,0.9265,mean,0,-1,-1,-1,-1
pathmnist,active,mc_bald_diverse,34895,pathmnist-final_active_best-mc_bald_diverse-init3p-batch3pb-epc5-budget30p-34895.pth,2103,637,21026,3.0,30.0,3.0,5,23129,cycle,11,9110,val,0.051,0.8924,0.8918,0.9597,0.9497,0.9234,mean,0,-1,-1,-1,-1
pathmnist,active,mc_bald_diverse,34895,pathmnist-final_active_best-mc_bald_diverse-init3p-batch3pb-epc5-budget30p-34895.pth,2103,637,21026,3.0,30.0,3.0,5,23129,cycle,12,9747,val,0.0484,0.9107,0.9104,0.9672,0.9563,0.9362,mean,1,-1,-1,-1,-1
pathmnist,active,mc_bald_diverse,34895,pathmnist-final_active_best-mc_bald_diverse-init3p-batch3pb-epc5-budget30p-34895.pth,2103,637,21026,3.0,30.0,3.0,5,23129,cycle,13,10384,val,0.0444,0.8216,0.8213,0.905,0.8863,0.8586,mean,0,-1,-1,-1,-1
pathmnist,active,mc_bald_diverse,34895,pathmnist-final_active_best-mc_bald_diverse-init3p-batch3pb-epc5-budget30p-34895.pth,2103,637,21026,3.0,30.0,3.0,5,23129,cycle,14,11021,val,0.0571,0.786,0.7839,0.8742,0.848,0.823,mean,0,-1,-1,-1,-1
pathmnist,active,mc_bald_diverse,34895,pathmnist-final_active_best-mc_bald_diverse-init3p-batch3pb-epc5-budget30p-34895.pth,2103,637,21026,3.0,30.0,3.0,5,23129,cycle,15,11658,val,0.0849,0.8781,0.8757,0.9596,0.9539,0.9168,mean,0,-1,-1,-1,-1
pathmnist,active,mc_bald_diverse,34895,pathmnist-final_active_best-mc_bald_diverse-init3p-batch3pb-epc5-budget30p-34895.pth,2103,637,21026,3.0,30.0,3.0,5,23129,cycle,16,12295,val,0.0291,0.9019,0.9012,0.966,0.9609,0.9325,mean,0,-1,-1,-1,-1
pathmnist,active,mc_bald_diverse,34895,pathmnist-final_active_best-mc_bald_diverse-init3p-batch3pb-epc5-budget30p-34895.pth,2103,637,21026,3.0,30.0,3.0,5,23129,cycle,17,12932,val,0.033,0.9127,0.9122,0.9673,0.9592,0.9379,mean,1,-1,-1,-1,-1
pathmnist,active,mc_bald_diverse,34895,pathmnist-final_active_best-mc_bald_diverse-init3p-batch3pb-epc5-budget30p-34895.pth,2103,637,21026,3.0,30.0,3.0,5,23129,cycle,18,13569,val,0.0344,0.8541,0.8511,0.9426,0.9275,0.8938,mean,0,-1,-1,-1,-1
pathmnist,active,mc_bald_diverse,34895,pathmnist-final_active_best-mc_bald_diverse-init3p-batch3pb-epc5-budget30p-34895.pth,2103,637,21026,3.0,30.0,3.0,5,23129,cycle,19,14206,val,0.03,0.9099,0.9097,0.9715,0.966,0.9393,mean,1,-1,-1,-1,-1
pathmnist,active,mc_bald_diverse,34895,pathmnist-final_active_best-mc_bald_diverse-init3p-batch3pb-epc5-budget30p-34895.pth,2103,637,21026,3.0,30.0,3.0,5,23129,cycle,20,14843,val,0.0308,0.8933,0.8919,0.9628,0.9574,0.9264,mean,0,-1,-1,-1,-1
pathmnist,active,mc_bald_diverse,34895,pathmnist-final_active_best-mc_bald_diverse-init3p-batch3pb-epc5-budget30p-34895.pth,2103,637,21026,3.0,30.0,3.0,5,23129,cycle,21,15480,val,0.0741,0.9204,0.9198,0.9765,0.9715,0.9471,mean,1,-1,-1,-1,-1
pathmnist,active,mc_bald_diverse,34895,pathmnist-final_active_best-mc_bald_diverse-init3p-batch3pb-epc5-budget30p-34895.pth,2103,637,21026,3.0,30.0,3.0,5,23129,cycle,22,16117,val,0.0306,0.9214,0.9211,0.9759,0.969,0.9468,mean,0,-1,-1,-1,-1
pathmnist,active,mc_bald_diverse,34895,pathmnist-final_active_best-mc_bald_diverse-init3p-batch3pb-epc5-budget30p-34895.pth,2103,637,21026,3.0,30.0,3.0,5,23129,cycle,23,16754,val,0.0223,0.9257,0.9254,0.9762,0.9692,0.9491,mean,1,-1,-1,-1,-1
pathmnist,active,mc_bald_diverse,34895,pathmnist-final_active_best-mc_bald_diverse-init3p-batch3pb-epc5-budget30p-34895.pth,2103,637,21026,3.0,30.0,3.0,5,23129,cycle,24,17391,val,0.023,0.9343,0.934,0.9813,0.9769,0.9566,mean,1,-1,-1,-1,-1
pathmnist,active,mc_bald_diverse,34895,pathmnist-final_active_best-mc_bald_diverse-init3p-batch3pb-epc5-budget30p-34895.pth,2103,637,21026,3.0,30.0,3.0,5,23129,cycle,25,18028,val,0.0302,0.906,0.9054,0.9673,0.9589,0.9344,mean,0,-1,-1,-1,-1
pathmnist,active,mc_bald_diverse,34895,pathmnist-final_active_best-mc_bald_diverse-init3p-batch3pb-epc5-budget30p-34895.pth,2103,637,21026,3.0,30.0,3.0,5,23129,cycle,26,18665,val,0.025,0.8926,0.8923,0.9604,0.9514,0.9241,mean,0,-1,-1,-1,-1
pathmnist,active,mc_bald_diverse,34895,pathmnist-final_active_best-mc_bald_diverse-init3p-batch3pb-epc5-budget30p-34895.pth,2103,637,21026,3.0,30.0,3.0,5,23129,cycle,27,19302,val,0.0227,0.8179,0.8082,0.9514,0.9453,0.8807,mean,0,-1,-1,-1,-1
pathmnist,active,mc_bald_diverse,34895,pathmnist-final_active_best-mc_bald_diverse-init3p-batch3pb-epc5-budget30p-34895.pth,2103,637,21026,3.0,30.0,3.0,5,23129,cycle,28,19939,val,0.0229,0.9182,0.9175,0.9769,0.9712,0.946,mean,0,-1,-1,-1,-1
pathmnist,active,mc_bald_diverse,34895,pathmnist-final_active_best-mc_bald_diverse-init3p-batch3pb-epc5-budget30p-34895.pth,2103,637,21026,3.0,30.0,3.0,5,23129,cycle,29,20576,val,0.0208,0.8788,0.8778,0.9538,0.9398,0.9126,mean,0,-1,-1,-1,-1
pathmnist,active,mc_bald_diverse,34895,pathmnist-final_active_best-mc_bald_diverse-init3p-batch3pb-epc5-budget30p-34895.pth,2103,637,21026,3.0,30.0,3.0,5,23129,cycle,30,21213,val,0.0204,0.8842,0.8838,0.9501,0.9362,0.9136,mean,0,-1,-1,-1,-1
pathmnist,active,mc_bald_diverse,34895,pathmnist-final_active_best-mc_bald_diverse-init3p-batch3pb-epc5-budget30p-34895.pth,2103,637,21026,3.0,30.0,3.0,5,23129,cycle,31,21850,val,0.0182,0.8917,0.8916,0.9592,0.9471,0.9224,mean,0,-1,-1,-1,-1
pathmnist,active,mc_bald_diverse,34895,pathmnist-final_active_best-mc_bald_diverse-init3p-batch3pb-epc5-budget30p-34895.pth,2103,637,21026,3.0,30.0,3.0,5,23129,cycle,32,22487,val,0.0214,0.9316,0.9312,0.9808,0.9778,0.9554,mean,0,-1,-1,-1,-1
pathmnist,active,mc_bald_diverse,34895,pathmnist-final_active_best-mc_bald_diverse-init3p-batch3pb-epc5-budget30p-34895.pth,2103,637,21026,3.0,30.0,3.0,5,23129,cycle,33,23129,val,0.0177,0.9231,0.923,0.979,0.9734,0.9496,mean,0,-1,-1,-1,-1
pathmnist,active,mc_bald_diverse,34895,pathmnist-final_active_best-mc_bald_diverse-init3p-batch3pb-epc5-budget30p-34895.pth,2103,637,21026,3.0,30.0,3.0,5,23129,final,-1,17391,test,-1,0.8889,0.8819,0.958,0.9335,,mean,-1,1836,476,3230,157
pathmnist,active,mc_bald_diverse,148932,pathmnist-final_active_best-mc_bald_diverse-init3p-batch3pb-epc5-budget30p-148932.pth,2103,637,21026,3.0,30.0,3.0,5,23129,cycle,0,2103,val,0.3286,0.7038,0.6703,0.8885,0.8641,0.7817,mean,1,-1,-1,-1,-1
pathmnist,active,mc_bald_diverse,148932,pathmnist-final_active_best-mc_bald_diverse-init3p-batch3pb-epc5-budget30p-148932.pth,2103,637,21026,3.0,30.0,3.0,5,23129,cycle,1,2740,val,0.2026,0.7999,0.7941,0.8955,0.8889,0.8446,mean,1,-1,-1,-1,-1
pathmnist,active,mc_bald_diverse,148932,pathmnist-final_active_best-mc_bald_diverse-init3p-batch3pb-epc5-budget30p-148932.pth,2103,637,21026,3.0,30.0,3.0,5,23129,cycle,2,3377,val,0.129,0.8539,0.8539,0.936,0.9181,0.8905,mean,1,-1,-1,-1,-1
pathmnist,active,mc_bald_diverse,148932,pathmnist-final_active_best-mc_bald_diverse-init3p-batch3pb-epc5-budget30p-148932.pth,2103,637,21026,3.0,30.0,3.0,5,23129,cycle,3,4014,val,0.0961,0.8853,0.8851,0.9556,0.9452,0.9178,mean,1,-1,-1,-1,-1
pathmnist,active,mc_bald_diverse,148932,pathmnist-final_active_best-mc_bald_diverse-init3p-batch3pb-epc5-budget30p-148932.pth,2103,637,21026,3.0,30.0,3.0,5,23129,cycle,4,4651,val,0.0909,0.8406,0.8371,0.9353,0.9169,0.8825,mean,0,-1,-1,-1,-1
pathmnist,active,mc_bald_diverse,148932,pathmnist-final_active_best-mc_bald_diverse-init3p-batch3pb-epc5-budget30p-148932.pth,2103,637,21026,3.0,30.0,3.0,5,23129,cycle,5,5288,val,0.0826,0.8796,0.8791,0.953,0.9443,0.914,mean,0,-1,-1,-1,-1
pathmnist,active,mc_bald_diverse,148932,pathmnist-final_active_best-mc_bald_diverse-init3p-batch3pb-epc5-budget30p-148932.pth,2103,637,21026,3.0,30.0,3.0,5,23129,cycle,6,5925,val,0.0904,0.8832,0.8817,0.9589,0.9487,0.9181,mean,1,-1,-1,-1,-1
pathmnist,active,mc_bald_diverse,148932,pathmnist-final_active_best-mc_bald_diverse-init3p-batch3pb-epc5-budget30p-148932.pth,2103,637,21026,3.0,30.0,3.0,5,23129,cycle,7,6562,val,0.0762,0.8162,0.8126,0.9185,0.8959,0.8608,mean,0,-1,-1,-1,-1
pathmnist,active,mc_bald_diverse,148932,pathmnist-final_active_best-mc_bald_diverse-init3p-batch3pb-epc5-budget30p-148932.pth,2103,637,21026,3.0,30.0,3.0,5,23129,cycle,8,7199,val,0.0604,0.8578,0.8576,0.9311,0.9141,0.8901,mean,0,-1,-1,-1,-1
pathmnist,active,mc_bald_diverse,148932,pathmnist-final_active_best-mc_bald_diverse-init3p-batch3pb-epc5-budget30p-148932.pth,2103,637,21026,3.0,30.0,3.0,5,23129,cycle,9,7836,val,0.053,0.904,0.9039,0.9677,0.9598,0.9339,mean,1,-1,-1,-1,-1
pathmnist,active,mc_bald_diverse,148932,pathmnist-final_active_best-mc_bald_diverse-init3p-batch3pb-epc5-budget30p-148932.pth,2103,637,21026,3.0,30.0,3.0,5,23129,cycle,10,8473,val,0.0566,0.893,0.8926,0.9598,0.953,0.9246,mean,0,-1,-1,-1,-1
pathmnist,active,mc_bald_diverse,148932,pathmnist-final_active_best-mc_bald_diverse-init3p-batch3pb-epc5-budget30p-148932.pth,2103,637,21026,3.0,30.0,3.0,5,23129,cycle,11,9110,val,0.0557,0.9091,0.9085,0.9677,0.9618,0.9368,mean,1,-1,-1,-1,-1
pathmnist,active,mc_bald_diverse,148932,pathmnist-final_active_best-mc_bald_diverse-init3p-batch3pb-epc5-budget30p-148932.pth,2103,637,21026,3.0,30.0,3.0,5,23129,cycle,12,9747,val,0.1081,0.8987,0.898,0.9595,0.9529,0.9273,mean,0,-1,-1,-1,-1
pathmnist,active,mc_bald_diverse,148932,pathmnist-final_active_best-mc_bald_diverse-init3p-batch3pb-epc5-budget30p-148932.pth,2103,637,21026,3.0,30.0,3.0,5,23129,cycle,13,10384,val,0.0431,0.896,0.8948,0.9681,0.9609,0.93,mean,0,-1,-1,-1,-1
pathmnist,active,mc_bald_diverse,148932,pathmnist-final_active_best-mc_bald_diverse-init3p-batch3pb-epc5-budget30p-148932.pth,2103,637,21026,3.0,30.0,3.0,5,23129,cycle,14,11021,val,0.0369,0.9184,0.9179,0.9728,0.9676,0.9442,mean,1,-1,-1,-1,-1
pathmnist,active,mc_bald_diverse,148932,pathmnist-final_active_best-mc_bald_diverse-init3p-batch3pb-epc5-budget30p-148932.pth,2103,637,21026,3.0,30.0,3.0,5,23129,cycle,15,11658,val,0.0427,0.92,0.9195,0.9756,0.9703,0.9463,mean,1,-1,-1,-1,-1
pathmnist,active,mc_bald_diverse,148932,pathmnist-final_active_best-mc_bald_diverse-init3p-batch3pb-epc5-budget30p-148932.pth,2103,637,21026,3.0,30.0,3.0,5,23129,cycle,16,12295,val,0.039,0.9076,0.9069,0.9687,0.9602,0.9359,mean,0,-1,-1,-1,-1
pathmnist,active,mc_bald_diverse,148932,pathmnist-final_active_best-mc_bald_diverse-init3p-batch3pb-epc5-budget30p-148932.pth,2103,637,21026,3.0,30.0,3.0,5,23129,cycle,17,12932,val,0.0358,0.9176,0.9174,0.9741,0.9679,0.9442,mean,0,-1,-1,-1,-1
pathmnist,active,mc_bald_diverse,148932,pathmnist-final_active_best-mc_bald_diverse-init3p-batch3pb-epc5-budget30p-148932.pth,2103,637,21026,3.0,30.0,3.0,5,23129,cycle,18,13569,val,0.0356,0.9122,0.9121,0.9733,0.9666,0.941,mean,0,-1,-1,-1,-1
pathmnist,active,mc_bald_diverse,148932,pathmnist-final_active_best-mc_bald_diverse-init3p-batch3pb-epc5-budget30p-148932.pth,2103,637,21026,3.0,30.0,3.0,5,23129,cycle,19,14206,val,0.031,0.8539,0.8521,0.938,0.9249,0.8923,mean,0,-1,-1,-1,-1
pathmnist,active,mc_bald_diverse,148932,pathmnist-final_active_best-mc_bald_diverse-init3p-batch3pb-epc5-budget30p-148932.pth,2103,637,21026,3.0,30.0,3.0,5,23129,cycle,20,14843,val,0.0264,0.9095,0.9094,0.9633,0.9492,0.9329,mean,0,-1,-1,-1,-1
pathmnist,active,mc_bald_diverse,148932,pathmnist-final_active_best-mc_bald_diverse-init3p-batch3pb-epc5-budget30p-148932.pth,2103,637,21026,3.0,30.0,3.0,5,23129,cycle,21,15480,val,0.0311,0.9235,0.923,0.9787,0.9753,0.9501,mean,1,-1,-1,-1,-1
pathmnist,active,mc_bald_diverse,148932,pathmnist-final_active_best-mc_bald_diverse-init3p-batch3pb-epc5-budget30p-148932.pth,2103,637,21026,3.0,30.0,3.0,5,23129,cycle,22,16117,val,0.0281,0.9071,0.9055,0.9773,0.9732,0.9408,mean,0,-1,-1,-1,-1
pathmnist,active,mc_bald_diverse,148932,pathmnist-final_active_best-mc_bald_diverse-init3p-batch3pb-epc5-budget30p-148932.pth,2103,637,21026,3.0,30.0,3.0,5,23129,cycle,23,16754,val,0.0253,0.8718,0.8707,0.9452,0.9377,0.9063,mean,0,-1,-1,-1,-1
pathmnist,active,mc_bald_diverse,148932,pathmnist-final_active_best-mc_bald_diverse-init3p-batch3pb-epc5-budget30p-148932.pth,2103,637,21026,3.0,30.0,3.0,5,23129,cycle,24,17391,val,0.0237,0.8885,0.8881,0.9583,0.948,0.9207,mean,0,-1,-1,-1,-1
pathmnist,active,mc_bald_diverse,148932,pathmnist-final_active_best-mc_bald_diverse-init3p-batch3pb-epc5-budget30p-148932.pth,2103,637,21026,3.0,30.0,3.0,5,23129,cycle,25,18028,val,0.0212,0.8872,0.8854,0.9654,0.9592,0.9243,mean,0,-1,-1,-1,-1
pathmnist,active,mc_bald_diverse,148932,pathmnist-final_active_best-mc_bald_diverse-init3p-batch3pb-epc5-budget30p-148932.pth,2103,637,21026,3.0,30.0,3.0,5,23129,cycle,26,18665,val,0.0212,0.7914,0.7869,0.8623,0.844,0.8211,mean,0,-1,-1,-1,-1
pathmnist,active,mc_bald_diverse,148932,pathmnist-final_active_best-mc_bald_diverse-init3p-batch3pb-epc5-budget30p-148932.pth,2103,637,21026,3.0,30.0,3.0,5,23129,cycle,27,19302,val,0.0194,0.8808,0.88,0.953,0.9476,0.9153,mean,0,-1,-1,-1,-1
pathmnist,active,mc_bald_diverse,148932,pathmnist-final_active_best-mc_bald_diverse-init3p-batch3pb-epc5-budget30p-148932.pth,2103,637,21026,3.0,30.0,3.0,5,23129,cycle,28,19939,val,0.0525,0.9277,0.9273,0.9796,0.9733,0.952,mean,1,-1,-1,-1,-1
pathmnist,active,mc_bald_diverse,148932,pathmnist-final_active_best-mc_bald_diverse-init3p-batch3pb-epc5-budget30p-148932.pth,2103,637,21026,3.0,30.0,3.0,5,23129,cycle,29,20576,val,0.017,0.9159,0.9151,0.9761,0.9703,0.9444,mean,0,-1,-1,-1,-1
pathmnist,active,mc_bald_diverse,148932,pathmnist-final_active_best-mc_bald_diverse-init3p-batch3pb-epc5-budget30p-148932.pth,2103,637,21026,3.0,30.0,3.0,5,23129,cycle,30,21213,val,0.0173,0.9203,0.9201,0.9762,0.9694,0.9465,mean,0,-1,-1,-1,-1
pathmnist,active,mc_bald_diverse,148932,pathmnist-final_active_best-mc_bald_diverse-init3p-batch3pb-epc5-budget30p-148932.pth,2103,637,21026,3.0,30.0,3.0,5,23129,cycle,31,21850,val,0.0184,0.9348,0.9344,0.9812,0.975,0.9564,mean,1,-1,-1,-1,-1
pathmnist,active,mc_bald_diverse,148932,pathmnist-final_active_best-mc_bald_diverse-init3p-batch3pb-epc5-budget30p-148932.pth,2103,637,21026,3.0,30.0,3.0,5,23129,cycle,32,22487,val,0.0199,0.8682,0.8678,0.9438,0.9252,0.9012,mean,0,-1,-1,-1,-1
pathmnist,active,mc_bald_diverse,148932,pathmnist-final_active_best-mc_bald_diverse-init3p-batch3pb-epc5-budget30p-148932.pth,2103,637,21026,3.0,30.0,3.0,5,23129,cycle,33,23129,val,0.018,0.8678,0.8673,0.9353,0.9195,0.8975,mean,0,-1,-1,-1,-1
pathmnist,active,mc_bald_diverse,148932,pathmnist-final_active_best-mc_bald_diverse-init3p-batch3pb-epc5-budget30p-148932.pth,2103,637,21026,3.0,30.0,3.0,5,23129,final,-1,21850,test,-1,0.9023,0.8953,0.9515,0.8731,,mean,-1,1835,399,3307,158
pathmnist,active,egl_fc,17,pathmnist-final_active_best-egl_fc-init3p-batch3pb-epc5-budget30p-17.pth,2103,637,21026,3.0,30.0,3.0,5,23129,cycle,0,2103,val,0.3685,0.7682,0.7615,0.873,0.8402,0.8108,mean,1,-1,-1,-1,-1
pathmnist,active,egl_fc,17,pathmnist-final_active_best-egl_fc-init3p-batch3pb-epc5-budget30p-17.pth,2103,637,21026,3.0,30.0,3.0,5,23129,cycle,1,2740,val,0.1926,0.7913,0.7911,0.8592,0.8547,0.8241,mean,1,-1,-1,-1,-1
pathmnist,active,egl_fc,17,pathmnist-final_active_best-egl_fc-init3p-batch3pb-epc5-budget30p-17.pth,2103,637,21026,3.0,30.0,3.0,5,23129,cycle,2,3377,val,0.1323,0.8324,0.8324,0.9208,0.9103,0.874,mean,1,-1,-1,-1,-1
pathmnist,active,egl_fc,17,pathmnist-final_active_best-egl_fc-init3p-batch3pb-epc5-budget30p-17.pth,2103,637,21026,3.0,30.0,3.0,5,23129,cycle,3,4014,val,0.1132,0.8675,0.8675,0.9387,0.9204,0.8985,mean,1,-1,-1,-1,-1
pathmnist,active,egl_fc,17,pathmnist-final_active_best-egl_fc-init3p-batch3pb-epc5-budget30p-17.pth,2103,637,21026,3.0,30.0,3.0,5,23129,cycle,4,4651,val,0.1046,0.8917,0.8909,0.9575,0.9491,0.9223,mean,1,-1,-1,-1,-1
pathmnist,active,egl_fc,17,pathmnist-final_active_best-egl_fc-init3p-batch3pb-epc5-budget30p-17.pth,2103,637,21026,3.0,30.0,3.0,5,23129,cycle,5,5288,val,0.1148,0.823,0.8219,0.9091,0.9062,0.865,mean,0,-1,-1,-1,-1
pathmnist,active,egl_fc,17,pathmnist-final_active_best-egl_fc-init3p-batch3pb-epc5-budget30p-17.pth,2103,637,21026,3.0,30.0,3.0,5,23129,cycle,6,5925,val,0.0654,0.8704,0.8699,0.9394,0.9278,0.9019,mean,0,-1,-1,-1,-1
pathmnist,active,egl_fc,17,pathmnist-final_active_best-egl_fc-init3p-batch3pb-epc5-budget30p-17.pth,2103,637,21026,3.0,30.0,3.0,5,23129,cycle,7,6562,val,0.0745,0.8664,0.8645,0.9451,0.9364,0.9031,mean,0,-1,-1,-1,-1
pathmnist,active,egl_fc,17,pathmnist-final_active_best-egl_fc-init3p-batch3pb-epc5-budget30p-17.pth,2103,637,21026,3.0,30.0,3.0,5,23129,cycle,8,7199,val,0.0918,0.8782,0.8774,0.9505,0.939,0.9113,mean,0,-1,-1,-1,-1
pathmnist,active,egl_fc,17,pathmnist-final_active_best-egl_fc-init3p-batch3pb-epc5-budget30p-17.pth,2103,637,21026,3.0,30.0,3.0,5,23129,cycle,9,7836,val,0.0614,0.8628,0.8624,0.9404,0.9252,0.8977,mean,0,-1,-1,-1,-1
pathmnist,active,egl_fc,17,pathmnist-final_active_best-egl_fc-init3p-batch3pb-epc5-budget30p-17.pth,2103,637,21026,3.0,30.0,3.0,5,23129,cycle,10,8473,val,0.055,0.8629,0.8599,0.9557,0.9438,0.9056,mean,0,-1,-1,-1,-1
pathmnist,active,egl_fc,17,pathmnist-final_active_best-egl_fc-init3p-batch3pb-epc5-budget30p-17.pth,2103,637,21026,3.0,30.0,3.0,5,23129,cycle,11,9110,val,0.0457,0.9145,0.9142,0.9701,0.961,0.9399,mean,1,-1,-1,-1,-1
pathmnist,active,egl_fc,17,pathmnist-final_active_best-egl_fc-init3p-batch3pb-epc5-budget30p-17.pth,2103,637,21026,3.0,30.0,3.0,5,23129,cycle,12,9747,val,0.0501,0.8566,0.8552,0.9349,0.9209,0.8919,mean,0,-1,-1,-1,-1
pathmnist,active,egl_fc,17,pathmnist-final_active_best-egl_fc-init3p-batch3pb-epc5-budget30p-17.pth,2103,637,21026,3.0,30.0,3.0,5,23129,cycle,13,10384,val,0.0734,0.91,0.9091,0.9731,0.9681,0.9401,mean,1,-1,-1,-1,-1
pathmnist,active,egl_fc,17,pathmnist-final_active_best-egl_fc-init3p-batch3pb-epc5-budget30p-17.pth,2103,637,21026,3.0,30.0,3.0,5,23129,cycle,14,11021,val,0.0374,0.9121,0.9111,0.9737,0.9677,0.9412,mean,1,-1,-1,-1,-1
pathmnist,active,egl_fc,17,pathmnist-final_active_best-egl_fc-init3p-batch3pb-epc5-budget30p-17.pth,2103,637,21026,3.0,30.0,3.0,5,23129,cycle,15,11658,val,0.0408,0.9031,0.9028,0.9639,0.9555,0.9313,mean,0,-1,-1,-1,-1
pathmnist,active,egl_fc,17,pathmnist-final_active_best-egl_fc-init3p-batch3pb-epc5-budget30p-17.pth,2103,637,21026,3.0,30.0,3.0,5,23129,cycle,16,12295,val,0.0369,0.9067,0.9066,0.9676,0.9595,0.9351,mean,0,-1,-1,-1,-1
pathmnist,active,egl_fc,17,pathmnist-final_active_best-egl_fc-init3p-batch3pb-epc5-budget30p-17.pth,2103,637,21026,3.0,30.0,3.0,5,23129,cycle,17,12932,val,0.0354,0.8949,0.893,0.9723,0.9673,0.9319,mean,0,-1,-1,-1,-1
pathmnist,active,egl_fc,17,pathmnist-final_active_best-egl_fc-init3p-batch3pb-epc5-budget30p-17.pth,2103,637,21026,3.0,30.0,3.0,5,23129,cycle,18,13569,val,0.1212,0.9126,0.9126,0.9739,0.9673,0.9416,mean,1,-1,-1,-1,-1
pathmnist,active,egl_fc,17,pathmnist-final_active_best-egl_fc-init3p-batch3pb-epc5-budget30p-17.pth,2103,637,21026,3.0,30.0,3.0,5,23129,cycle,19,14206,val,0.0319,0.9175,0.917,0.9719,0.9627,0.9423,mean,1,-1,-1,-1,-1
pathmnist,active,egl_fc,17,pathmnist-final_active_best-egl_fc-init3p-batch3pb-epc5-budget30p-17.pth,2103,637,21026,3.0,30.0,3.0,5,23129,cycle,20,14843,val,0.0305,0.9217,0.9215,0.9738,0.9643,0.9453,mean,1,-1,-1,-1,-1
pathmnist,active,egl_fc,17,pathmnist-final_active_best-egl_fc-init3p-batch3pb-epc5-budget30p-17.pth,2103,637,21026,3.0,30.0,3.0,5,23129,cycle,21,15480,val,0.0321,0.8408,0.8398,0.9594,0.9429,0.8957,mean,0,-1,-1,-1,-1
pathmnist,active,egl_fc,17,pathmnist-final_active_best-egl_fc-init3p-batch3pb-epc5-budget30p-17.pth,2103,637,21026,3.0,30.0,3.0,5,23129,cycle,22,16117,val,0.0238,0.786,0.7846,0.8738,0.8421,0.8216,mean,0,-1,-1,-1,-1
pathmnist,active,egl_fc,17,pathmnist-final_active_best-egl_fc-init3p-batch3pb-epc5-budget30p-17.pth,2103,637,21026,3.0,30.0,3.0,5,23129,cycle,23,16754,val,0.0237,0.9159,0.915,0.9737,0.9698,0.9436,mean,0,-1,-1,-1,-1
pathmnist,active,egl_fc,17,pathmnist-final_active_best-egl_fc-init3p-batch3pb-epc5-budget30p-17.pth,2103,637,21026,3.0,30.0,3.0,5,23129,cycle,24,17391,val,0.0267,0.8981,0.8971,0.9592,0.9527,0.9268,mean,0,-1,-1,-1,-1
pathmnist,active,egl_fc,17,pathmnist-final_active_best-egl_fc-init3p-batch3pb-epc5-budget30p-17.pth,2103,637,21026,3.0,30.0,3.0,5,23129,cycle,25,18028,val,0.0265,0.858,0.8555,0.9357,0.929,0.8945,mean,0,-1,-1,-1,-1
pathmnist,active,egl_fc,17,pathmnist-final_active_best-egl_fc-init3p-batch3pb-epc5-budget30p-17.pth,2103,637,21026,3.0,30.0,3.0,5,23129,cycle,26,18665,val,0.0316,0.7388,0.7387,0.7859,0.6406,0.726,mean,0,-1,-1,-1,-1
pathmnist,active,egl_fc,17,pathmnist-final_active_best-egl_fc-init3p-batch3pb-epc5-budget30p-17.pth,2103,637,21026,3.0,30.0,3.0,5,23129,cycle,27,19302,val,0.0367,0.9022,0.9018,0.9611,0.9526,0.9294,mean,0,-1,-1,-1,-1
pathmnist,active,egl_fc,17,pathmnist-final_active_best-egl_fc-init3p-batch3pb-epc5-budget30p-17.pth,2103,637,21026,3.0,30.0,3.0,5,23129,cycle,28,19939,val,0.0168,0.9226,0.9224,0.9742,0.9682,0.9468,mean,1,-1,-1,-1,-1
pathmnist,active,egl_fc,17,pathmnist-final_active_best-egl_fc-init3p-batch3pb-epc5-budget30p-17.pth,2103,637,21026,3.0,30.0,3.0,5,23129,cycle,29,20576,val,0.0226,0.8999,0.8999,0.9719,0.9615,0.9333,mean,0,-1,-1,-1,-1
pathmnist,active,egl_fc,17,pathmnist-final_active_best-egl_fc-init3p-batch3pb-epc5-budget30p-17.pth,2103,637,21026,3.0,30.0,3.0,5,23129,cycle,30,21213,val,0.0195,0.9276,0.9275,0.9775,0.9688,0.9504,mean,1,-1,-1,-1,-1
pathmnist,active,egl_fc,17,pathmnist-final_active_best-egl_fc-init3p-batch3pb-epc5-budget30p-17.pth,2103,637,21026,3.0,30.0,3.0,5,23129,cycle,31,21850,val,0.0223,0.9197,0.9193,0.9758,0.9716,0.9466,mean,0,-1,-1,-1,-1
pathmnist,active,egl_fc,17,pathmnist-final_active_best-egl_fc-init3p-batch3pb-epc5-budget30p-17.pth,2103,637,21026,3.0,30.0,3.0,5,23129,cycle,32,22487,val,0.0205,0.9349,0.9347,0.9821,0.9781,0.9574,mean,1,-1,-1,-1,-1
pathmnist,active,egl_fc,17,pathmnist-final_active_best-egl_fc-init3p-batch3pb-epc5-budget30p-17.pth,2103,637,21026,3.0,30.0,3.0,5,23129,cycle,33,23129,val,0.0231,0.8841,0.8838,0.9543,0.9452,0.9169,mean,0,-1,-1,-1,-1
pathmnist,active,egl_fc,17,pathmnist-final_active_best-egl_fc-init3p-batch3pb-epc5-budget30p-17.pth,2103,637,21026,3.0,30.0,3.0,5,23129,final,-1,22487,test,-1,0.8831,0.8725,0.9518,0.9105,,mean,-1,1693,366,3340,300
pathmnist,active,egl_fc,246,pathmnist-final_active_best-egl_fc-init3p-batch3pb-epc5-budget30p-246.pth,2103,637,21026,3.0,30.0,3.0,5,23129,cycle,0,2103,val,0.335,0.8075,0.8016,0.9119,0.8971,0.8545,mean,1,-1,-1,-1,-1
pathmnist,active,egl_fc,246,pathmnist-final_active_best-egl_fc-init3p-batch3pb-epc5-budget30p-246.pth,2103,637,21026,3.0,30.0,3.0,5,23129,cycle,1,2740,val,0.1892,0.7986,0.7899,0.8786,0.8829,0.8375,mean,0,-1,-1,-1,-1
pathmnist,active,egl_fc,246,pathmnist-final_active_best-egl_fc-init3p-batch3pb-epc5-budget30p-246.pth,2103,637,21026,3.0,30.0,3.0,5,23129,cycle,2,3377,val,0.1728,0.7602,0.7481,0.8351,0.8416,0.7963,mean,0,-1,-1,-1,-1
pathmnist,active,egl_fc,246,pathmnist-final_active_best-egl_fc-init3p-batch3pb-epc5-budget30p-246.pth,2103,637,21026,3.0,30.0,3.0,5,23129,cycle,3,4014,val,0.0878,0.7937,0.7895,0.8907,0.8839,0.8395,mean,0,-1,-1,-1,-1
pathmnist,active,egl_fc,246,pathmnist-final_active_best-egl_fc-init3p-batch3pb-epc5-budget30p-246.pth,2103,637,21026,3.0,30.0,3.0,5,23129,cycle,4,4651,val,0.0863,0.8661,0.8661,0.9432,0.9269,0.9006,mean,1,-1,-1,-1,-1
pathmnist,active,egl_fc,246,pathmnist-final_active_best-egl_fc-init3p-batch3pb-epc5-budget30p-246.pth,2103,637,21026,3.0,30.0,3.0,5,23129,cycle,5,5288,val,0.0789,0.8672,0.8641,0.9491,0.942,0.9056,mean,1,-1,-1,-1,-1
pathmnist,active,egl_fc,246,pathmnist-final_active_best-egl_fc-init3p-batch3pb-epc5-budget30p-246.pth,2103,637,21026,3.0,30.0,3.0,5,23129,cycle,6,5925,val,0.0782,0.8421,0.8414,0.946,0.9234,0.8882,mean,0,-1,-1,-1,-1
pathmnist,active,egl_fc,246,pathmnist-final_active_best-egl_fc-init3p-batch3pb-epc5-budget30p-246.pth,2103,637,21026,3.0,30.0,3.0,5,23129,cycle,7,6562,val,0.0633,0.8767,0.8763,0.945,0.9283,0.9065,mean,1,-1,-1,-1,-1
pathmnist,active,egl_fc,246,pathmnist-final_active_best-egl_fc-init3p-batch3pb-epc5-budget30p-246.pth,2103,637,21026,3.0,30.0,3.0,5,23129,cycle,8,7199,val,0.127,0.9057,0.9054,0.9641,0.9545,0.9324,mean,1,-1,-1,-1,-1
pathmnist,active,egl_fc,246,pathmnist-final_active_best-egl_fc-init3p-batch3pb-epc5-budget30p-246.pth,2103,637,21026,3.0,30.0,3.0,5,23129,cycle,9,7836,val,0.0666,0.6053,0.5494,0.7267,0.6617,0.6358,mean,0,-1,-1,-1,-1
pathmnist,active,egl_fc,246,pathmnist-final_active_best-egl_fc-init3p-batch3pb-epc5-budget30p-246.pth,2103,637,21026,3.0,30.0,3.0,5,23129,cycle,10,8473,val,0.0393,0.9118,0.9112,0.968,0.962,0.9383,mean,1,-1,-1,-1,-1
pathmnist,active,egl_fc,246,pathmnist-final_active_best-egl_fc-init3p-batch3pb-epc5-budget30p-246.pth,2103,637,21026,3.0,30.0,3.0,5,23129,cycle,11,9110,val,0.049,0.8763,0.8761,0.9507,0.9408,0.911,mean,0,-1,-1,-1,-1
pathmnist,active,egl_fc,246,pathmnist-final_active_best-egl_fc-init3p-batch3pb-epc5-budget30p-246.pth,2103,637,21026,3.0,30.0,3.0,5,23129,cycle,12,9747,val,0.05,0.8967,0.896,0.9538,0.943,0.9224,mean,0,-1,-1,-1,-1
pathmnist,active,egl_fc,246,pathmnist-final_active_best-egl_fc-init3p-batch3pb-epc5-budget30p-246.pth,2103,637,21026,3.0,30.0,3.0,5,23129,cycle,13,10384,val,0.0389,0.906,0.9057,0.9662,0.954,0.933,mean,0,-1,-1,-1,-1
pathmnist,active,egl_fc,246,pathmnist-final_active_best-egl_fc-init3p-batch3pb-epc5-budget30p-246.pth,2103,637,21026,3.0,30.0,3.0,5,23129,cycle,14,11021,val,0.0422,0.8776,0.8756,0.96,0.9462,0.9148,mean,0,-1,-1,-1,-1
pathmnist,active,egl_fc,246,pathmnist-final_active_best-egl_fc-init3p-batch3pb-epc5-budget30p-246.pth,2103,637,21026,3.0,30.0,3.0,5,23129,cycle,15,11658,val,0.0371,0.8851,0.8851,0.956,0.9422,0.9171,mean,0,-1,-1,-1,-1
pathmnist,active,egl_fc,246,pathmnist-final_active_best-egl_fc-init3p-batch3pb-epc5-budget30p-246.pth,2103,637,21026,3.0,30.0,3.0,5,23129,cycle,16,12295,val,0.0348,0.8826,0.8814,0.9516,0.9383,0.9135,mean,0,-1,-1,-1,-1
pathmnist,active,egl_fc,246,pathmnist-final_active_best-egl_fc-init3p-batch3pb-epc5-budget30p-246.pth,2103,637,21026,3.0,30.0,3.0,5,23129,cycle,17,12932,val,0.0339,0.8467,0.8425,0.9252,0.925,0.8848,mean,0,-1,-1,-1,-1
pathmnist,active,egl_fc,246,pathmnist-final_active_best-egl_fc-init3p-batch3pb-epc5-budget30p-246.pth,2103,637,21026,3.0,30.0,3.0,5,23129,cycle,18,13569,val,0.0337,0.8524,0.8517,0.9249,0.9045,0.8833,mean,0,-1,-1,-1,-1
pathmnist,active,egl_fc,246,pathmnist-final_active_best-egl_fc-init3p-batch3pb-epc5-budget30p-246.pth,2103,637,21026,3.0,30.0,3.0,5,23129,cycle,19,14206,val,0.0271,0.8959,0.8948,0.9619,0.9562,0.9272,mean,0,-1,-1,-1,-1
pathmnist,active,egl_fc,246,pathmnist-final_active_best-egl_fc-init3p-batch3pb-epc5-budget30p-246.pth,2103,637,21026,3.0,30.0,3.0,5,23129,cycle,20,14843,val,0.0477,0.9271,0.9266,0.9776,0.9718,0.9508,mean,1,-1,-1,-1,-1
pathmnist,active,egl_fc,246,pathmnist-final_active_best-egl_fc-init3p-batch3pb-epc5-budget30p-246.pth,2103,637,21026,3.0,30.0,3.0,5,23129,cycle,21,15480,val,0.0276,0.8877,0.8862,0.9623,0.9539,0.9225,mean,0,-1,-1,-1,-1
pathmnist,active,egl_fc,246,pathmnist-final_active_best-egl_fc-init3p-batch3pb-epc5-budget30p-246.pth,2103,637,21026,3.0,30.0,3.0,5,23129,cycle,22,16117,val,0.0245,0.9325,0.9322,0.9803,0.9758,0.9552,mean,1,-1,-1,-1,-1
pathmnist,active,egl_fc,246,pathmnist-final_active_best-egl_fc-init3p-batch3pb-epc5-budget30p-246.pth,2103,637,21026,3.0,30.0,3.0,5,23129,cycle,23,16754,val,0.0614,0.9181,0.9179,0.9748,0.9678,0.9446,mean,0,-1,-1,-1,-1
pathmnist,active,egl_fc,246,pathmnist-final_active_best-egl_fc-init3p-batch3pb-epc5-budget30p-246.pth,2103,637,21026,3.0,30.0,3.0,5,23129,cycle,24,17391,val,0.0321,0.8918,0.891,0.9589,0.9504,0.923,mean,0,-1,-1,-1,-1
pathmnist,active,egl_fc,246,pathmnist-final_active_best-egl_fc-init3p-batch3pb-epc5-budget30p-246.pth,2103,637,21026,3.0,30.0,3.0,5,23129,cycle,25,18028,val,0.0227,0.9085,0.9085,0.971,0.9579,0.9365,mean,0,-1,-1,-1,-1
pathmnist,active,egl_fc,246,pathmnist-final_active_best-egl_fc-init3p-batch3pb-epc5-budget30p-246.pth,2103,637,21026,3.0,30.0,3.0,5,23129,cycle,26,18665,val,0.0245,0.9095,0.9094,0.9668,0.9571,0.9357,mean,0,-1,-1,-1,-1
pathmnist,active,egl_fc,246,pathmnist-final_active_best-egl_fc-init3p-batch3pb-epc5-budget30p-246.pth,2103,637,21026,3.0,30.0,3.0,5,23129,cycle,27,19302,val,0.026,0.8765,0.8749,0.9545,0.948,0.9135,mean,0,-1,-1,-1,-1
pathmnist,active,egl_fc,246,pathmnist-final_active_best-egl_fc-init3p-batch3pb-epc5-budget30p-246.pth,2103,637,21026,3.0,30.0,3.0,5,23129,cycle,28,19939,val,0.036,0.9164,0.916,0.973,0.9652,0.9426,mean,0,-1,-1,-1,-1
pathmnist,active,egl_fc,246,pathmnist-final_active_best-egl_fc-init3p-batch3pb-epc5-budget30p-246.pth,2103,637,21026,3.0,30.0,3.0,5,23129,cycle,29,20576,val,0.0205,0.8518,0.8493,0.9334,0.9163,0.8877,mean,0,-1,-1,-1,-1
pathmnist,active,egl_fc,246,pathmnist-final_active_best-egl_fc-init3p-batch3pb-epc5-budget30p-246.pth,2103,637,21026,3.0,30.0,3.0,5,23129,cycle,30,21213,val,0.0179,0.7764,0.7741,0.8728,0.8211,0.8111,mean,0,-1,-1,-1,-1
pathmnist,active,egl_fc,246,pathmnist-final_active_best-egl_fc-init3p-batch3pb-epc5-budget30p-246.pth,2103,637,21026,3.0,30.0,3.0,5,23129,cycle,31,21850,val,0.0161,0.9226,0.9222,0.9768,0.9724,0.9485,mean,0,-1,-1,-1,-1
pathmnist,active,egl_fc,246,pathmnist-final_active_best-egl_fc-init3p-batch3pb-epc5-budget30p-246.pth,2103,637,21026,3.0,30.0,3.0,5,23129,cycle,32,22487,val,0.0196,0.9181,0.9175,0.9739,0.9688,0.9446,mean,0,-1,-1,-1,-1
pathmnist,active,egl_fc,246,pathmnist-final_active_best-egl_fc-init3p-batch3pb-epc5-budget30p-246.pth,2103,637,21026,3.0,30.0,3.0,5,23129,cycle,33,23129,val,0.0208,0.9304,0.9303,0.9789,0.9719,0.9529,mean,0,-1,-1,-1,-1
pathmnist,active,egl_fc,246,pathmnist-final_active_best-egl_fc-init3p-batch3pb-epc5-budget30p-246.pth,2103,637,21026,3.0,30.0,3.0,5,23129,final,-1,16117,test,-1,0.8917,0.8848,0.96,0.9172,,mean,-1,1842,466,3240,151
pathmnist,active,egl_fc,9012,pathmnist-final_active_best-egl_fc-init3p-batch3pb-epc5-budget30p-9012.pth,2103,637,21026,3.0,30.0,3.0,5,23129,cycle,0,2103,val,0.3476,0.8125,0.808,0.919,0.8976,0.8593,mean,1,-1,-1,-1,-1
pathmnist,active,egl_fc,9012,pathmnist-final_active_best-egl_fc-init3p-batch3pb-epc5-budget30p-9012.pth,2103,637,21026,3.0,30.0,3.0,5,23129,cycle,1,2740,val,0.1895,0.7958,0.7888,0.9112,0.8889,0.8462,mean,0,-1,-1,-1,-1
pathmnist,active,egl_fc,9012,pathmnist-final_active_best-egl_fc-init3p-batch3pb-epc5-budget30p-9012.pth,2103,637,21026,3.0,30.0,3.0,5,23129,cycle,2,3377,val,0.1339,0.8455,0.8453,0.9342,0.918,0.8857,mean,1,-1,-1,-1,-1
pathmnist,active,egl_fc,9012,pathmnist-final_active_best-egl_fc-init3p-batch3pb-epc5-budget30p-9012.pth,2103,637,21026,3.0,30.0,3.0,5,23129,cycle,3,4014,val,0.1664,0.8677,0.8674,0.9401,0.9251,0.9001,mean,1,-1,-1,-1,-1
pathmnist,active,egl_fc,9012,pathmnist-final_active_best-egl_fc-init3p-batch3pb-epc5-budget30p-9012.pth,2103,637,21026,3.0,30.0,3.0,5,23129,cycle,4,4651,val,0.1047,0.8077,0.8009,0.9173,0.9048,0.8577,mean,0,-1,-1,-1,-1
pathmnist,active,egl_fc,9012,pathmnist-final_active_best-egl_fc-init3p-batch3pb-epc5-budget30p-9012.pth,2103,637,21026,3.0,30.0,3.0,5,23129,cycle,5,5288,val,0.0884,0.8702,0.8702,0.9534,0.9417,0.9089,mean,1,-1,-1,-1,-1
pathmnist,active,egl_fc,9012,pathmnist-final_active_best-egl_fc-init3p-batch3pb-epc5-budget30p-9012.pth,2103,637,21026,3.0,30.0,3.0,5,23129,cycle,6,5925,val,0.0867,0.8655,0.8649,0.9368,0.9163,0.8959,mean,0,-1,-1,-1,-1
pathmnist,active,egl_fc,9012,pathmnist-final_active_best-egl_fc-init3p-batch3pb-epc5-budget30p-9012.pth,2103,637,21026,3.0,30.0,3.0,5,23129,cycle,7,6562,val,0.0825,0.8729,0.8729,0.9522,0.9367,0.9087,mean,0,-1,-1,-1,-1
pathmnist,active,egl_fc,9012,pathmnist-final_active_best-egl_fc-init3p-batch3pb-epc5-budget30p-9012.pth,2103,637,21026,3.0,30.0,3.0,5,23129,cycle,8,7199,val,0.0557,0.8879,0.8862,0.9616,0.9538,0.9224,mean,1,-1,-1,-1,-1
pathmnist,active,egl_fc,9012,pathmnist-final_active_best-egl_fc-init3p-batch3pb-epc5-budget30p-9012.pth,2103,637,21026,3.0,30.0,3.0,5,23129,cycle,9,7836,val,0.0605,0.9093,0.9089,0.9641,0.9526,0.9337,mean,1,-1,-1,-1,-1
pathmnist,active,egl_fc,9012,pathmnist-final_active_best-egl_fc-init3p-batch3pb-epc5-budget30p-9012.pth,2103,637,21026,3.0,30.0,3.0,5,23129,cycle,10,8473,val,0.0699,0.8474,0.8463,0.9276,0.9124,0.8834,mean,0,-1,-1,-1,-1
pathmnist,active,egl_fc,9012,pathmnist-final_active_best-egl_fc-init3p-batch3pb-epc5-budget30p-9012.pth,2103,637,21026,3.0,30.0,3.0,5,23129,cycle,11,9110,val,0.0462,0.8872,0.8872,0.9621,0.9554,0.923,mean,0,-1,-1,-1,-1
pathmnist,active,egl_fc,9012,pathmnist-final_active_best-egl_fc-init3p-batch3pb-epc5-budget30p-9012.pth,2103,637,21026,3.0,30.0,3.0,5,23129,cycle,12,9747,val,0.0435,0.8967,0.8965,0.9626,0.9543,0.9275,mean,0,-1,-1,-1,-1
pathmnist,active,egl_fc,9012,pathmnist-final_active_best-egl_fc-init3p-batch3pb-epc5-budget30p-9012.pth,2103,637,21026,3.0,30.0,3.0,5,23129,cycle,13,10384,val,0.0442,0.8892,0.8876,0.9594,0.9543,0.9226,mean,0,-1,-1,-1,-1
pathmnist,active,egl_fc,9012,pathmnist-final_active_best-egl_fc-init3p-batch3pb-epc5-budget30p-9012.pth,2103,637,21026,3.0,30.0,3.0,5,23129,cycle,14,11021,val,0.0892,0.8021,0.7942,0.8917,0.8773,0.8413,mean,0,-1,-1,-1,-1
pathmnist,active,egl_fc,9012,pathmnist-final_active_best-egl_fc-init3p-batch3pb-epc5-budget30p-9012.pth,2103,637,21026,3.0,30.0,3.0,5,23129,cycle,15,11658,val,0.0636,0.8917,0.8912,0.9564,0.9411,0.9201,mean,0,-1,-1,-1,-1
pathmnist,active,egl_fc,9012,pathmnist-final_active_best-egl_fc-init3p-batch3pb-epc5-budget30p-9012.pth,2103,637,21026,3.0,30.0,3.0,5,23129,cycle,16,12295,val,0.0278,0.8974,0.8972,0.9583,0.9462,0.9248,mean,0,-1,-1,-1,-1
pathmnist,active,egl_fc,9012,pathmnist-final_active_best-egl_fc-init3p-batch3pb-epc5-budget30p-9012.pth,2103,637,21026,3.0,30.0,3.0,5,23129,cycle,17,12932,val,0.0297,0.8773,0.8751,0.9566,0.9515,0.9151,mean,0,-1,-1,-1,-1
pathmnist,active,egl_fc,9012,pathmnist-final_active_best-egl_fc-init3p-batch3pb-epc5-budget30p-9012.pth,2103,637,21026,3.0,30.0,3.0,5,23129,cycle,18,13569,val,0.0358,0.9076,0.9071,0.9643,0.9551,0.9335,mean,0,-1,-1,-1,-1
pathmnist,active,egl_fc,9012,pathmnist-final_active_best-egl_fc-init3p-batch3pb-epc5-budget30p-9012.pth,2103,637,21026,3.0,30.0,3.0,5,23129,cycle,19,14206,val,0.0341,0.8862,0.8861,0.9647,0.9464,0.9208,mean,0,-1,-1,-1,-1
pathmnist,active,egl_fc,9012,pathmnist-final_active_best-egl_fc-init3p-batch3pb-epc5-budget30p-9012.pth,2103,637,21026,3.0,30.0,3.0,5,23129,cycle,20,14843,val,0.0287,0.8727,0.8727,0.9409,0.9092,0.8988,mean,0,-1,-1,-1,-1
pathmnist,active,egl_fc,9012,pathmnist-final_active_best-egl_fc-init3p-batch3pb-epc5-budget30p-9012.pth,2103,637,21026,3.0,30.0,3.0,5,23129,cycle,21,15480,val,0.0261,0.8485,0.8437,0.9568,0.9455,0.8986,mean,0,-1,-1,-1,-1
pathmnist,active,egl_fc,9012,pathmnist-final_active_best-egl_fc-init3p-batch3pb-epc5-budget30p-9012.pth,2103,637,21026,3.0,30.0,3.0,5,23129,cycle,22,16117,val,0.0255,0.8441,0.8388,0.9541,0.9464,0.8958,mean,0,-1,-1,-1,-1
pathmnist,active,egl_fc,9012,pathmnist-final_active_best-egl_fc-init3p-batch3pb-epc5-budget30p-9012.pth,2103,637,21026,3.0,30.0,3.0,5,23129,cycle,23,16754,val,0.023,0.8779,0.8768,0.9514,0.937,0.9108,mean,0,-1,-1,-1,-1
pathmnist,active,egl_fc,9012,pathmnist-final_active_best-egl_fc-init3p-batch3pb-epc5-budget30p-9012.pth,2103,637,21026,3.0,30.0,3.0,5,23129,cycle,24,17391,val,0.0214,0.8983,0.8977,0.9676,0.9611,0.9312,mean,0,-1,-1,-1,-1
pathmnist,active,egl_fc,9012,pathmnist-final_active_best-egl_fc-init3p-batch3pb-epc5-budget30p-9012.pth,2103,637,21026,3.0,30.0,3.0,5,23129,cycle,25,18028,val,0.025,0.901,0.9009,0.9663,0.957,0.9313,mean,0,-1,-1,-1,-1
pathmnist,active,egl_fc,9012,pathmnist-final_active_best-egl_fc-init3p-batch3pb-epc5-budget30p-9012.pth,2103,637,21026,3.0,30.0,3.0,5,23129,cycle,26,18665,val,0.0206,0.7976,0.7965,0.8882,0.8414,0.8309,mean,0,-1,-1,-1,-1
pathmnist,active,egl_fc,9012,pathmnist-final_active_best-egl_fc-init3p-batch3pb-epc5-budget30p-9012.pth,2103,637,21026,3.0,30.0,3.0,5,23129,cycle,27,19302,val,0.0195,0.9172,0.9171,0.9748,0.9665,0.9439,mean,1,-1,-1,-1,-1
pathmnist,active,egl_fc,9012,pathmnist-final_active_best-egl_fc-init3p-batch3pb-epc5-budget30p-9012.pth,2103,637,21026,3.0,30.0,3.0,5,23129,cycle,28,19939,val,0.0494,0.9313,0.931,0.9778,0.9701,0.9526,mean,1,-1,-1,-1,-1
pathmnist,active,egl_fc,9012,pathmnist-final_active_best-egl_fc-init3p-batch3pb-epc5-budget30p-9012.pth,2103,637,21026,3.0,30.0,3.0,5,23129,cycle,29,20576,val,0.019,0.9357,0.9353,0.9825,0.9784,0.958,mean,1,-1,-1,-1,-1
pathmnist,active,egl_fc,9012,pathmnist-final_active_best-egl_fc-init3p-batch3pb-epc5-budget30p-9012.pth,2103,637,21026,3.0,30.0,3.0,5,23129,cycle,30,21213,val,0.0219,0.9397,0.9394,0.9834,0.9782,0.9602,mean,1,-1,-1,-1,-1
pathmnist,active,egl_fc,9012,pathmnist-final_active_best-egl_fc-init3p-batch3pb-epc5-budget30p-9012.pth,2103,637,21026,3.0,30.0,3.0,5,23129,cycle,31,21850,val,0.0264,0.9291,0.9287,0.9788,0.9744,0.9528,mean,0,-1,-1,-1,-1
pathmnist,active,egl_fc,9012,pathmnist-final_active_best-egl_fc-init3p-batch3pb-epc5-budget30p-9012.pth,2103,637,21026,3.0,30.0,3.0,5,23129,cycle,32,22487,val,0.0221,0.9253,0.9249,0.9769,0.9695,0.9492,mean,0,-1,-1,-1,-1
pathmnist,active,egl_fc,9012,pathmnist-final_active_best-egl_fc-init3p-batch3pb-epc5-budget30p-9012.pth,2103,637,21026,3.0,30.0,3.0,5,23129,cycle,33,23129,val,0.022,0.9229,0.9225,0.9758,0.9693,0.9476,mean,0,-1,-1,-1,-1
pathmnist,active,egl_fc,9012,pathmnist-final_active_best-egl_fc-init3p-batch3pb-epc5-budget30p-9012.pth,2103,637,21026,3.0,30.0,3.0,5,23129,final,-1,21213,test,-1,0.8868,0.8777,0.9542,0.9145,,mean,-1,1747,399,3307,246
pathmnist,active,egl_fc,34895,pathmnist-final_active_best-egl_fc-init3p-batch3pb-epc5-budget30p-34895.pth,2103,637,21026,3.0,30.0,3.0,5,23129,cycle,0,2103,val,0.3083,0.8604,0.8591,0.9352,0.9153,0.8925,mean,1,-1,-1,-1,-1
pathmnist,active,egl_fc,34895,pathmnist-final_active_best-egl_fc-init3p-batch3pb-epc5-budget30p-34895.pth,2103,637,21026,3.0,30.0,3.0,5,23129,cycle,1,2740,val,0.2129,0.8344,0.8332,0.9228,0.9095,0.875,mean,0,-1,-1,-1,-1
pathmnist,active,egl_fc,34895,pathmnist-final_active_best-egl_fc-init3p-batch3pb-epc5-budget30p-34895.pth,2103,637,21026,3.0,30.0,3.0,5,23129,cycle,2,3377,val,0.1451,0.8641,0.8638,0.9368,0.9284,0.8983,mean,1,-1,-1,-1,-1
pathmnist,active,egl_fc,34895,pathmnist-final_active_best-egl_fc-init3p-batch3pb-epc5-budget30p-34895.pth,2103,637,21026,3.0,30.0,3.0,5,23129,cycle,3,4014,val,0.1218,0.7873,0.7761,0.906,0.8986,0.842,mean,0,-1,-1,-1,-1
pathmnist,active,egl_fc,34895,pathmnist-final_active_best-egl_fc-init3p-batch3pb-epc5-budget30p-34895.pth,2103,637,21026,3.0,30.0,3.0,5,23129,cycle,4,4651,val,0.0943,0.847,0.8469,0.9266,0.9184,0.8847,mean,0,-1,-1,-1,-1
pathmnist,active,egl_fc,34895,pathmnist-final_active_best-egl_fc-init3p-batch3pb-epc5-budget30p-34895.pth,2103,637,21026,3.0,30.0,3.0,5,23129,cycle,5,5288,val,0.0768,0.8397,0.8378,0.932,0.9207,0.8825,mean,0,-1,-1,-1,-1
pathmnist,active,egl_fc,34895,pathmnist-final_active_best-egl_fc-init3p-batch3pb-epc5-budget30p-34895.pth,2103,637,21026,3.0,30.0,3.0,5,23129,cycle,6,5925,val,0.0864,0.884,0.8837,0.9543,0.9454,0.9168,mean,1,-1,-1,-1,-1
pathmnist,active,egl_fc,34895,pathmnist-final_active_best-egl_fc-init3p-batch3pb-epc5-budget30p-34895.pth,2103,637,21026,3.0,30.0,3.0,5,23129,cycle,7,6562,val,0.0685,0.9017,0.9016,0.9708,0.9664,0.9351,mean,1,-1,-1,-1,-1
pathmnist,active,egl_fc,34895,pathmnist-final_active_best-egl_fc-init3p-batch3pb-epc5-budget30p-34895.pth,2103,637,21026,3.0,30.0,3.0,5,23129,cycle,8,7199,val,0.1586,0.8177,0.8167,0.935,0.9241,0.8734,mean,0,-1,-1,-1,-1
pathmnist,active,egl_fc,34895,pathmnist-final_active_best-egl_fc-init3p-batch3pb-epc5-budget30p-34895.pth,2103,637,21026,3.0,30.0,3.0,5,23129,cycle,9,7836,val,0.1127,0.8695,0.8692,0.9431,0.9338,0.9039,mean,0,-1,-1,-1,-1
pathmnist,active,egl_fc,34895,pathmnist-final_active_best-egl_fc-init3p-batch3pb-epc5-budget30p-34895.pth,2103,637,21026,3.0,30.0,3.0,5,23129,cycle,10,8473,val,0.0469,0.8362,0.8318,0.9247,0.9187,0.8778,mean,0,-1,-1,-1,-1
pathmnist,active,egl_fc,34895,pathmnist-final_active_best-egl_fc-init3p-batch3pb-epc5-budget30p-34895.pth,2103,637,21026,3.0,30.0,3.0,5,23129,cycle,11,9110,val,0.0468,0.8406,0.8361,0.9425,0.9333,0.8881,mean,0,-1,-1,-1,-1
pathmnist,active,egl_fc,34895,pathmnist-final_active_best-egl_fc-init3p-batch3pb-epc5-budget30p-34895.pth,2103,637,21026,3.0,30.0,3.0,5,23129,cycle,12,9747,val,0.0404,0.847,0.8442,0.9263,0.9189,0.8841,mean,0,-1,-1,-1,-1
pathmnist,active,egl_fc,34895,pathmnist-final_active_best-egl_fc-init3p-batch3pb-epc5-budget30p-34895.pth,2103,637,21026,3.0,30.0,3.0,5,23129,cycle,13,10384,val,0.0445,0.8858,0.8837,0.9611,0.9576,0.9221,mean,0,-1,-1,-1,-1
pathmnist,active,egl_fc,34895,pathmnist-final_active_best-egl_fc-init3p-batch3pb-epc5-budget30p-34895.pth,2103,637,21026,3.0,30.0,3.0,5,23129,cycle,14,11021,val,0.0495,0.8998,0.899,0.9652,0.9593,0.9308,mean,0,-1,-1,-1,-1
pathmnist,active,egl_fc,34895,pathmnist-final_active_best-egl_fc-init3p-batch3pb-epc5-budget30p-34895.pth,2103,637,21026,3.0,30.0,3.0,5,23129,cycle,15,11658,val,0.0453,0.8963,0.8963,0.96,0.9487,0.9253,mean,0,-1,-1,-1,-1
pathmnist,active,egl_fc,34895,pathmnist-final_active_best-egl_fc-init3p-batch3pb-epc5-budget30p-34895.pth,2103,637,21026,3.0,30.0,3.0,5,23129,cycle,16,12295,val,0.0399,0.9204,0.92,0.9754,0.9697,0.9464,mean,1,-1,-1,-1,-1
pathmnist,active,egl_fc,34895,pathmnist-final_active_best-egl_fc-init3p-batch3pb-epc5-budget30p-34895.pth,2103,637,21026,3.0,30.0,3.0,5,23129,cycle,17,12932,val,0.0402,0.9217,0.9215,0.9763,0.9729,0.9481,mean,1,-1,-1,-1,-1
pathmnist,active,egl_fc,34895,pathmnist-final_active_best-egl_fc-init3p-batch3pb-epc5-budget30p-34895.pth,2103,637,21026,3.0,30.0,3.0,5,23129,cycle,18,13569,val,0.0386,0.9059,0.9053,0.9672,0.9622,0.9352,mean,0,-1,-1,-1,-1
pathmnist,active,egl_fc,34895,pathmnist-final_active_best-egl_fc-init3p-batch3pb-epc5-budget30p-34895.pth,2103,637,21026,3.0,30.0,3.0,5,23129,cycle,19,14206,val,0.0346,0.803,0.7987,0.8854,0.8732,0.84,mean,0,-1,-1,-1,-1
pathmnist,active,egl_fc,34895,pathmnist-final_active_best-egl_fc-init3p-batch3pb-epc5-budget30p-34895.pth,2103,637,21026,3.0,30.0,3.0,5,23129,cycle,20,14843,val,0.0298,0.8954,0.8936,0.97,0.9661,0.9313,mean,0,-1,-1,-1,-1
pathmnist,active,egl_fc,34895,pathmnist-final_active_best-egl_fc-init3p-batch3pb-epc5-budget30p-34895.pth,2103,637,21026,3.0,30.0,3.0,5,23129,cycle,21,15480,val,0.0282,0.917,0.9167,0.9736,0.9664,0.9434,mean,0,-1,-1,-1,-1
pathmnist,active,egl_fc,34895,pathmnist-final_active_best-egl_fc-init3p-batch3pb-epc5-budget30p-34895.pth,2103,637,21026,3.0,30.0,3.0,5,23129,cycle,22,16117,val,0.0408,0.8456,0.8443,0.9228,0.9042,0.8792,mean,0,-1,-1,-1,-1
pathmnist,active,egl_fc,34895,pathmnist-final_active_best-egl_fc-init3p-batch3pb-epc5-budget30p-34895.pth,2103,637,21026,3.0,30.0,3.0,5,23129,cycle,23,16754,val,0.0246,0.8715,0.8694,0.9578,0.9485,0.9118,mean,0,-1,-1,-1,-1
pathmnist,active,egl_fc,34895,pathmnist-final_active_best-egl_fc-init3p-batch3pb-epc5-budget30p-34895.pth,2103,637,21026,3.0,30.0,3.0,5,23129,cycle,24,17391,val,0.0224,0.927,0.9266,0.9792,0.9745,0.9518,mean,1,-1,-1,-1,-1
pathmnist,active,egl_fc,34895,pathmnist-final_active_best-egl_fc-init3p-batch3pb-epc5-budget30p-34895.pth,2103,637,21026,3.0,30.0,3.0,5,23129,cycle,25,18028,val,0.0279,0.9222,0.9217,0.9767,0.9703,0.9477,mean,0,-1,-1,-1,-1
pathmnist,active,egl_fc,34895,pathmnist-final_active_best-egl_fc-init3p-batch3pb-epc5-budget30p-34895.pth,2103,637,21026,3.0,30.0,3.0,5,23129,cycle,26,18665,val,0.028,0.9034,0.9028,0.9663,0.9589,0.9328,mean,0,-1,-1,-1,-1
pathmnist,active,egl_fc,34895,pathmnist-final_active_best-egl_fc-init3p-batch3pb-epc5-budget30p-34895.pth,2103,637,21026,3.0,30.0,3.0,5,23129,cycle,27,19302,val,0.0221,0.9132,0.9132,0.9718,0.9603,0.9396,mean,0,-1,-1,-1,-1
pathmnist,active,egl_fc,34895,pathmnist-final_active_best-egl_fc-init3p-batch3pb-epc5-budget30p-34895.pth,2103,637,21026,3.0,30.0,3.0,5,23129,cycle,28,19939,val,0.0191,0.9397,0.9394,0.9831,0.9773,0.9599,mean,1,-1,-1,-1,-1
pathmnist,active,egl_fc,34895,pathmnist-final_active_best-egl_fc-init3p-batch3pb-epc5-budget30p-34895.pth,2103,637,21026,3.0,30.0,3.0,5,23129,cycle,29,20576,val,0.0321,0.7016,0.6811,0.8252,0.7828,0.7477,mean,0,-1,-1,-1,-1
pathmnist,active,egl_fc,34895,pathmnist-final_active_best-egl_fc-init3p-batch3pb-epc5-budget30p-34895.pth,2103,637,21026,3.0,30.0,3.0,5,23129,cycle,30,21213,val,0.0169,0.9321,0.932,0.9797,0.9699,0.9534,mean,0,-1,-1,-1,-1
pathmnist,active,egl_fc,34895,pathmnist-final_active_best-egl_fc-init3p-batch3pb-epc5-budget30p-34895.pth,2103,637,21026,3.0,30.0,3.0,5,23129,cycle,31,21850,val,0.0221,0.8698,0.8673,0.9501,0.941,0.9071,mean,0,-1,-1,-1,-1
pathmnist,active,egl_fc,34895,pathmnist-final_active_best-egl_fc-init3p-batch3pb-epc5-budget30p-34895.pth,2103,637,21026,3.0,30.0,3.0,5,23129,cycle,32,22487,val,0.0157,0.9148,0.9145,0.9731,0.9646,0.9417,mean,0,-1,-1,-1,-1
pathmnist,active,egl_fc,34895,pathmnist-final_active_best-egl_fc-init3p-batch3pb-epc5-budget30p-34895.pth,2103,637,21026,3.0,30.0,3.0,5,23129,cycle,33,23129,val,0.0173,0.915,0.915,0.9731,0.96,0.9408,mean,0,-1,-1,-1,-1
pathmnist,active,egl_fc,34895,pathmnist-final_active_best-egl_fc-init3p-batch3pb-epc5-budget30p-34895.pth,2103,637,21026,3.0,30.0,3.0,5,23129,final,-1,19939,test,-1,0.8956,0.8881,0.9648,0.9415,,mean,-1,1816,418,3288,177
pathmnist,active,egl_fc,148932,pathmnist-final_active_best-egl_fc-init3p-batch3pb-epc5-budget30p-148932.pth,2103,637,21026,3.0,30.0,3.0,5,23129,cycle,0,2103,val,0.3286,0.7038,0.6703,0.8885,0.8641,0.7817,mean,1,-1,-1,-1,-1
pathmnist,active,egl_fc,148932,pathmnist-final_active_best-egl_fc-init3p-batch3pb-epc5-budget30p-148932.pth,2103,637,21026,3.0,30.0,3.0,5,23129,cycle,1,2740,val,0.2037,0.8215,0.8164,0.9272,0.9148,0.87,mean,1,-1,-1,-1,-1
pathmnist,active,egl_fc,148932,pathmnist-final_active_best-egl_fc-init3p-batch3pb-epc5-budget30p-148932.pth,2103,637,21026,3.0,30.0,3.0,5,23129,cycle,2,3377,val,0.1725,0.704,0.6817,0.8116,0.8005,0.7494,mean,0,-1,-1,-1,-1
pathmnist,active,egl_fc,148932,pathmnist-final_active_best-egl_fc-init3p-batch3pb-epc5-budget30p-148932.pth,2103,637,21026,3.0,30.0,3.0,5,23129,cycle,3,4014,val,0.0853,0.8564,0.856,0.9235,0.8863,0.8806,mean,1,-1,-1,-1,-1
pathmnist,active,egl_fc,148932,pathmnist-final_active_best-egl_fc-init3p-batch3pb-epc5-budget30p-148932.pth,2103,637,21026,3.0,30.0,3.0,5,23129,cycle,4,4651,val,0.1044,0.866,0.866,0.9468,0.9363,0.9038,mean,1,-1,-1,-1,-1
pathmnist,active,egl_fc,148932,pathmnist-final_active_best-egl_fc-init3p-batch3pb-epc5-budget30p-148932.pth,2103,637,21026,3.0,30.0,3.0,5,23129,cycle,5,5288,val,0.1196,0.862,0.862,0.9451,0.9317,0.9002,mean,0,-1,-1,-1,-1
pathmnist,active,egl_fc,148932,pathmnist-final_active_best-egl_fc-init3p-batch3pb-epc5-budget30p-148932.pth,2103,637,21026,3.0,30.0,3.0,5,23129,cycle,6,5925,val,0.0979,0.7891,0.7891,0.8769,0.8496,0.8262,mean,0,-1,-1,-1,-1
pathmnist,active,egl_fc,148932,pathmnist-final_active_best-egl_fc-init3p-batch3pb-epc5-budget30p-148932.pth,2103,637,21026,3.0,30.0,3.0,5,23129,cycle,7,6562,val,0.0538,0.8691,0.868,0.9451,0.9329,0.9038,mean,0,-1,-1,-1,-1
pathmnist,active,egl_fc,148932,pathmnist-final_active_best-egl_fc-init3p-batch3pb-epc5-budget30p-148932.pth,2103,637,21026,3.0,30.0,3.0,5,23129,cycle,8,7199,val,0.0587,0.7356,0.7212,0.8846,0.8463,0.7969,mean,0,-1,-1,-1,-1
pathmnist,active,egl_fc,148932,pathmnist-final_active_best-egl_fc-init3p-batch3pb-epc5-budget30p-148932.pth,2103,637,21026,3.0,30.0,3.0,5,23129,cycle,9,7836,val,0.0477,0.8991,0.899,0.9646,0.958,0.9302,mean,1,-1,-1,-1,-1
pathmnist,active,egl_fc,148932,pathmnist-final_active_best-egl_fc-init3p-batch3pb-epc5-budget30p-148932.pth,2103,637,21026,3.0,30.0,3.0,5,23129,cycle,10,8473,val,0.0554,0.8995,0.8989,0.9637,0.9567,0.9297,mean,0,-1,-1,-1,-1
pathmnist,active,egl_fc,148932,pathmnist-final_active_best-egl_fc-init3p-batch3pb-epc5-budget30p-148932.pth,2103,637,21026,3.0,30.0,3.0,5,23129,cycle,11,9110,val,0.0575,0.8939,0.8936,0.9603,0.9527,0.9251,mean,0,-1,-1,-1,-1
pathmnist,active,egl_fc,148932,pathmnist-final_active_best-egl_fc-init3p-batch3pb-epc5-budget30p-148932.pth,2103,637,21026,3.0,30.0,3.0,5,23129,cycle,12,9747,val,0.0496,0.8648,0.8638,0.9411,0.9286,0.8996,mean,0,-1,-1,-1,-1
pathmnist,active,egl_fc,148932,pathmnist-final_active_best-egl_fc-init3p-batch3pb-epc5-budget30p-148932.pth,2103,637,21026,3.0,30.0,3.0,5,23129,cycle,13,10384,val,0.0578,0.8985,0.8975,0.9684,0.9612,0.9314,mean,1,-1,-1,-1,-1
pathmnist,active,egl_fc,148932,pathmnist-final_active_best-egl_fc-init3p-batch3pb-epc5-budget30p-148932.pth,2103,637,21026,3.0,30.0,3.0,5,23129,cycle,14,11021,val,0.042,0.8747,0.8723,0.9528,0.9475,0.9118,mean,0,-1,-1,-1,-1
pathmnist,active,egl_fc,148932,pathmnist-final_active_best-egl_fc-init3p-batch3pb-epc5-budget30p-148932.pth,2103,637,21026,3.0,30.0,3.0,5,23129,cycle,15,11658,val,0.035,0.891,0.8891,0.966,0.9594,0.9264,mean,0,-1,-1,-1,-1
pathmnist,active,egl_fc,148932,pathmnist-final_active_best-egl_fc-init3p-batch3pb-epc5-budget30p-148932.pth,2103,637,21026,3.0,30.0,3.0,5,23129,cycle,16,12295,val,0.0377,0.8383,0.8316,0.9392,0.9394,0.8871,mean,0,-1,-1,-1,-1
pathmnist,active,egl_fc,148932,pathmnist-final_active_best-egl_fc-init3p-batch3pb-epc5-budget30p-148932.pth,2103,637,21026,3.0,30.0,3.0,5,23129,cycle,17,12932,val,0.0327,0.8994,0.8988,0.965,0.9574,0.9302,mean,0,-1,-1,-1,-1
pathmnist,active,egl_fc,148932,pathmnist-final_active_best-egl_fc-init3p-batch3pb-epc5-budget30p-148932.pth,2103,637,21026,3.0,30.0,3.0,5,23129,cycle,18,13569,val,0.0329,0.8654,0.8653,0.932,0.9041,0.8917,mean,0,-1,-1,-1,-1
pathmnist,active,egl_fc,148932,pathmnist-final_active_best-egl_fc-init3p-batch3pb-epc5-budget30p-148932.pth,2103,637,21026,3.0,30.0,3.0,5,23129,cycle,19,14206,val,0.4276,0.899,0.8988,0.9635,0.9572,0.9296,mean,0,-1,-1,-1,-1
pathmnist,active,egl_fc,148932,pathmnist-final_active_best-egl_fc-init3p-batch3pb-epc5-budget30p-148932.pth,2103,637,21026,3.0,30.0,3.0,5,23129,cycle,20,14843,val,0.057,0.9239,0.9236,0.9764,0.9718,0.9489,mean,1,-1,-1,-1,-1
pathmnist,active,egl_fc,148932,pathmnist-final_active_best-egl_fc-init3p-batch3pb-epc5-budget30p-148932.pth,2103,637,21026,3.0,30.0,3.0,5,23129,cycle,21,15480,val,0.0329,0.9153,0.9146,0.972,0.9661,0.942,mean,0,-1,-1,-1,-1
pathmnist,active,egl_fc,148932,pathmnist-final_active_best-egl_fc-init3p-batch3pb-epc5-budget30p-148932.pth,2103,637,21026,3.0,30.0,3.0,5,23129,cycle,22,16117,val,0.0326,0.9064,0.9063,0.9663,0.9577,0.9342,mean,0,-1,-1,-1,-1
pathmnist,active,egl_fc,148932,pathmnist-final_active_best-egl_fc-init3p-batch3pb-epc5-budget30p-148932.pth,2103,637,21026,3.0,30.0,3.0,5,23129,cycle,23,16754,val,0.0322,0.9272,0.9268,0.9792,0.9746,0.952,mean,1,-1,-1,-1,-1
pathmnist,active,egl_fc,148932,pathmnist-final_active_best-egl_fc-init3p-batch3pb-epc5-budget30p-148932.pth,2103,637,21026,3.0,30.0,3.0,5,23129,cycle,24,17391,val,0.0338,0.9144,0.914,0.9722,0.9659,0.9416,mean,0,-1,-1,-1,-1
pathmnist,active,egl_fc,148932,pathmnist-final_active_best-egl_fc-init3p-batch3pb-epc5-budget30p-148932.pth,2103,637,21026,3.0,30.0,3.0,5,23129,cycle,25,18028,val,0.0284,0.9114,0.9108,0.969,0.9633,0.9386,mean,0,-1,-1,-1,-1
pathmnist,active,egl_fc,148932,pathmnist-final_active_best-egl_fc-init3p-batch3pb-epc5-budget30p-148932.pth,2103,637,21026,3.0,30.0,3.0,5,23129,cycle,26,18665,val,0.0253,0.7982,0.7961,0.8868,0.8792,0.8401,mean,0,-1,-1,-1,-1
pathmnist,active,egl_fc,148932,pathmnist-final_active_best-egl_fc-init3p-batch3pb-epc5-budget30p-148932.pth,2103,637,21026,3.0,30.0,3.0,5,23129,cycle,27,19302,val,0.02,0.89,0.8895,0.9551,0.9384,0.9182,mean,0,-1,-1,-1,-1
pathmnist,active,egl_fc,148932,pathmnist-final_active_best-egl_fc-init3p-batch3pb-epc5-budget30p-148932.pth,2103,637,21026,3.0,30.0,3.0,5,23129,cycle,28,19939,val,0.0238,0.9032,0.9032,0.9675,0.9573,0.9328,mean,0,-1,-1,-1,-1
pathmnist,active,egl_fc,148932,pathmnist-final_active_best-egl_fc-init3p-batch3pb-epc5-budget30p-148932.pth,2103,637,21026,3.0,30.0,3.0,5,23129,cycle,29,20576,val,0.035,0.9194,0.9193,0.98,0.9753,0.9485,mean,0,-1,-1,-1,-1
pathmnist,active,egl_fc,148932,pathmnist-final_active_best-egl_fc-init3p-batch3pb-epc5-budget30p-148932.pth,2103,637,21026,3.0,30.0,3.0,5,23129,cycle,30,21213,val,0.0202,0.9325,0.9321,0.9804,0.9739,0.9547,mean,1,-1,-1,-1,-1
pathmnist,active,egl_fc,148932,pathmnist-final_active_best-egl_fc-init3p-batch3pb-epc5-budget30p-148932.pth,2103,637,21026,3.0,30.0,3.0,5,23129,cycle,31,21850,val,0.0227,0.9293,0.929,0.9789,0.9733,0.9526,mean,0,-1,-1,-1,-1
pathmnist,active,egl_fc,148932,pathmnist-final_active_best-egl_fc-init3p-batch3pb-epc5-budget30p-148932.pth,2103,637,21026,3.0,30.0,3.0,5,23129,cycle,32,22487,val,0.0228,0.9221,0.9214,0.9771,0.9739,0.9486,mean,0,-1,-1,-1,-1
pathmnist,active,egl_fc,148932,pathmnist-final_active_best-egl_fc-init3p-batch3pb-epc5-budget30p-148932.pth,2103,637,21026,3.0,30.0,3.0,5,23129,cycle,33,23129,val,0.0203,0.8569,0.8551,0.9419,0.9317,0.8964,mean,0,-1,-1,-1,-1
pathmnist,active,egl_fc,148932,pathmnist-final_active_best-egl_fc-init3p-batch3pb-epc5-budget30p-148932.pth,2103,637,21026,3.0,30.0,3.0,5,23129,final,-1,21213,test,-1,0.8947,0.8862,0.954,0.9087,,mean,-1,1768,375,3331,225
